train_id,train_name,train_type,train_category,railway_zone,latitude,longitude,current_station,previous_station,next_station,section_id,track_id,distance_to_next_station_km,distance_from_previous_station_km,direction,scheduled_arrival_time,scheduled_departure_time,scheduled_journey_time_hrs,scheduled_segment_travel_time_mins,scheduled_distance_km,station_halt_time_mins,timestamp,current_location_km,current_speed_kmh,current_delay_mins,movement_status,stoppage_duration_mins,distance_remaining_km,previous_station_delay,delay_2_stations_ago,delay_3_stations_ago,historical_avg_train_delay,historical_avg_station_delay,historical_avg_section_delay,historical_on_time_pct,historical_segment_travel_time_mins,train_ahead_id,train_ahead_delay_mins,train_ahead_speed_kmh,train_ahead_distance_km,number_of_trains_ahead,distance_between_trains_km,headway_mins,same_track,same_section,section_congestion_index,delay_reason_code,delay_reason,reason_severity,reason_start_time,reason_duration_mins,confirmed_unconfirmed_reason,reason_source,temperature_celsius,rainfall_mm,humidity_pct,wind_speed_kmh,visibility_meters,weather_condition,weather_severity,track_condition,track_vibration_hz,rail_wear_mm,speed_restriction_kmh,track_maintenance_active,signal_status,section_capacity_pct,bearing_temperature_c,axle_temperature_c,brake_condition,brake_pressure_bar,brake_pad_wear_pct,maintenance_status,days_since_maintenance,sensor_health,failure_type,failure_severity,hour,day_of_week,month,season,is_weekend_holiday,is_peak_hour,journey_status,predicted_eta,actual_arrival_time,remaining_travel_time_mins,future_additional_delay_mins,delay_reason_category,propagation_occurred,propagation_delay_mins
35136,Superfast 46,Superfast,Freight,NCR,21.546084,89.660945,BPL,BCT,CNB,SEC-NCR-275,TRK-3,112.47,160.44,Down,2025-01-02 02:35:26,2025-01-02 02:37:26,11.5,158.2,1369.4,7,2025-01-02 04:07:26,603.78,109.2,0.5,Running,0,765.62,19.4,9.1,15.5,7.4,12.2,0.3,67.1,166.5,64568,22.6,56.0,38.85,0,34.77,6.9,0,1,18.2,BLK08,Line Block / Engineering Work,High,2025-01-02 03:02:26,53,Unconfirmed,ML_Inference,30.6,2.7,63.3,7.5,20.0,Rain,Low,Poor,28.02,2.25,0,0,Green,70.7,56.1,64.5,Excellent,5.09,31.1,Overdue,242,Healthy,No_Failure,No_Failure,4,Thursday,1,Winter,False,False,Completed,2025-01-02 02:50:32,2025-01-02 02:48:32,0.0,14.6,Infrastructure,True,7.9
67276,MEMU 19,MEMU,Freight,WCR,19.408311,80.125851,AGC,HWH,DHN,SEC-WCR-946,TRK-2,175.7,131.1,Down,2025-01-02 04:59:09,2025-01-02 05:03:09,20.01,43.9,70.6,2,2025-01-02 05:53:09,38.4,74.1,24.1,Slow_Running,0,32.2,10.7,7.9,18.5,18.9,17.5,19.3,78.0,43.9,16644,8.2,87.0,32.37,0,18.04,21.5,1,1,22.1,BLK08,Line Block / Engineering Work,High,2025-01-02 04:55:09,11,Auto-Detected,ML_Inference,13.7,0.9,80.6,5.7,5644.0,Haze,No_Impact,Excellent,39.91,2.37,30,0,Green,100.0,47.8,40.8,Fair,4.52,83.5,Due_Soon,356,Degraded,Brake_Wear,Minor,5,Thursday,1,Winter,False,False,Completed,2025-01-02 05:37:39,2025-01-02 05:37:39,0.0,14.4,Infrastructure,True,10.8
26462,Express 5,Express,Suburban,SECR,23.609052,86.982601,ASN,ADI,ALD,SEC-SECR-410,TRK-1,6.6,101.14,Up,2025-01-02 05:09:07,2025-01-02 05:24:07,5.51,132.2,1257.8,6,2025-01-02 06:57:07,335.77,90.0,37.1,Halted_Signal,43,922.03,20.7,9.9,12.9,0.0,5.3,4.6,73.0,128.3,23539,15.6,70.5,11.5,0,26.35,34.0,1,1,30.5,WTH03,Adverse Weather,High,2025-01-02 05:19:07,9,Auto-Detected,Control_Office,18.5,6.7,69.9,16.0,8518.0,Rain,Moderate,Poor,39.35,1.92,45,0,Yellow,71.6,62.1,52.9,Excellent,6.42,14.0,Up_to_Date,159,Healthy,No_Failure,No_Failure,6,Thursday,1,Winter,False,False,Completed,2025-01-02 06:06:13,2025-01-02 06:07:25,0.0,20.0,Weather,True,16.8
89346,Passenger 34,Passenger,Long-Distance,NCR,24.149878,80.789627,ALD,SC,AGC,SEC-NCR-360,TRK-2,117.81,115.05,Down,2025-01-02 06:39:58,2025-01-02 06:55:58,25.29,73.0,867.6,5,2025-01-02 08:07:58,664.12,65.0,16.4,Stopped_at_Station,4,203.48,18.1,-5.0,10.1,25.0,6.9,22.4,60.6,74.5,32787,-5.0,68.5,29.41,1,18.29,4.2,1,1,36.6,LCB05,Late Crew Boarding,Low,2025-01-02 06:09:58,71,Unconfirmed,Manual_Report,26.9,0.9,74.3,12.4,2814.0,Heavy_Rain,No_Impact,Good,42.23,1.4,45,0,Double_Yellow,54.3,68.1,49.2,Fair,6.56,69.7,Overdue,51,Offline,No_Failure,No_Failure,8,Thursday,1,Winter,False,True,Completed,2025-01-02 07:05:22,2025-01-02 07:01:46,0.0,9.0,Operational,False,0.0
69453,DEMU 15,DEMU,Long-Distance,SCR,8.988723,92.616174,PNBE,MGS,BPL,SEC-SCR-582,TRK-3,26.44,109.51,Down,2025-01-02 22:36:56,2025-01-02 22:40:56,33.54,57.4,2043.9,15,2025-01-02 22:50:56,1235.35,87.3,7.2,Departed_Late,0,808.55,5.4,1.2,13.2,16.2,26.5,12.9,48.8,48.0,28250,18.7,89.6,6.46,4,26.62,30.0,0,1,3.6,WTH03,Adverse Weather,High,2025-01-02 21:18:56,65,Unconfirmed,Station_Master,22.7,0.3,35.2,12.1,10000.0,Cloudy,No_Impact,Good,40.4,4.81,0,0,Green,49.6,29.8,54.3,Fair,5.99,27.7,Overdue,295,Healthy,No_Failure,No_Failure,22,Thursday,1,Winter,False,False,Completed,2025-01-02 22:55:02,2025-01-02 22:50:02,0.0,10.9,Weather,True,8.6
33981,MEMU 3,MEMU,Premium,CR,12.233069,84.155565,ST,ALD,PNBE,SEC-CR-949,TRK-2,103.04,98.59,Up,2025-01-03 04:44:51,2025-01-03 04:57:51,34.18,12.0,2036.4,1,2025-01-03 07:36:51,87.4,80.2,32.2,Terminated,0,1949.0,26.2,23.7,6.3,10.7,18.9,13.2,71.8,16.7,53515,5.9,45.4,37.45,4,48.53,13.4,0,1,25.5,SIG01,Signal Failure,High,2025-01-03 06:58:51,20,Confirmed,Control_Office,28.4,0.0,81.4,11.6,7091.0,Clear,No_Impact,Excellent,46.1,4.08,0,0,Double_Yellow,58.6,70.7,46.6,Good,4.13,84.5,Up_to_Date,351,Healthy,No_Failure,No_Failure,7,Friday,1,Winter,False,True,Completed,2025-01-03 05:40:57,2025-01-03 05:39:09,0.0,23.9,No_Delay,True,14.3
10477,Freight 9,Freight,Suburban,CR,15.598713,83.376926,ADI,ST,CNB,SEC-CR-140,TRK-1,130.5,44.27,Down,2025-01-03 16:11:06,2025-01-03 16:21:06,5.1,127.5,72.5,13,2025-01-03 16:30:06,15.63,60.9,14.4,Stopped_at_Station,18,56.87,34.1,14.0,12.2,12.9,15.4,16.4,55.3,125.0,98933,5.4,61.1,25.85,2,31.83,38.6,1,1,0.7,BLK08,Line Block / Engineering Work,High,2025-01-03 16:07:06,105,Unconfirmed,Manual_Report,22.5,0.1,56.6,9.3,10000.0,Rain,Moderate,Good,28.03,4.67,0,0,Yellow,74.1,57.2,43.1,Needs_Inspection,4.81,18.9,Up_to_Date,292,Healthy,No_Failure,No_Failure,16,Friday,1,Winter,False,False,In_Transit,2025-01-03 16:28:42,,57.0,3.2,Infrastructure,False,0.0
84680,Garib Rath 41,Garib Rath,Long-Distance,WCR,14.430862,82.010602,MGS,LKO,GWL,SEC-WCR-793,TRK-3,103.1,128.52,Up,2025-01-03 16:51:00,2025-01-03 17:01:00,6.91,152.5,550.1,13,2025-01-03 18:36:00,453.3,106.3,8.5,Running,0,96.8,8.2,5.2,4.0,25.3,16.9,9.3,91.0,159.5,17963,-0.0,54.0,34.36,5,6.54,29.2,0,1,52.9,SIG01,Signal Failure,High,2025-01-03 16:47:00,137,Confirmed,Station_Master,25.7,0.0,72.7,15.0,6190.0,Fog,No_Impact,Good,31.68,2.26,60,1,Auto,62.2,63.6,60.5,Excellent,6.13,63.3,Due_Soon,17,Healthy,Axle_Fault,Critical,18,Friday,1,Winter,False,True,Completed,2025-01-03 17:16:06,2025-01-03 17:17:06,0.0,16.6,No_Delay,True,14.1
41577,Rajdhani 14,Rajdhani,Long-Distance,ER,21.07733,91.638623,ALD,KOTA,GAYA,SEC-ER-529,TRK-1,59.23,37.06,Up,2025-01-03 21:53:37,2025-01-03 22:10:37,27.58,16.2,287.5,16,2025-01-03 23:11:37,161.0,71.9,4.7,Slow_Running,0,126.5,4.2,-3.3,4.5,3.2,15.7,16.4,62.4,5.0,84999,7.8,25.5,10.42,5,46.99,5.0,1,0,35.1,CNG04,Traffic Congestion,Medium,2025-01-03 21:39:37,70,Confirmed,Manual_Report,27.9,10.6,99.7,8.2,9776.0,Clear,No_Impact,Good,22.27,5.82,30,1,Red,93.5,41.0,46.7,Fair,4.93,66.3,Up_to_Date,320,Healthy,No_Failure,No_Failure,23,Friday,1,Winter,False,False,In_Transit,2025-01-03 22:19:43,,112.0,21.4,Traffic,True,18.5
97605,Shatabdi 29,Shatabdi,Premium,SR,13.558658,85.462658,HWH,GWL,SBC,SEC-SR-741,TRK-3,98.6,152.92,Down,2025-01-04 01:10:12,2025-01-04 01:26:12,34.21,129.0,1159.9,18,2025-01-04 01:35:12,402.18,0.0,23.0,Running,0,757.72,16.6,9.6,7.7,0.0,23.0,17.4,72.1,131.6,94732,11.9,75.7,6.46,3,22.87,14.6,1,1,20.3,NON00,No Delay Reported,No_Impact,,0,Not_Applicable,Not_Applicable,16.1,5.5,67.2,2.7,7887.0,Fog,Severe,Fair,45.3,5.77,45,0,Green,79.3,48.3,48.3,Good,3.98,62.9,Overdue,217,Healthy,Bearing_Overheat,Critical,1,Saturday,1,Winter,True,False,Completed,2025-01-04 01:34:12,2025-01-04 01:43:30,0.0,1.0,No_Delay,False,0.0
69938,MEMU 14,MEMU,Long-Distance,WCR,32.734791,83.330123,BCT,CNB,ALD,SEC-WCR-285,TRK-1,148.5,57.34,Down,2025-01-04 04:51:09,2025-01-04 05:04:09,26.23,23.6,2041.8,6,2025-01-04 04:54:09,1898.39,46.2,19.5,Halted_Signal,26,143.41,32.3,12.0,24.6,8.0,10.7,11.3,49.4,16.5,52621,-5.0,74.9,11.16,4,40.21,40.7,0,1,50.5,MEC06,Mechanical Failure,High,2025-01-04 03:36:09,133,Confirmed,Manual_Report,22.6,8.0,65.0,7.7,4035.0,Clear,No_Impact,Excellent,46.25,2.96,0,0,Red,81.1,50.3,57.0,Excellent,6.08,89.4,Overdue,209,Healthy,No_Failure,No_Failure,4,Saturday,1,Winter,True,False,Completed,2025-01-04 05:29:09,2025-01-04 05:31:51,0.0,18.5,Mechanical,True,9.7
71716,MEMU 2,MEMU,Suburban,NER,9.638017,70.011423,VAPI,ST,AGC,SEC-NER-692,TRK-3,125.79,39.44,Down,2025-01-04 05:41:39,2025-01-04 05:52:39,33.61,90.7,1263.4,8,2025-01-04 07:23:39,1163.49,55.3,21.9,Running,0,99.91,-1.8,-5.0,0.3,24.2,14.6,6.7,61.5,85.5,58330,5.9,53.3,14.5,3,33.91,34.7,1,0,59.2,NON00,No Delay Reported,No_Impact,,0,Not_Applicable,Not_Applicable,40.6,6.0,85.2,26.6,4635.0,Clear,No_Impact,Excellent,30.88,5.64,45,0,Green,72.3,85.0,48.6,Excellent,5.78,84.1,Up_to_Date,59,Faulty,No_Failure,No_Failure,7,Saturday,1,Winter,True,True,Completed,2025-01-04 06:13:27,2025-01-04 06:14:45,0.0,9.9,No_Delay,False,0.0
48827,DEMU 42,DEMU,Freight,NFR,16.574696,78.627756,PNBE,RTM,SBC,SEC-NFR-221,TRK-1,107.09,80.09,Up,2025-01-05 01:25:53,2025-01-05 01:35:53,15.35,161.4,939.9,19,2025-01-05 03:32:53,68.25,73.7,8.9,Stopped_at_Station,20,871.65,23.0,12.2,11.9,24.1,15.1,0.0,50.5,168.0,32081,17.5,76.4,33.69,1,7.84,32.4,1,1,6.4,ANI09,Animal / Obstruction on Track,Medium,2025-01-05 02:19:53,179,Unconfirmed,ML_Inference,21.2,4.4,41.0,4.8,696.0,Clear,No_Impact,Excellent,34.93,3.31,0,0,Green,80.2,38.7,72.0,Critical,5.62,26.8,Up_to_Date,326,Healthy,No_Failure,No_Failure,3,Sunday,1,Winter,True,False,Completed,2025-01-05 01:43:47,2025-01-05 01:45:53,0.0,9.0,Traffic,False,0.0
90409,Duronto 6,Duronto,Suburban,SWR,23.80546,96.396047,DHN,ASN,JP,SEC-SWR-702,TRK-3,108.08,166.8,Down,2025-01-05 10:50:37,2025-01-05 11:06:37,7.03,83.7,376.6,8,2025-01-05 13:00:37,40.58,53.4,17.9,Stopped_at_Station,8,336.02,1.2,9.7,21.3,22.5,3.9,10.7,51.6,73.6,47323,1.8,74.5,10.69,1,1.37,8.7,0,0,10.1,TRK02,Track Maintenance,Medium,2025-01-05 11:18:37,110,Auto-Detected,Manual_Report,39.6,1.7,57.7,34.2,8962.0,Clear,Moderate,Good,35.96,6.27,0,0,Auto,51.7,80.2,44.3,Excellent,5.93,91.7,Overdue,170,Healthy,Door_Malfunction,Minor,13,Sunday,1,Winter,True,False,In_Transit,2025-01-05 11:22:19,,381.7,13.8,Infrastructure,True,9.8
63943,Vande Bharat 11,Vande Bharat,Premium,SWR,8.75111,87.121763,CNB,RTM,DHN,SEC-SWR-385,TRK-2,45.56,161.78,Up,2025-01-05 17:34:12,2025-01-05 17:38:12,5.61,90.4,1868.8,19,2025-01-05 19:10:12,385.55,86.0,44.1,Running,0,1483.25,-2.1,17.9,11.2,28.1,14.6,15.5,78.8,82.3,30659,-5.0,34.3,17.2,1,14.53,35.0,1,0,55.7,NON00,No Delay Reported,No_Impact,,0,Not_Applicable,Not_Applicable,24.8,0.2,44.1,13.6,6589.0,Cloudy,Moderate,Fair,30.16,5.04,0,1,Double_Yellow,67.0,38.3,43.9,Good,4.36,32.1,Up_to_Date,296,Healthy,No_Failure,No_Failure,19,Sunday,1,Winter,True,True,In_Transit,2025-01-05 18:36:48,,1040.4,18.5,No_Delay,True,8.0
21365,Shatabdi 22,Shatabdi,Long-Distance,WCR,9.861184,94.369333,BZA,PUNE,ASN,SEC-WCR-742,TRK-2,35.25,77.76,Up,2025-01-06 00:48:17,2025-01-06 00:53:17,8.4,172.1,2186.0,1,2025-01-06 01:34:17,890.75,103.6,1.9,Slow_Running,0,1295.25,6.5,11.0,-0.9,24.3,7.3,13.4,90.6,167.6,31973,-3.5,66.6,31.95,5,12.37,10.1,0,1,15.3,MEC06,Mechanical Failure,High,2025-01-06 01:12:17,55,Unconfirmed,IoT_Sensor,27.4,12.2,63.3,12.1,4882.0,Cloudy,Severe,Poor,44.17,4.42,45,0,Green,28.3,73.3,74.1,Excellent,3.53,96.8,Due_Soon,64,Healthy,HVAC_Failure,Minor,1,Monday,1,Winter,False,False,Completed,2025-01-06 01:07:41,2025-01-06 01:10:47,0.0,17.5,Mechanical,True,13.5
52004,Freight 47,Freight,Long-Distance,WCR,28.745211,81.285038,SC,CSTM,LKO,SEC-WCR-801,TRK-2,128.41,20.35,Down,2025-01-06 01:49:11,2025-01-06 02:07:11,18.94,174.5,1797.4,8,2025-01-06 04:11:11,1742.45,70.5,4.4,Running,0,54.95,9.1,5.4,7.7,12.1,8.9,6.7,65.7,164.0,73961,9.3,84.1,22.97,4,11.6,3.2,0,1,53.5,NON00,No Delay Reported,No_Impact,,0,Not_Applicable,Not_Applicable,27.6,8.4,35.5,4.7,9971.0,Cloudy,No_Impact,Fair,27.66,4.07,0,0,Yellow,85.8,50.2,50.3,Good,5.61,90.3,Up_to_Date,202,Healthy,No_Failure,No_Failure,4,Monday,1,Winter,False,False,Completed,2025-01-06 02:02:11,2025-01-06 02:07:53,0.0,8.6,No_Delay,False,0.0
26517,Mail 5,Mail,Freight,SCR,20.575047,81.769843,JHS,GAYA,PNBE,SEC-SCR-709,TRK-1,65.43,6.11,Down,2025-01-06 15:50:27,2025-01-06 16:07:27,9.61,8.2,1592.5,17,2025-01-06 17:56:27,1522.33,93.4,8.7,Departed_Late,0,70.17,26.1,1.1,8.8,13.4,8.5,15.0,43.1,15.3,41931,11.4,78.4,20.83,2,29.51,4.5,0,1,7.1,WTH03,Adverse Weather,High,2025-01-06 16:59:27,138,Confirmed,IoT_Sensor,40.4,0.0,45.0,23.6,716.0,Clear,No_Impact,Fair,11.92,5.87,60,0,Yellow,39.5,62.1,48.6,Critical,4.55,36.3,Due_Soon,117,Healthy,No_Failure,No_Failure,17,Monday,1,Winter,False,True,Completed,2025-01-06 16:18:21,2025-01-06 16:12:39,0.0,19.2,Weather,True,16.1
37423,DEMU 25,DEMU,Regional,SWR,33.414199,89.641896,BRC,JHS,NGP,SEC-SWR-908,TRK-1,46.61,161.36,Up,2025-01-07 05:46:02,2025-01-07 06:00:02,23.29,164.8,1469.3,12,2025-01-07 08:04:02,24.82,60.6,-2.9,Running,0,1444.48,13.9,-5.0,8.0,23.2,19.0,17.2,66.0,174.6,73048,9.5,61.9,28.5,5,8.43,33.5,0,0,11.0,NON00,No Delay Reported,No_Impact,,0,Not_Applicable,Not_Applicable,33.6,1.0,24.6,15.8,3293.0,Clear,Low,Good,38.38,0.54,45,0,Green,86.9,62.4,47.4,Needs_Inspection,4.98,96.6,In_Progress,67,Healthy,No_Failure,No_Failure,8,Tuesday,1,Winter,False,True,Completed,2025-01-07 05:54:20,2025-01-07 05:50:56,0.0,11.2,No_Delay,True,7.9
73890,Duronto 28,Duronto,Regional,SER,25.577855,76.49494,VAPI,JP,PUNE,SEC-SER-325,TRK-1,152.38,168.17,Down,2025-01-07 15:09:20,2025-01-07 15:13:20,31.49,80.5,600.0,4,2025-01-07 17:01:20,208.74,60.7,37.2,Terminated,0,391.26,16.0,11.7,1.2,17.3,13.0,8.6,53.2,82.0,18822,33.2,29.1,23.43,1,5.98,8.2,1,0,35.4,NON00,No Delay Reported,No_Impact,,0,Not_Applicable,Not_Applicable,22.6,4.2,20.9,1.4,2863.0,Clear,Low,Excellent,30.08,3.42,60,0,Green,81.6,56.9,42.4,Excellent,5.59,91.8,Due_Soon,232,Healthy,No_Failure,No_Failure,17,Tuesday,1,Winter,False,True,Completed,2025-01-07 16:07:08,2025-01-07 16:06:14,0.0,20.6,No_Delay,True,10.1
61454,Duronto 41,Duronto,Regional,SWR,19.157955,74.667095,AGC,MAS,HWH,SEC-SWR-733,TRK-2,119.35,68.85,Down,2025-01-07 14:36:40,2025-01-07 14:40:40,28.4,48.6,1960.8,0,2025-01-07 17:35:40,54.77,83.7,82.2,Running,0,1906.03,2.3,16.2,4.5,14.4,10.4,15.8,90.2,51.8,53319,5.6,57.5,10.72,5,39.72,40.9,1,1,24.4,CNG04,Traffic Congestion,Medium,2025-01-07 17:01:40,115,Confirmed,ML_Inference,28.1,2.2,74.3,6.7,8194.0,Heavy_Rain,Severe,Fair,36.91,3.8,45,0,Green,63.7,66.0,20.0,Excellent,4.93,91.8,Up_to_Date,212,Degraded,Brake_Wear,Moderate,17,Tuesday,1,Winter,False,True,Completed,2025-01-07 16:33:10,2025-01-07 16:31:22,0.0,34.3,Traffic,True,16.4
68314,Garib Rath 41,Garib Rath,Long-Distance,SWR,14.20698,73.077749,MAS,KOTA,VAPI,SEC-SWR-948,TRK-3,115.64,116.94,Down,2025-01-08 06:09:51,2025-01-08 06:15:51,6.61,55.1,320.8,19,2025-01-08 06:07:51,194.63,85.1,23.4,Stopped_at_Station,38,126.17,13.6,21.8,5.7,12.3,12.0,28.5,43.4,51.6,12881,29.6,52.3,37.01,3,37.21,27.2,1,0,39.1,BLK08,Line Block / Engineering Work,High,2025-01-08 05:16:51,18,Auto-Detected,ML_Inference,28.1,1.0,46.3,18.4,7376.0,Rain,No_Impact,Excellent,56.46,2.3,30,0,Auto,38.6,42.9,37.1,Good,4.57,27.8,Overdue,139,Healthy,No_Failure,No_Failure,6,Wednesday,1,Winter,False,False,Not_Started,,,92.0,10.1,Infrastructure,True,5.5
68718,Garib Rath 32,Garib Rath,Long-Distance,SR,9.903624,77.984953,AGC,BCT,DHN,SEC-SR-184,TRK-2,46.89,115.06,Down,2025-01-08 20:34:05,2025-01-08 20:44:05,31.6,124.4,1825.7,2,2025-01-08 22:08:05,46.99,63.5,12.2,Running,0,1778.71,31.1,5.8,33.1,29.4,17.7,28.0,81.2,122.0,56936,17.9,93.2,20.74,5,32.34,42.9,0,1,30.3,MEC06,Mechanical Failure,High,2025-01-08 21:32:05,135,Confirmed,Manual_Report,37.7,1.4,95.0,25.7,8628.0,Cloudy,No_Impact,Good,33.47,2.89,0,0,Green,92.6,65.7,62.2,Good,5.24,58.7,Overdue,54,Healthy,No_Failure,No_Failure,22,Wednesday,1,Winter,False,False,In_Transit,2025-01-08 20:56:35,,1683.8,10.3,Mechanical,True,5.0
66678,Duronto 7,Duronto,Suburban,NCR,28.165254,83.894046,BRC,BZA,ST,SEC-NCR-290,TRK-2,153.02,146.12,Down,2025-01-10 08:01:45,2025-01-10 08:12:45,23.46,97.9,1745.4,12,2025-01-10 10:15:45,1712.6,90.0,20.4,Running,0,32.8,-5.0,14.5,33.2,17.2,14.7,17.3,74.0,100.4,90263,-1.3,27.0,25.91,3,25.72,41.6,1,0,63.0,CNG04,Traffic Congestion,Medium,2025-01-10 10:09:45,135,Confirmed,ML_Inference,22.0,2.8,64.4,2.0,5337.0,Clear,No_Impact,Poor,30.44,2.93,0,1,Double_Yellow,57.5,20.0,58.0,Fair,4.8,47.7,In_Progress,263,Healthy,No_Failure,No_Failure,10,Friday,1,Winter,False,False,Completed,2025-01-10 08:45:27,2025-01-10 08:47:15,0.0,23.3,Traffic,True,14.1
79488,Express 30,Express,Regional,ER,17.108317,90.592953,PUNE,BZA,BRC,SEC-ER-601,TRK-1,93.27,122.98,Down,2025-01-10 14:18:17,2025-01-10 14:35:17,34.96,106.4,1950.3,9,2025-01-10 14:51:17,225.77,94.7,2.4,Stopped_at_Station,41,1724.53,15.5,15.6,-0.2,16.0,0.2,16.3,66.9,112.8,51643,10.0,89.2,12.82,3,7.8,29.4,0,1,38.8,PSG07,Passenger Emergency,Medium,2025-01-10 14:42:17,57,Auto-Detected,Manual_Report,32.3,13.0,46.4,4.7,7748.0,Cloudy,Moderate,Poor,38.74,1.21,100,0,Green,55.1,45.2,30.8,Good,4.12,19.3,Up_to_Date,5,Healthy,Electrical_Fault,Moderate,14,Friday,1,Winter,False,False,Completed,2025-01-10 14:32:47,2025-01-10 14:37:41,0.0,12.1,Operational,True,9.6
70500,Express 4,Express,Long-Distance,WCR,32.828023,91.244126,PNBE,CNB,TDL,SEC-WCR-784,TRK-3,178.61,69.92,Up,2025-01-10 14:23:12,2025-01-10 14:26:12,24.37,128.9,624.7,12,2025-01-10 16:50:12,584.77,69.8,22.5,Departed_Late,0,39.93,12.5,6.0,-2.0,7.6,21.1,10.6,97.4,124.1,75679,3.5,59.1,9.39,4,35.78,3.4,0,1,32.1,SIG01,Signal Failure,High,2025-01-10 16:43:12,175,Auto-Detected,Control_Office,19.9,9.8,66.7,20.0,5852.0,Clear,No_Impact,Excellent,27.43,1.67,0,0,Green,64.1,58.7,69.1,Good,4.11,83.2,Due_Soon,323,Healthy,No_Failure,No_Failure,16,Friday,1,Winter,False,False,Completed,2025-01-10 14:57:06,2025-01-10 15:02:54,0.0,11.4,No_Delay,True,6.6
51402,MEMU 28,MEMU,Long-Distance,NER,17.71722,92.447154,HWH,CSTM,AGC,SEC-NER-523,TRK-2,71.44,153.22,Down,2025-01-10 15:13:55,2025-01-10 15:29:55,10.85,134.9,1973.4,11,2025-01-10 17:23:55,1709.41,34.6,18.4,Running,0,263.99,14.3,-5.0,9.9,16.3,8.5,0.0,75.7,127.4,94120,-5.0,86.4,15.88,1,30.48,14.9,1,1,22.7,LCB05,Late Crew Boarding,Low,2025-01-10 16:31:55,39,Confirmed,Manual_Report,34.3,4.5,96.3,4.5,7401.0,Haze,No_Impact,Excellent,38.71,6.34,0,0,Green,45.8,65.7,67.6,Needs_Inspection,6.04,59.9,Overdue,306,Degraded,No_Failure,No_Failure,17,Friday,1,Winter,False,True,Completed,2025-01-10 15:46:31,2025-01-10 15:47:25,0.0,14.2,Operational,True,6.4
65293,MEMU 42,MEMU,Long-Distance,NFR,24.186851,77.234691,BCT,GAYA,VAPI,SEC-NFR-403,TRK-3,122.52,58.59,Up,2025-01-10 20:40:00,2025-01-10 20:50:00,7.14,53.6,1493.2,14,2025-01-10 21:32:00,1072.08,58.6,34.5,Running,0,421.12,14.4,16.0,10.6,12.9,16.3,19.9,61.5,52.6,28075,9.7,65.6,31.31,0,35.5,19.4,0,1,26.5,WTH03,Adverse Weather,High,2025-01-10 21:22:00,9,Confirmed,Station_Master,23.2,3.4,72.7,0.0,140.0,Rain,Severe,Fair,16.75,4.34,45,0,Red,86.2,58.2,40.9,Good,4.35,23.1,Overdue,322,Healthy,Axle_Fault,Critical,21,Friday,1,Winter,False,False,Completed,2025-01-10 21:46:18,2025-01-10 21:50:12,0.0,31.8,Weather,True,20.6
67086,Freight 6,Freight,Long-Distance,NR,22.645796,82.626138,HWH,TDL,NDLS,SEC-NR-101,TRK-1,55.07,116.35,Down,2025-01-11 02:41:13,2025-01-11 02:55:13,2.68,37.2,241.0,18,2025-01-11 03:55:13,236.31,108.8,7.9,Running,0,4.69,8.5,15.6,0.2,7.6,13.3,5.4,55.1,39.5,74175,13.0,75.0,33.41,4,25.52,10.6,1,1,60.9,CNG04,Traffic Congestion,Medium,2025-01-11 02:24:13,179,Confirmed,ML_Inference,30.3,3.4,38.4,10.7,6878.0,Cloudy,Severe,Fair,38.41,3.61,45,0,Yellow,52.3,46.3,41.9,Good,3.72,86.0,Up_to_Date,61,Healthy,Door_Malfunction,Moderate,3,Saturday,1,Winter,True,False,Completed,2025-01-11 03:03:19,2025-01-11 03:01:13,0.0,14.2,Traffic,True,5.9
60844,Mail 14,Mail,Suburban,SWR,12.05716,76.962754,ST,ALD,AGC,SEC-SWR-622,TRK-3,152.1,103.18,Down,2025-01-11 08:49:32,2025-01-11 08:59:32,16.0,27.6,1486.2,16,2025-01-11 09:31:32,1284.39,80.4,21.8,Halted_Signal,2,201.81,14.9,24.1,7.9,22.2,22.5,7.7,47.5,23.9,37659,20.2,58.1,28.53,4,25.7,38.3,0,0,15.7,NON00,No Delay Reported,No_Impact,,0,Not_Applicable,Not_Applicable,30.3,3.2,65.1,21.8,7427.0,Cloudy,No_Impact,Poor,45.01,2.08,60,0,Auto,84.3,64.4,51.9,Fair,5.15,74.4,Up_to_Date,147,Healthy,No_Failure,No_Failure,9,Saturday,1,Winter,True,True,Completed,2025-01-11 09:17:02,2025-01-11 09:10:20,0.0,5.7,No_Delay,False,0.0
85576,Rajdhani 36,Rajdhani,Long-Distance,SECR,16.64331,71.000527,GWL,DHN,SBC,SEC-SECR-127,TRK-1,99.99,56.32,Down,2025-01-11 14:25:30,2025-01-11 14:28:30,5.08,79.6,241.1,10,2025-01-11 16:50:30,116.75,60.3,14.8,Running,0,124.35,24.4,18.1,28.1,15.1,0.0,8.0,71.2,85.7,34931,3.3,76.5,36.36,2,7.05,9.7,0,1,6.5,CNG04,Traffic Congestion,Medium,2025-01-11 15:33:30,3,Confirmed,Control_Office,13.9,1.3,67.2,25.3,7471.0,Clear,Low,Poor,36.65,4.72,60,0,Yellow,75.8,52.6,45.2,Excellent,4.88,41.7,Up_to_Date,11,Healthy,No_Failure,No_Failure,16,Saturday,1,Winter,True,False,Completed,2025-01-11 14:35:54,2025-01-11 14:36:18,0.0,-4.4,Traffic,False,0.0
20729,Shatabdi 6,Shatabdi,Suburban,CR,31.365565,91.319147,ST,VAPI,CNB,SEC-CR-571,TRK-2,52.3,8.39,Down,2025-01-11 22:34:48,2025-01-11 22:39:48,11.67,65.9,790.1,14,2025-01-11 23:04:48,324.17,87.9,26.6,Running,0,465.93,9.5,16.4,14.0,4.6,7.9,13.5,70.0,68.7,58307,12.2,94.7,33.54,3,40.82,27.7,1,0,12.3,TRK02,Track Maintenance,Medium,2025-01-11 21:38:48,16,Confirmed,ML_Inference,32.7,0.0,60.4,20.1,10000.0,Cloudy,No_Impact,Poor,44.71,3.18,0,0,Green,84.1,34.9,54.4,Good,5.29,1.0,Due_Soon,304,Faulty,No_Failure,No_Failure,23,Saturday,1,Winter,True,False,Completed,2025-01-11 23:01:12,2025-01-11 22:55:00,0.0,-0.2,Infrastructure,False,0.0
57944,Duronto 28,Duronto,Regional,ER,10.19781,93.297719,RTM,LKO,MGS,SEC-ER-231,TRK-2,164.77,62.54,Down,2025-01-12 04:21:39,2025-01-12 04:25:39,29.61,142.2,1766.3,17,2025-01-12 06:11:39,898.73,58.9,16.8,Running,0,867.57,26.3,4.5,5.4,0.0,19.4,4.4,65.9,151.5,88647,14.0,71.2,21.18,5,2.15,23.1,0,1,23.0,LCB05,Late Crew Boarding,Low,2025-01-12 05:51:39,8,Auto-Detected,Control_Office,30.2,4.1,48.4,3.4,2051.0,Heavy_Rain,Severe,Good,37.15,3.81,0,0,Double_Yellow,100.0,67.2,44.5,Good,4.16,62.1,Overdue,165,Healthy,No_Failure,No_Failure,6,Sunday,1,Winter,True,False,Not_Started,,,886.6,9.4,Operational,False,0.0
52833,Duronto 36,Duronto,Long-Distance,NCR,19.63443,73.269682,HWH,BCT,CNB,SEC-NCR-136,TRK-2,45.7,47.94,Down,2025-01-12 04:31:46,2025-01-12 04:39:46,20.01,16.4,724.6,11,2025-01-12 06:26:46,633.24,16.0,0.4,Running,0,91.36,8.6,8.7,9.8,23.2,6.8,22.2,87.5,9.9,32405,17.7,39.6,30.41,3,6.23,12.4,1,1,12.9,MEC06,Mechanical Failure,High,2025-01-12 06:07:46,128,Confirmed,IoT_Sensor,24.6,6.5,61.9,17.7,3859.0,Clear,No_Impact,Good,29.17,4.56,30,0,Green,80.5,53.3,72.6,Good,5.29,49.1,Up_to_Date,342,Healthy,No_Failure,No_Failure,6,Sunday,1,Winter,True,False,In_Transit,2025-01-12 04:45:10,,346.5,13.0,Mechanical,True,7.4
12156,Superfast 27,Superfast,Premium,NER,28.3657,88.864735,GWL,LKO,AGC,SEC-NER-948,TRK-3,133.78,145.7,Up,2025-01-12 07:48:12,2025-01-12 08:04:12,8.28,107.5,1608.8,17,2025-01-12 08:15:12,31.5,114.5,10.6,Departed_Late,0,1577.3,3.6,12.4,14.7,8.0,2.8,13.6,83.8,110.6,76667,16.2,58.8,26.21,4,20.19,33.4,1,1,2.2,WTH03,Adverse Weather,High,2025-01-12 06:17:12,44,Confirmed,IoT_Sensor,35.1,1.9,65.8,16.7,4231.0,Clear,Low,Under_Repair,53.66,3.16,0,0,Green,58.3,65.2,51.1,Fair,4.01,89.2,Up_to_Date,147,Degraded,Bearing_Overheat,Moderate,8,Sunday,1,Winter,True,True,Completed,2025-01-12 08:04:06,2025-01-12 07:58:42,0.0,5.3,Weather,False,0.0
37135,Rajdhani 29,Rajdhani,Long-Distance,SR,15.640442,82.557479,KOTA,BRC,CSTM,SEC-SR-653,TRK-1,148.89,29.1,Down,2025-01-12 10:00:05,2025-01-12 10:10:05,23.61,62.3,1925.4,12,2025-01-12 12:50:05,1394.82,62.7,31.4,Running,0,530.58,5.6,22.8,21.6,15.7,25.7,5.8,68.4,78.3,35881,7.4,39.0,22.62,4,29.3,24.9,1,1,10.5,SIG01,Signal Failure,High,2025-01-12 11:56:05,22,Unconfirmed,IoT_Sensor,18.4,2.5,32.2,21.5,9751.0,Clear,Moderate,Good,44.83,2.94,100,0,Yellow,64.8,73.3,37.5,Good,5.09,80.5,Up_to_Date,138,Healthy,No_Failure,No_Failure,12,Sunday,1,Winter,True,False,Completed,2025-01-12 10:47:35,2025-01-12 10:47:41,0.0,16.1,No_Delay,True,6.8
49498,Mail 23,Mail,Long-Distance,NFR,27.760388,75.367849,GAYA,VAPI,TDL,SEC-NFR-758,TRK-3,108.58,38.79,Up,2025-01-12 12:28:45,2025-01-12 12:36:45,32.06,47.9,1970.0,19,2025-01-12 13:27:45,1436.53,97.4,12.8,Departed_Late,0,533.47,17.6,8.7,1.8,13.7,11.7,6.8,67.3,50.3,81433,2.0,50.3,17.74,3,47.91,16.3,0,0,26.3,NON00,No Delay Reported,No_Impact,,0,Not_Applicable,Not_Applicable,19.5,4.7,56.1,11.2,3313.0,Clear,Low,Poor,33.87,4.58,0,0,Green,69.8,36.6,22.2,Good,5.23,35.1,Due_Soon,169,Healthy,No_Failure,No_Failure,13,Sunday,1,Winter,True,False,Completed,2025-01-12 12:43:45,2025-01-12 12:45:27,0.0,2.2,No_Delay,False,0.0
69696,Rajdhani 13,Rajdhani,Regional,NCR,33.283869,79.45274,BPL,NGP,GAYA,SEC-NCR-263,TRK-1,97.67,6.32,Up,2025-01-12 21:16:15,2025-01-12 21:30:15,12.33,95.8,1654.5,3,2025-01-12 23:47:15,1159.51,30.1,7.7,Stopped_at_Station,42,494.99,19.6,9.1,6.8,17.5,7.1,19.2,89.8,95.8,83278,5.3,94.9,21.15,5,15.45,27.4,1,1,17.2,WTH03,Adverse Weather,High,2025-01-12 22:57:15,161,Confirmed,IoT_Sensor,42.2,7.7,26.0,17.8,3269.0,Clear,Moderate,Excellent,25.4,3.18,0,0,Green,100.0,50.5,54.3,Excellent,4.63,93.0,Up_to_Date,11,Faulty,No_Failure,No_Failure,23,Sunday,1,Winter,True,False,In_Transit,2025-01-12 21:31:45,,989.0,7.8,Weather,False,0.0
49564,Rajdhani 38,Rajdhani,Long-Distance,SWR,12.297768,95.604778,HWH,ALD,ASN,SEC-SWR-892,TRK-1,168.63,31.89,Up,2025-01-13 07:08:38,2025-01-13 07:11:38,26.41,113.1,1363.3,12,2025-01-13 09:11:38,949.59,63.7,36.7,Running,0,413.71,11.1,8.4,3.6,26.1,12.3,26.3,68.5,106.8,56236,11.5,66.7,10.47,5,29.25,37.0,1,0,25.1,LCB05,Late Crew Boarding,Low,2025-01-13 07:54:38,125,Unconfirmed,ML_Inference,14.6,0.0,61.5,0.0,7850.0,Cloudy,Moderate,Good,29.21,3.85,0,0,Auto,83.7,54.3,38.2,Fair,3.36,97.3,Up_to_Date,35,Healthy,No_Failure,No_Failure,9,Monday,1,Winter,True,True,Completed,2025-01-13 07:55:50,2025-01-13 08:02:38,0.0,10.5,Operational,True,5.7
24860,Freight 6,Freight,Long-Distance,ER,19.949255,86.699849,BPL,MAS,BZA,SEC-ER-874,TRK-1,157.25,18.1,Up,2025-01-13 20:35:16,2025-01-13 20:52:16,14.79,76.8,361.7,0,2025-01-13 21:37:16,213.03,44.6,3.7,Running,0,148.67,17.1,0.4,21.2,0.0,9.2,24.1,68.5,79.7,74987,21.6,51.8,32.28,3,36.72,19.6,1,0,7.8,NON00,No Delay Reported,No_Impact,,0,Not_Applicable,Not_Applicable,36.2,2.5,30.0,10.3,5409.0,Fog,No_Impact,Poor,33.36,5.02,75,0,Yellow,37.2,60.8,51.6,Good,3.78,60.8,Overdue,63,Healthy,No_Failure,No_Failure,21,Monday,1,Winter,False,False,Completed,2025-01-13 20:48:28,2025-01-13 20:47:16,0.0,9.5,No_Delay,False,0.0
25245,Express 25,Express,Suburban,NCR,12.888497,96.911919,GWL,SBC,GAYA,SEC-NCR-743,TRK-2,136.15,9.94,Up,2025-01-13 22:24:48,2025-01-13 22:35:48,22.06,166.4,2152.4,0,2025-01-13 22:38:48,1186.35,76.1,13.5,Running,0,966.05,12.1,5.7,18.6,17.1,3.8,27.4,57.0,158.9,75438,8.6,101.0,27.22,4,38.23,19.7,0,0,55.7,SIG01,Signal Failure,High,2025-01-13 21:54:48,17,Confirmed,ML_Inference,42.8,0.2,52.7,3.0,10000.0,Cloudy,Low,Poor,28.88,2.01,60,0,Green,76.5,91.9,64.1,Fair,6.12,96.0,Overdue,127,Healthy,No_Failure,No_Failure,22,Monday,1,Winter,False,False,Completed,2025-01-13 23:02:42,2025-01-13 23:00:36,0.0,24.4,No_Delay,True,10.6
20393,Shatabdi 25,Shatabdi,Premium,SWR,23.692689,93.172081,VAPI,BZA,LKO,SEC-SWR-978,TRK-3,101.8,112.77,Down,2025-01-14 00:17:05,2025-01-14 00:19:05,22.94,60.4,169.5,9,2025-01-14 02:42:05,24.95,34.6,13.2,Running,0,144.55,3.6,6.7,5.5,21.5,16.5,18.3,79.7,61.4,29321,-5.0,66.1,15.68,0,39.42,39.9,1,1,13.3,ANI09,Animal / Obstruction on Track,Medium,2025-01-14 02:39:05,147,Confirmed,ML_Inference,31.2,3.4,64.9,12.9,7553.0,Clear,Moderate,Poor,54.91,6.63,60,1,Green,82.7,78.5,45.4,Good,5.54,18.7,Overdue,120,Degraded,No_Failure,No_Failure,2,Tuesday,1,Winter,False,False,Completed,2025-01-14 00:32:23,2025-01-14 00:31:23,0.0,2.1,Traffic,False,0.0
27373,Express 4,Express,Premium,CR,30.508876,88.308594,JP,BRC,ALD,SEC-CR-561,TRK-2,147.56,109.07,Up,2025-01-14 05:54:07,2025-01-14 06:00:07,30.73,78.1,512.5,14,2025-01-14 08:21:07,351.49,79.1,63.6,Running,0,161.01,12.7,17.2,5.9,5.9,15.9,20.6,68.8,87.4,65364,13.0,94.5,26.57,1,25.92,28.2,0,1,34.8,PSG07,Passenger Emergency,Medium,2025-01-14 07:12:07,21,Auto-Detected,Station_Master,33.9,5.8,71.1,4.5,6520.0,Heavy_Rain,Low,Fair,22.84,4.34,0,1,Yellow,98.2,62.0,53.6,Excellent,6.78,51.2,In_Progress,93,Healthy,No_Failure,No_Failure,8,Tuesday,1,Winter,False,True,Completed,2025-01-14 07:34:43,2025-01-14 07:39:25,0.0,37.0,Operational,True,18.7
56859,MEMU 40,MEMU,Long-Distance,SECR,33.606868,79.984438,AGC,BCT,GAYA,SEC-SECR-446,TRK-1,107.49,110.26,Down,2025-01-14 08:23:32,2025-01-14 08:38:32,23.29,117.4,1447.0,15,2025-01-14 08:50:32,828.04,110.2,0.6,Running,0,618.96,-5.0,-3.8,21.6,19.6,7.8,0.0,33.9,125.8,42632,2.1,95.3,32.88,5,12.1,24.2,1,0,17.1,SIG01,Signal Failure,High,2025-01-14 07:49:32,137,Confirmed,Station_Master,44.1,1.1,85.1,18.0,2838.0,Cloudy,No_Impact,Fair,32.85,3.49,0,0,Double_Yellow,56.4,46.7,41.9,Good,5.39,34.5,Up_to_Date,21,Healthy,No_Failure,No_Failure,8,Tuesday,1,Winter,False,True,In_Transit,2025-01-14 08:35:02,,340.3,10.9,No_Delay,True,4.8
58378,Shatabdi 9,Shatabdi,Regional,WCR,22.082847,90.094921,PNBE,CNB,SBC,SEC-WCR-228,TRK-2,90.35,2.7,Down,2025-01-14 09:48:46,2025-01-14 10:01:46,34.65,66.3,1751.1,5,2025-01-14 12:02:46,319.55,41.9,24.8,Slow_Running,0,1431.55,11.3,17.2,17.2,7.6,6.8,7.9,64.9,67.4,49285,-3.7,89.2,20.33,3,25.57,6.9,1,1,26.4,MEC06,Mechanical Failure,High,2025-01-14 10:50:46,83,Confirmed,Control_Office,23.4,0.8,72.2,8.0,10000.0,Clear,No_Impact,Good,50.0,3.07,30,0,Green,72.3,54.3,55.9,Good,5.28,60.3,Due_Soon,104,Degraded,No_Failure,No_Failure,12,Tuesday,1,Winter,False,False,Completed,2025-01-14 10:33:52,2025-01-14 10:39:34,0.0,20.3,Mechanical,True,14.2
77140,Duronto 42,Duronto,Long-Distance,SECR,26.742581,83.19831,GAYA,KOTA,PUNE,SEC-SECR-917,TRK-1,123.78,92.63,Up,2025-01-14 16:06:19,2025-01-14 16:24:19,22.38,85.1,704.8,5,2025-01-14 16:22:19,116.25,89.9,9.1,Running,0,588.55,-5.0,9.7,6.0,9.1,3.3,14.7,92.3,77.5,38839,-0.8,70.5,24.66,2,30.82,12.1,1,1,60.1,MEC06,Mechanical Failure,High,2025-01-14 14:57:19,13,Confirmed,Manual_Report,27.9,2.0,58.7,11.7,20.0,Fog,Low,Good,21.51,4.15,0,0,Auto,63.9,29.3,72.2,Needs_Inspection,3.85,56.4,In_Progress,234,Healthy,No_Failure,No_Failure,16,Tuesday,1,Winter,False,False,In_Transit,2025-01-14 16:40:37,,400.4,25.2,Mechanical,True,13.6
60883,Express 36,Express,Long-Distance,SCR,19.310084,89.337472,SC,AGC,SBC,SEC-SCR-982,TRK-2,92.54,142.45,Up,2025-01-14 16:37:17,2025-01-14 16:42:17,13.05,36.3,506.6,14,2025-01-14 16:33:17,7.66,95.4,29.0,Running,0,498.94,12.7,2.6,11.3,10.6,9.5,11.5,74.4,39.8,27440,14.0,57.5,39.03,4,24.92,28.1,0,1,8.6,WTH03,Adverse Weather,High,2025-01-14 14:36:17,150,Confirmed,ML_Inference,18.6,3.5,76.5,16.3,9298.0,Fog,No_Impact,Poor,22.26,4.51,0,0,Green,61.4,67.9,38.1,Excellent,5.43,60.7,Overdue,313,Healthy,No_Failure,No_Failure,16,Tuesday,1,Winter,False,False,Completed,2025-01-14 17:12:59,2025-01-14 17:12:35,0.0,6.7,Weather,False,0.0
48632,Vande Bharat 39,Vande Bharat,Long-Distance,CR,20.722122,96.43036,ST,GAYA,CNB,SEC-CR-709,TRK-3,49.14,115.26,Down,2025-01-14 21:04:56,2025-01-14 21:08:56,23.03,178.8,251.3,16,2025-01-14 22:19:56,23.82,80.2,-2.7,Running,0,227.48,2.7,0.5,15.1,16.3,0.9,9.3,70.6,178.6,55936,15.4,56.6,19.5,0,48.87,42.7,1,0,49.2,CNG04,Traffic Congestion,Medium,2025-01-14 21:36:56,81,Auto-Detected,IoT_Sensor,35.0,2.7,66.4,4.8,3279.0,Clear,Moderate,Fair,19.63,3.22,75,0,Green,46.0,51.1,59.0,Excellent,4.02,34.2,Due_Soon,137,Faulty,No_Failure,No_Failure,22,Tuesday,1,Winter,False,False,Completed,2025-01-14 21:13:32,2025-01-14 21:13:26,0.0,11.3,Traffic,True,7.8
65454,Duronto 39,Duronto,Freight,SER,14.467664,81.164436,TDL,AGC,DHN,SEC-SER-591,TRK-3,173.3,138.95,Up,2025-01-15 03:01:42,2025-01-15 03:18:42,1.51,165.5,847.1,6,2025-01-15 02:54:42,58.54,67.1,36.6,Running,0,788.56,4.6,-3.0,15.8,8.9,6.3,2.0,76.0,171.0,64048,7.7,78.7,2.62,2,7.96,12.8,1,1,2.1,PSG07,Passenger Emergency,Medium,2025-01-15 02:18:42,121,Unconfirmed,Manual_Report,27.5,0.0,42.5,16.0,5458.0,Clear,No_Impact,Good,33.52,0.46,75,0,Green,100.0,60.8,61.1,Needs_Inspection,4.63,27.1,In_Progress,212,Healthy,No_Failure,No_Failure,2,Wednesday,1,Winter,False,False,Completed,2025-01-15 03:38:18,2025-01-15 03:36:06,0.0,-0.0,Operational,False,0.0
35026,Superfast 26,Superfast,Suburban,NCR,15.826181,88.197262,HWH,VAPI,PNBE,SEC-NCR-801,TRK-1,63.92,50.92,Down,2025-01-15 02:29:32,2025-01-15 02:41:32,3.64,133.7,621.2,10,2025-01-15 03:56:32,216.57,49.3,7.0,Slow_Running,0,404.63,16.8,32.6,13.0,22.7,15.4,12.3,69.5,125.9,68382,2.2,83.0,25.45,5,48.11,38.5,1,0,22.7,PSG07,Passenger Emergency,Medium,2025-01-15 03:24:32,14,Confirmed,IoT_Sensor,17.3,0.5,64.3,9.8,4028.0,Clear,Low,Under_Repair,47.1,0.13,0,0,Green,74.6,51.3,44.7,Good,4.97,32.5,Due_Soon,175,Faulty,No_Failure,No_Failure,3,Wednesday,1,Winter,False,False,Completed,2025-01-15 02:53:08,2025-01-15 02:56:14,0.0,16.6,Operational,True,8.6
51269,MEMU 22,MEMU,Premium,NR,16.080151,91.724714,MAS,LKO,DHN,SEC-NR-330,TRK-3,101.87,173.89,Down,2025-01-15 03:04:35,2025-01-15 03:13:35,11.82,111.1,352.4,13,2025-01-15 05:43:35,154.45,86.3,12.8,Running,0,197.95,21.7,6.9,13.5,1.6,0.0,11.5,64.9,110.5,11977,17.9,36.6,9.15,4,42.61,39.2,0,1,36.5,TRK02,Track Maintenance,Medium,2025-01-15 05:40:35,99,Unconfirmed,Station_Master,19.5,7.0,69.3,16.6,3425.0,Clear,Moderate,Fair,30.74,3.47,30,0,Yellow,53.5,54.0,20.0,Good,4.94,51.5,Up_to_Date,119,Faulty,No_Failure,No_Failure,5,Wednesday,1,Winter,False,False,In_Transit,2025-01-15 03:39:47,,144.3,22.4,Infrastructure,True,15.9
52787,Passenger 8,Passenger,Suburban,NER,22.398813,90.250832,RTM,MAS,LKO,SEC-NER-508,TRK-1,128.58,49.25,Up,2025-01-15 05:06:42,2025-01-15 05:20:42,14.91,71.1,117.9,15,2025-01-15 06:10:42,78.44,50.9,4.1,Running,0,39.46,-0.2,0.1,23.3,10.0,4.0,3.0,69.9,68.2,48634,2.8,68.2,8.08,1,40.35,16.9,1,1,13.9,WTH03,Adverse Weather,High,2025-01-15 05:36:42,122,Auto-Detected,ML_Inference,18.7,7.9,34.2,2.3,7164.0,Clear,No_Impact,Good,45.3,3.5,0,0,Yellow,72.7,29.5,39.5,Excellent,4.09,91.1,Overdue,120,Healthy,No_Failure,No_Failure,6,Wednesday,1,Winter,False,False,In_Transit,2025-01-15 05:20:54,,49.5,10.1,Weather,True,5.7
42562,Vande Bharat 11,Vande Bharat,Regional,WR,26.547938,92.322723,AGC,CNB,LKO,SEC-WR-369,TRK-1,8.29,12.33,Up,2025-01-15 09:08:09,2025-01-15 09:16:09,11.55,45.7,488.8,0,2025-01-15 10:12:09,73.19,113.1,4.7,Halted_Signal,15,415.61,1.2,7.3,8.8,9.9,10.2,15.6,66.9,34.2,84162,-0.7,59.6,34.63,4,45.66,14.0,0,1,58.8,NON00,No Delay Reported,No_Impact,,0,Not_Applicable,Not_Applicable,28.9,0.0,39.7,6.9,6387.0,Clear,Severe,Fair,21.76,0.69,0,1,Green,83.8,41.7,62.2,Fair,5.15,72.2,Up_to_Date,153,Healthy,Axle_Fault,Minor,10,Wednesday,1,Winter,False,False,Completed,2025-01-15 09:37:27,2025-01-15 09:39:09,0.0,24.6,No_Delay,True,20.9
66097,Garib Rath 31,Garib Rath,Long-Distance,NCR,27.157751,80.221501,BRC,SBC,NGP,SEC-NCR-725,TRK-2,85.63,40.82,Up,2025-01-15 08:12:54,2025-01-15 08:27:54,24.25,87.1,2040.5,17,2025-01-15 10:56:54,555.0,49.2,4.5,Running,0,1485.5,10.8,8.3,3.2,15.7,11.7,12.2,89.1,104.2,99232,17.5,70.9,15.81,5,26.65,37.7,1,1,14.3,ANI09,Animal / Obstruction on Track,Medium,2025-01-15 10:42:54,153,Unconfirmed,IoT_Sensor,30.8,0.6,39.4,3.4,5729.0,Fog,Moderate,Poor,56.44,0.67,45,1,Auto,75.0,28.9,43.9,Fair,4.2,97.2,Due_Soon,138,Healthy,No_Failure,No_Failure,10,Wednesday,1,Winter,False,False,Completed,2025-01-15 08:20:12,2025-01-15 08:14:54,0.0,2.8,Traffic,False,0.0
96959,Shatabdi 10,Shatabdi,Premium,NCR,29.015051,72.812273,PUNE,DHN,LKO,SEC-NCR-400,TRK-3,31.8,3.79,Down,2025-01-15 23:08:41,2025-01-15 23:13:41,26.75,172.8,1618.7,3,2025-01-15 23:32:41,1186.76,36.8,6.2,Running,0,431.94,7.7,-5.0,17.1,12.2,7.9,20.9,80.6,168.3,99598,-5.0,55.4,33.21,0,41.85,42.7,1,1,29.0,NON00,No Delay Reported,No_Impact,,0,Not_Applicable,Not_Applicable,45.1,1.3,5.0,20.5,3607.0,Cloudy,Moderate,Excellent,34.96,3.44,60,1,Auto,45.3,80.6,22.0,Excellent,4.21,12.2,In_Progress,46,Degraded,No_Failure,No_Failure,23,Wednesday,1,Winter,False,False,In_Transit,2025-01-15 23:21:35,,706.3,6.7,No_Delay,False,0.0
43048,Freight 31,Freight,Suburban,SECR,33.813905,83.289517,ST,SBC,SC,SEC-SECR-378,TRK-3,135.85,3.88,Up,2025-01-15 23:43:42,2025-01-15 23:55:42,11.08,160.5,418.7,18,2025-01-16 00:34:42,149.63,27.4,37.8,Running,0,269.07,33.9,-5.0,19.4,13.7,4.2,13.2,80.0,157.4,70560,1.5,49.9,30.08,1,9.43,43.4,1,0,6.9,NON00,No Delay Reported,No_Impact,,0,Not_Applicable,Not_Applicable,43.2,0.6,61.7,20.4,9958.0,Cloudy,No_Impact,Excellent,38.05,4.16,30,0,Green,79.1,57.7,34.8,Excellent,4.12,54.6,In_Progress,281,Healthy,No_Failure,No_Failure,0,Thursday,1,Winter,False,False,Completed,2025-01-16 00:13:54,2025-01-16 00:10:42,0.0,-7.6,No_Delay,False,0.0
32804,Vande Bharat 19,Vande Bharat,Regional,WR,19.225012,87.554685,ASN,RTM,CSTM,SEC-WR-357,TRK-1,28.01,165.93,Up,2025-01-16 12:18:55,2025-01-16 12:22:55,18.76,141.7,1665.8,3,2025-01-16 14:44:55,1445.52,73.3,-1.7,Slow_Running,0,220.28,21.4,18.4,18.9,9.8,5.3,10.7,88.3,141.6,86632,12.8,82.0,30.19,5,21.43,9.6,0,1,26.8,CNG04,Traffic Congestion,Medium,2025-01-16 13:19:55,82,Confirmed,Station_Master,20.7,0.0,43.8,5.3,10000.0,Clear,No_Impact,Good,39.93,2.36,0,0,Auto,51.0,54.5,39.5,Fair,5.52,19.9,In_Progress,73,Healthy,No_Failure,No_Failure,14,Thursday,1,Winter,False,False,Completed,2025-01-16 12:21:25,2025-01-16 12:24:25,0.0,4.2,Traffic,False,0.0
21512,MEMU 18,MEMU,Premium,NCR,32.587969,70.358647,MAS,HWH,VAPI,SEC-NCR-578,TRK-2,71.77,68.91,Up,2025-01-16 17:01:22,2025-01-16 17:12:22,3.11,79.2,475.0,19,2025-01-16 16:54:22,162.69,110.1,0.6,Running,0,312.31,24.6,10.5,12.7,18.7,0.4,17.1,56.2,91.2,22932,8.6,61.5,23.38,3,21.67,20.4,1,1,9.8,MEC06,Mechanical Failure,High,2025-01-16 16:41:22,177,Confirmed,IoT_Sensor,22.2,1.3,35.3,15.3,3207.0,Fog,Severe,Poor,49.91,3.89,75,0,Red,79.8,85.9,43.7,Excellent,4.39,44.7,Due_Soon,94,Degraded,Brake_Wear,Critical,16,Thursday,1,Winter,False,False,Completed,2025-01-16 17:19:40,2025-01-16 17:25:28,0.0,17.7,Mechanical,True,7.5
50389,Duronto 28,Duronto,Long-Distance,SWR,26.891487,85.675936,AGC,GAYA,BPL,SEC-SWR-755,TRK-3,89.44,5.88,Up,2025-01-16 15:27:04,2025-01-16 15:34:04,9.14,129.7,1982.3,19,2025-01-16 17:38:04,1844.11,70.0,4.8,Running,0,138.19,22.9,12.0,14.5,20.7,9.1,4.4,76.9,136.3,52853,2.5,39.7,32.53,4,19.18,9.7,0,0,31.4,LCB05,Late Crew Boarding,Low,2025-01-16 15:53:04,159,Confirmed,Station_Master,17.5,0.0,50.3,1.6,5275.0,Fog,No_Impact,Good,15.91,2.61,45,1,Green,51.3,52.6,55.5,Excellent,5.9,28.5,Up_to_Date,311,Healthy,No_Failure,No_Failure,17,Thursday,1,Winter,False,True,Completed,2025-01-16 15:38:52,2025-01-16 15:48:34,0.0,7.0,Operational,False,0.0
93101,Superfast 23,Superfast,Regional,NER,10.877544,89.139463,NDLS,BCT,SC,SEC-NER-709,TRK-2,137.45,166.77,Down,2025-01-16 21:41:04,2025-01-16 21:50:04,14.17,97.7,596.6,9,2025-01-16 21:51:04,544.37,75.1,21.5,Halted_Signal,23,52.23,25.2,24.5,11.2,3.2,6.0,14.6,48.3,100.7,68499,23.5,42.2,33.55,0,49.09,21.6,1,0,26.9,ANI09,Animal / Obstruction on Track,Medium,2025-01-16 20:49:04,124,Confirmed,IoT_Sensor,34.3,3.6,84.4,22.2,5098.0,Heavy_Rain,No_Impact,Poor,27.87,2.81,75,0,Green,57.1,37.8,65.1,Good,4.02,22.2,Up_to_Date,88,Healthy,No_Failure,No_Failure,21,Thursday,1,Winter,False,False,Completed,2025-01-16 22:09:52,2025-01-16 22:10:28,0.0,7.3,Traffic,False,0.0
82440,Freight 9,Freight,Regional,ER,33.423551,84.452101,ASN,JHS,ST,SEC-ER-611,TRK-2,55.21,124.88,Up,2025-01-17 00:50:29,2025-01-17 01:02:29,33.21,80.7,1252.4,13,2025-01-17 01:42:29,160.48,46.3,19.3,Running,0,1091.92,0.7,-3.8,-5.0,28.6,1.0,22.0,74.4,83.5,37870,-5.0,83.1,35.52,0,22.56,7.1,1,0,55.3,BLK08,Line Block / Engineering Work,High,2025-01-17 01:10:29,16,Confirmed,Station_Master,24.2,10.1,83.0,22.1,5853.0,Clear,Low,Good,22.33,4.38,100,1,Green,100.0,51.7,67.7,Needs_Inspection,5.11,36.2,In_Progress,276,Healthy,No_Failure,No_Failure,1,Friday,1,Winter,True,False,In_Transit,2025-01-17 01:41:23,,1424.5,31.6,Infrastructure,True,18.2
58870,Superfast 31,Superfast,Long-Distance,SCR,21.745596,89.84157,CSTM,CNB,PUNE,SEC-SCR-476,TRK-2,73.49,85.92,Up,2025-01-17 04:41:49,2025-01-17 04:48:49,31.89,155.5,973.3,4,2025-01-17 05:10:49,109.79,40.5,6.8,Running,0,863.51,12.6,-0.3,16.4,22.1,2.0,32.4,80.5,154.2,99455,23.8,62.8,37.42,5,19.69,29.1,0,0,17.0,BLK08,Line Block / Engineering Work,High,2025-01-17 04:56:49,55,Unconfirmed,IoT_Sensor,14.0,1.4,49.5,23.5,9357.0,Cloudy,No_Impact,Good,13.24,1.1,0,0,Green,63.1,69.7,49.9,Good,5.29,83.8,In_Progress,143,Healthy,Brake_Wear,Minor,5,Friday,1,Winter,False,False,Completed,2025-01-17 04:58:37,2025-01-17 04:57:37,0.0,10.0,Infrastructure,False,0.0
71263,Rajdhani 7,Rajdhani,Long-Distance,SECR,30.577073,76.587106,AGC,LKO,TDL,SEC-SECR-714,TRK-1,71.95,127.57,Up,2025-01-17 05:26:00,2025-01-17 05:41:00,4.02,16.1,2156.8,9,2025-01-17 06:07:00,36.21,22.2,16.8,Stopped_at_Station,42,2120.59,16.5,4.7,13.6,8.9,9.8,9.1,83.4,26.5,14177,27.0,68.5,2.86,3,34.36,22.5,1,0,21.0,NON00,No Delay Reported,No_Impact,,0,Not_Applicable,Not_Applicable,27.5,0.0,62.5,14.6,9304.0,Clear,No_Impact,Fair,25.28,0.23,30,0,Red,90.9,65.6,33.1,Fair,4.36,31.1,In_Progress,21,Healthy,No_Failure,No_Failure,6,Friday,1,Winter,False,False,Not_Started,,,2000.0,20.2,No_Delay,True,13.8
15846,Rajdhani 19,Rajdhani,Long-Distance,SER,16.581416,76.739444,JP,PUNE,NDLS,SEC-SER-538,TRK-1,156.21,125.41,Down,2025-01-17 06:48:19,2025-01-17 07:02:19,17.68,35.7,2023.7,2,2025-01-17 07:36:19,1045.63,66.4,8.9,Running,0,978.07,-3.5,16.6,-3.8,21.9,12.2,5.2,86.5,37.8,25320,24.4,41.9,18.31,0,5.31,35.4,0,0,26.9,WTH03,Adverse Weather,High,2025-01-17 07:02:19,163,Confirmed,Manual_Report,36.6,22.1,41.6,10.3,5954.0,Rain,No_Impact,Excellent,6.68,5.45,0,1,Yellow,86.8,54.7,52.8,Excellent,4.94,47.8,Overdue,150,Healthy,No_Failure,No_Failure,7,Friday,1,Winter,False,True,Completed,2025-01-17 06:58:07,2025-01-17 07:00:19,0.0,0.9,Weather,False,0.0
50231,Garib Rath 15,Garib Rath,Regional,NR,15.435598,96.312996,JP,ASN,BCT,SEC-NR-803,TRK-2,96.58,152.62,Down,2025-01-17 08:48:09,2025-01-17 08:50:09,15.24,113.5,123.2,5,2025-01-17 10:58:09,77.5,77.0,-2.1,Running,0,45.7,10.1,4.8,-3.4,18.8,21.7,22.9,66.9,115.3,51972,5.2,68.3,34.95,0,1.91,32.0,1,1,41.6,MEC06,Mechanical Failure,High,2025-01-17 10:42:09,68,Confirmed,IoT_Sensor,35.2,9.5,50.9,8.4,7718.0,Clear,No_Impact,Good,33.47,4.36,0,0,Yellow,71.2,35.4,44.1,Needs_Inspection,5.78,46.0,In_Progress,314,Degraded,No_Failure,No_Failure,10,Friday,1,Winter,False,False,Completed,2025-01-17 08:47:57,2025-01-17 08:39:27,0.0,1.9,Mechanical,False,0.0
24184,Vande Bharat 48,Vande Bharat,Long-Distance,WR,13.307177,71.657925,CNB,MAS,NGP,SEC-WR-587,TRK-2,149.49,167.66,Down,2025-01-17 12:15:31,2025-01-17 12:20:31,6.29,85.3,308.3,19,2025-01-17 14:07:31,250.78,62.3,-1.9,Departed_Late,0,57.52,10.8,6.8,7.1,18.2,4.2,10.0,99.0,74.3,96595,11.4,42.2,23.89,1,14.79,29.9,1,1,39.1,WTH03,Adverse Weather,High,2025-01-17 13:08:31,43,Confirmed,Control_Office,30.3,0.1,52.3,11.1,6182.0,Clear,No_Impact,Fair,37.78,3.52,60,0,Green,62.7,55.7,47.5,Needs_Inspection,5.79,95.5,Due_Soon,78,Healthy,No_Failure,No_Failure,14,Friday,1,Winter,False,False,Not_Started,,,57.2,5.9,Weather,False,0.0
22630,Superfast 11,Superfast,Long-Distance,NR,28.923292,80.320495,CNB,AGC,JP,SEC-NR-688,TRK-1,68.79,82.18,Down,2025-01-17 20:35:28,2025-01-17 20:46:28,22.67,43.3,336.9,8,2025-01-17 20:51:28,230.37,64.0,25.3,Running,0,106.53,5.6,13.4,4.9,7.4,11.7,9.8,83.8,39.8,38404,21.3,60.4,8.54,4,20.01,17.9,1,1,23.9,NON00,No Delay Reported,No_Impact,,0,Not_Applicable,Not_Applicable,1.1,0.7,52.3,1.3,8049.0,Cloudy,Low,Good,49.17,5.55,0,0,Green,81.5,38.2,51.0,Needs_Inspection,3.34,39.7,Due_Soon,317,Healthy,No_Failure,No_Failure,20,Friday,1,Winter,False,True,Not_Started,,,100.4,1.7,No_Delay,False,0.0
92886,Freight 29,Freight,Suburban,WR,20.836183,84.196628,MAS,VAPI,JP,SEC-WR-670,TRK-2,16.09,117.78,Down,2025-01-17 22:26:56,2025-01-17 22:40:56,13.56,137.5,1313.8,7,2025-01-18 01:16:56,1102.17,24.9,4.3,Running,0,211.63,8.0,12.4,8.5,21.3,5.9,12.3,74.4,124.2,70174,18.0,60.4,20.86,5,12.86,45.0,0,1,34.5,SIG01,Signal Failure,High,2025-01-18 00:47:56,36,Auto-Detected,Station_Master,31.4,5.2,88.6,12.8,2791.0,Clear,Low,Good,26.93,1.31,30,0,Green,70.1,59.1,60.9,Excellent,5.69,44.5,Up_to_Date,88,Faulty,Bearing_Overheat,Minor,1,Saturday,1,Winter,True,False,Completed,2025-01-17 22:32:32,2025-01-17 22:39:08,0.0,1.3,No_Delay,False,0.0
23300,Mail 4,Mail,Regional,ER,21.555575,83.599317,LKO,TDL,ALD,SEC-ER-211,TRK-2,63.03,176.82,Down,2025-01-18 09:02:41,2025-01-18 09:07:41,1.95,48.5,380.3,13,2025-01-18 11:27:41,330.06,94.6,8.9,Terminated,0,50.24,19.4,-3.7,6.1,14.8,0.0,16.7,64.3,40.9,11710,4.2,95.5,5.02,3,46.4,22.2,1,1,2.2,PSG07,Passenger Emergency,Medium,2025-01-18 10:55:41,164,Unconfirmed,IoT_Sensor,32.7,18.2,46.1,12.4,9838.0,Clear,No_Impact,Fair,32.14,1.82,60,0,Green,73.0,46.8,55.4,Good,4.61,77.0,Up_to_Date,349,Healthy,No_Failure,No_Failure,11,Saturday,1,Winter,True,False,In_Transit,2025-01-18 09:11:23,,31.8,-0.2,Operational,False,0.0
79480,DEMU 9,DEMU,Regional,SR,19.68761,80.811033,RTM,LKO,ALD,SEC-SR-121,TRK-2,117.41,166.64,Down,2025-01-18 20:15:35,2025-01-18 20:28:35,7.43,164.5,691.4,2,2025-01-18 20:10:35,445.07,95.7,1.0,Halted_Signal,34,246.33,11.3,7.1,9.5,27.2,7.3,7.3,75.8,167.8,32683,17.8,44.1,35.73,4,37.38,44.3,1,0,7.8,NON00,No Delay Reported,No_Impact,,0,Not_Applicable,Not_Applicable,24.2,3.4,78.9,0.0,8711.0,Rain,No_Impact,Fair,43.61,7.58,45,1,Red,42.6,50.2,57.3,Fair,4.69,24.0,Up_to_Date,322,Healthy,Bearing_Overheat,Minor,20,Saturday,1,Winter,True,True,Completed,2025-01-18 20:13:35,2025-01-18 20:13:17,0.0,-3.0,No_Delay,False,0.0
93822,DEMU 45,DEMU,Regional,WCR,10.444827,89.219949,ASN,GAYA,RTM,SEC-WCR-207,TRK-1,94.59,56.26,Down,2025-01-18 19:49:31,2025-01-18 20:08:31,7.82,131.9,751.2,13,2025-01-18 20:20:31,198.67,114.2,30.8,Running,0,552.53,-0.9,10.8,9.3,14.0,6.6,15.6,90.2,135.0,51520,-2.2,101.4,2.79,5,22.84,21.7,1,1,33.5,SIG01,Signal Failure,High,2025-01-18 20:18:31,69,Confirmed,ML_Inference,22.8,1.9,60.5,12.0,2780.0,Cloudy,Moderate,Good,49.34,2.04,0,0,Green,51.7,51.2,44.2,Needs_Inspection,4.35,62.6,Up_to_Date,239,Healthy,No_Failure,No_Failure,20,Saturday,1,Winter,True,True,Not_Started,,,297.4,23.6,No_Delay,True,17.7
36182,Shatabdi 20,Shatabdi,Suburban,NER,29.776986,72.051392,NDLS,ADI,AGC,SEC-NER-991,TRK-3,26.46,39.76,Up,2025-01-20 10:35:46,2025-01-20 10:46:46,15.7,110.9,941.7,16,2025-01-20 12:55:46,379.36,72.4,24.8,Stopped_at_Station,29,562.34,12.4,12.6,5.8,18.2,17.1,0.7,62.1,110.1,68404,4.5,71.3,21.06,5,26.36,10.3,0,1,15.9,WTH03,Adverse Weather,High,2025-01-20 12:23:46,15,Confirmed,Control_Office,35.9,0.0,40.3,1.1,8219.0,Storm,No_Impact,Good,26.79,5.19,0,0,Green,45.0,36.8,70.5,Fair,5.74,75.8,Due_Soon,344,Faulty,No_Failure,No_Failure,12,Monday,1,Winter,False,False,Completed,2025-01-20 11:14:46,2025-01-20 11:07:46,0.0,14.2,Weather,True,8.0
18750,Garib Rath 36,Garib Rath,Long-Distance,SWR,13.439386,83.869365,ADI,ASN,BZA,SEC-SWR-327,TRK-3,26.95,60.05,Down,2025-01-20 17:06:00,2025-01-20 17:13:00,3.56,89.2,1621.6,7,2025-01-20 17:01:00,1175.61,85.4,5.8,Running,0,445.99,7.5,9.5,16.5,10.0,6.4,10.4,71.7,88.8,54723,11.0,64.6,22.26,1,25.5,34.0,1,1,23.6,PSG07,Passenger Emergency,Medium,2025-01-20 16:53:00,170,Confirmed,Manual_Report,26.9,0.8,61.2,6.8,5647.0,Clear,No_Impact,Good,7.07,0.62,60,0,Yellow,71.1,83.4,40.4,Fair,4.03,44.4,Due_Soon,4,Healthy,Electrical_Fault,Moderate,17,Monday,1,Winter,False,True,Completed,2025-01-20 17:19:36,2025-01-20 17:24:06,0.0,7.8,Operational,False,0.0
69916,Shatabdi 7,Shatabdi,Long-Distance,SER,26.174507,83.906298,AGC,SBC,GWL,SEC-SER-243,TRK-3,140.25,175.42,Down,2025-01-21 00:00:23,2025-01-21 00:13:23,27.73,114.8,1028.1,8,2025-01-21 00:15:23,395.57,75.2,-1.4,Slow_Running,0,632.53,8.0,20.6,1.3,21.6,6.3,18.8,68.5,111.9,92739,14.7,21.0,37.49,0,9.01,35.3,1,1,15.6,TRK02,Track Maintenance,Medium,2025-01-20 23:30:23,55,Unconfirmed,IoT_Sensor,32.4,1.6,63.7,43.0,6851.0,Cloudy,Moderate,Excellent,43.3,2.29,0,0,Green,80.1,60.9,92.8,Excellent,4.23,33.1,Up_to_Date,59,Healthy,Brake_Wear,Minor,0,Tuesday,1,Winter,False,False,Completed,2025-01-21 00:07:35,2025-01-21 00:12:53,0.0,8.6,Infrastructure,False,0.0
64532,Shatabdi 18,Shatabdi,Premium,NR,15.507605,90.599597,JHS,ASN,BRC,SEC-NR-860,TRK-2,6.05,149.47,Up,2025-01-21 04:34:41,2025-01-21 04:40:41,26.46,156.3,652.2,12,2025-01-21 06:39:41,0.86,47.1,-1.6,Running,0,651.34,10.7,-2.7,25.9,14.9,11.3,11.7,59.3,152.7,18942,-5.0,63.3,33.64,4,3.57,5.3,1,1,16.8,SIG01,Signal Failure,High,2025-01-21 06:35:41,17,Confirmed,Station_Master,20.0,1.1,26.8,5.8,10000.0,Clear,No_Impact,Fair,40.25,0.09,0,1,Auto,32.0,56.1,41.5,Critical,6.0,99.6,Up_to_Date,73,Healthy,No_Failure,No_Failure,6,Tuesday,1,Winter,False,False,In_Transit,2025-01-21 04:32:59,,829.7,-0.1,No_Delay,False,0.0
52954,Vande Bharat 30,Vande Bharat,Regional,ECR,21.83001,77.535685,DHN,BRC,VAPI,SEC-ECR-833,TRK-2,5.45,138.59,Up,2025-01-21 06:59:47,2025-01-21 07:16:47,3.28,32.4,1459.3,18,2025-01-21 07:56:47,914.57,75.8,-1.4,Running,0,544.73,5.9,-3.4,13.5,0.6,13.7,24.1,51.4,27.9,54374,12.3,101.6,20.37,1,46.09,7.0,1,1,18.1,NON00,No Delay Reported,No_Impact,,0,Not_Applicable,Not_Applicable,25.4,0.1,77.4,6.0,8403.0,Cloudy,No_Impact,Excellent,46.34,5.85,0,0,Auto,67.7,68.7,48.7,Fair,5.06,29.4,Up_to_Date,318,Healthy,Door_Malfunction,Minor,7,Tuesday,1,Winter,False,True,Completed,2025-01-21 07:13:23,2025-01-21 07:16:53,0.0,15.0,No_Delay,True,10.9
69657,Rajdhani 44,Rajdhani,Freight,SCR,16.921776,81.554668,ADI,GWL,PUNE,SEC-SCR-151,TRK-1,125.78,8.31,Up,2025-01-21 14:13:15,2025-01-21 14:27:15,17.89,144.1,999.2,17,2025-01-21 15:40:15,845.05,82.7,22.9,Running,0,154.15,10.3,7.1,-0.9,15.7,1.3,19.0,78.1,150.7,11549,18.3,53.6,36.74,0,17.71,39.7,1,0,31.3,PSG07,Passenger Emergency,Medium,2025-01-21 15:17:15,5,Confirmed,ML_Inference,39.0,1.2,46.2,0.4,3370.0,Rain,No_Impact,Excellent,46.66,4.56,0,0,Red,48.5,22.5,57.7,Needs_Inspection,4.13,14.8,Up_to_Date,253,Healthy,Brake_Wear,Critical,15,Tuesday,1,Winter,False,False,In_Transit,2025-01-21 14:38:39,,112.6,2.5,Operational,False,0.0
47422,Passenger 9,Passenger,Suburban,WCR,29.250531,69.092424,RTM,GWL,GAYA,SEC-WCR-224,TRK-1,154.47,161.17,Down,2025-01-21 16:10:24,2025-01-21 16:29:24,13.34,84.1,1049.6,14,2025-01-21 16:35:24,996.39,83.9,1.0,Stopped_at_Station,28,53.21,-5.0,6.4,8.0,15.0,7.2,0.0,62.3,86.1,85171,23.6,89.0,21.34,4,34.08,9.3,0,1,18.0,TRK02,Track Maintenance,Medium,2025-01-21 14:43:24,24,Unconfirmed,Station_Master,28.5,15.9,52.8,27.2,5036.0,Clear,No_Impact,Fair,26.64,4.88,75,0,Green,94.2,64.6,61.8,Excellent,4.21,6.6,Up_to_Date,13,Faulty,No_Failure,No_Failure,16,Tuesday,1,Winter,False,False,In_Transit,2025-01-21 16:04:48,,36.1,-6.6,Infrastructure,False,0.0
15150,DEMU 39,DEMU,Suburban,SCR,19.594713,86.461712,BPL,TDL,HWH,SEC-SCR-104,TRK-3,117.47,119.36,Down,2025-01-21 17:11:23,2025-01-21 17:30:23,4.42,173.8,712.1,7,2025-01-21 17:24:23,375.73,50.6,9.5,Halted_Signal,36,336.37,18.4,13.4,8.7,14.3,0.0,20.6,73.8,172.3,44169,-5.0,29.4,19.77,1,6.73,40.3,1,1,18.6,NON00,No Delay Reported,No_Impact,,0,Not_Applicable,Not_Applicable,22.7,0.0,79.2,12.2,2456.0,Clear,No_Impact,Good,29.75,4.12,0,0,Green,74.6,48.1,31.7,Fair,5.79,20.4,Up_to_Date,194,Healthy,Brake_Wear,Moderate,17,Tuesday,1,Winter,False,True,Completed,2025-01-21 17:13:11,2025-01-21 17:08:29,0.0,-7.7,No_Delay,False,0.0
32444,DEMU 32,DEMU,Freight,SCR,20.797058,69.559079,BRC,PUNE,MAS,SEC-SCR-300,TRK-2,108.12,172.9,Up,2025-01-21 16:46:57,2025-01-21 16:52:57,30.04,138.1,1796.2,4,2025-01-21 18:05:57,585.24,44.4,5.5,Slow_Running,0,1210.96,5.4,2.3,6.2,16.3,21.0,15.4,88.9,129.1,51955,16.7,73.3,21.85,5,1.09,15.9,1,1,47.1,NON00,No Delay Reported,No_Impact,,0,Not_Applicable,Not_Applicable,34.6,6.4,69.0,10.7,2892.0,Cloudy,Moderate,Good,37.39,1.83,0,0,Yellow,57.1,27.1,91.9,Good,4.99,15.4,Overdue,245,Degraded,No_Failure,No_Failure,18,Tuesday,1,Winter,False,True,Completed,2025-01-21 16:44:57,2025-01-21 16:46:27,0.0,-7.5,No_Delay,False,0.0
68510,Mail 48,Mail,Premium,CR,8.823731,88.56492,DHN,AGC,MAS,SEC-CR-226,TRK-2,122.72,105.31,Down,2025-01-21 20:25:54,2025-01-21 20:41:54,35.44,65.9,214.0,12,2025-01-21 22:39:54,22.29,86.9,61.0,Running,0,191.71,12.1,12.6,19.2,10.7,20.5,16.4,70.6,64.9,83119,11.0,87.3,26.78,2,41.51,24.0,1,1,63.4,WTH03,Adverse Weather,High,2025-01-21 21:52:54,82,Confirmed,IoT_Sensor,26.3,0.6,21.9,23.4,7883.0,Cloudy,Low,Under_Repair,38.16,4.61,60,0,Green,100.0,54.5,40.3,Excellent,4.25,79.8,Due_Soon,145,Healthy,HVAC_Failure,Moderate,22,Tuesday,1,Winter,False,False,Completed,2025-01-21 22:04:36,2025-01-21 22:07:30,0.0,37.7,Weather,True,31.7
82370,Mail 19,Mail,Regional,CR,31.279512,72.435985,CSTM,JP,NDLS,SEC-CR-311,TRK-2,173.38,7.97,Up,2025-01-22 08:25:57,2025-01-22 08:42:57,3.59,63.8,1790.2,14,2025-01-22 08:15:57,481.29,70.8,-0.0,Stopped_at_Station,16,1308.91,15.9,10.8,27.1,17.8,14.6,3.4,60.6,59.5,80919,0.8,46.5,12.3,5,46.63,29.5,1,0,16.5,NON00,No Delay Reported,No_Impact,,0,Not_Applicable,Not_Applicable,26.1,1.2,38.4,0.0,4302.0,Rain,No_Impact,Good,15.92,3.66,0,0,Yellow,70.5,67.9,56.2,Needs_Inspection,6.87,43.9,Due_Soon,166,Healthy,Door_Malfunction,Minor,8,Wednesday,1,Winter,False,True,Completed,2025-01-22 08:23:33,2025-01-22 08:22:03,0.0,-2.4,No_Delay,False,0.0
55504,Duronto 37,Duronto,Regional,ER,19.959421,90.383935,MAS,TDL,PUNE,SEC-ER-591,TRK-2,22.48,11.21,Down,2025-01-22 07:15:05,2025-01-22 07:30:05,6.97,157.9,1807.5,5,2025-01-22 08:30:05,648.52,57.7,6.8,Running,0,1158.98,4.4,10.1,6.5,20.9,14.6,10.9,56.0,159.0,51299,-5.0,31.3,4.04,3,14.23,39.0,1,0,27.6,NON00,No Delay Reported,No_Impact,,0,Not_Applicable,Not_Applicable,26.7,0.0,76.0,11.7,2170.0,Cloudy,Low,Good,38.19,5.34,0,1,Auto,84.7,75.7,33.2,Needs_Inspection,4.63,83.3,Overdue,112,Healthy,No_Failure,No_Failure,8,Wednesday,1,Winter,False,True,In_Transit,2025-01-22 07:11:17,,1202.0,-10.6,No_Delay,False,0.0
81712,Shatabdi 16,Shatabdi,Long-Distance,SWR,22.919029,75.382438,BRC,NDLS,JP,SEC-SWR-511,TRK-3,149.13,108.51,Down,2025-01-22 10:11:14,2025-01-22 10:17:14,22.48,128.7,1430.3,10,2025-01-22 12:48:14,84.34,87.6,27.2,Running,0,1345.96,11.9,25.4,6.6,14.3,0.0,14.4,79.1,124.8,24806,14.3,99.3,6.8,3,46.44,12.1,0,1,25.7,NON00,No Delay Reported,No_Impact,,0,Not_Applicable,Not_Applicable,29.5,0.2,49.4,9.0,4471.0,Fog,Low,Good,59.63,4.15,60,0,Red,30.2,23.7,40.6,Good,4.04,60.3,Due_Soon,157,Healthy,No_Failure,No_Failure,12,Wednesday,1,Winter,False,False,Completed,2025-01-22 10:48:20,2025-01-22 10:49:38,0.0,9.9,No_Delay,False,0.0
36423,Mail 27,Mail,Premium,NWR,11.280364,82.008557,PUNE,AGC,TDL,SEC-NWR-911,TRK-1,23.3,121.87,Down,2025-01-23 08:01:11,2025-01-23 08:10:11,24.45,73.7,1365.0,19,2025-01-23 08:05:11,669.89,35.6,3.4,Departed_Late,0,695.11,8.7,1.3,12.2,25.4,12.0,10.2,54.8,77.7,55496,-5.0,48.5,21.14,3,1.4,26.7,1,1,21.0,BLK08,Line Block / Engineering Work,High,2025-01-23 07:16:11,173,Unconfirmed,IoT_Sensor,34.9,4.3,57.6,9.8,4536.0,Haze,No_Impact,Excellent,55.0,4.35,60,0,Double_Yellow,89.6,42.6,39.0,Excellent,5.51,55.1,Due_Soon,97,Degraded,No_Failure,No_Failure,8,Thursday,1,Winter,False,True,Completed,2025-01-23 08:05:53,2025-01-23 08:09:23,0.0,1.3,Infrastructure,False,0.0
19306,MEMU 32,MEMU,Freight,SR,16.181835,81.757292,BCT,BPL,TDL,SEC-SR-143,TRK-2,31.56,95.38,Down,2025-01-23 07:41:00,2025-01-23 07:44:00,11.77,81.3,1957.2,14,2025-01-23 08:45:00,1028.98,60.4,5.5,Running,0,928.22,13.4,17.4,25.6,5.9,11.6,25.9,73.4,86.3,63270,33.9,98.9,37.21,0,36.57,14.9,0,1,10.5,CNG04,Traffic Congestion,Medium,2025-01-23 07:16:00,105,Unconfirmed,Control_Office,30.8,2.2,40.7,13.3,3476.0,Rain,No_Impact,Fair,28.23,4.31,45,0,Auto,77.5,55.6,31.2,Good,4.75,92.8,Due_Soon,134,Healthy,No_Failure,No_Failure,8,Thursday,1,Winter,False,True,Completed,2025-01-23 07:56:12,2025-01-23 07:57:06,0.0,9.7,Traffic,False,0.0
22068,Freight 25,Freight,Long-Distance,WCR,10.414983,90.818017,NGP,TDL,AGC,SEC-WCR-112,TRK-1,95.73,16.92,Up,2025-01-23 07:42:43,2025-01-23 07:44:43,5.87,125.8,1080.3,9,2025-01-23 10:32:43,311.72,68.1,0.8,Stopped_at_Station,9,768.58,35.9,0.2,26.2,24.7,3.5,12.3,38.5,135.1,57505,28.7,75.0,21.57,4,43.12,16.1,0,1,51.0,MEC06,Mechanical Failure,High,2025-01-23 09:23:43,32,Confirmed,Manual_Report,28.5,0.0,37.1,10.0,10000.0,Cloudy,Severe,Poor,34.3,4.98,0,0,Red,72.1,51.6,48.3,Fair,4.78,76.8,Up_to_Date,142,Healthy,Door_Malfunction,Minor,10,Thursday,1,Winter,False,False,Completed,2025-01-23 08:03:01,2025-01-23 08:01:37,0.0,19.5,Mechanical,True,9.8
18522,Freight 23,Freight,Premium,WCR,32.357737,82.074109,HWH,ASN,NGP,SEC-WCR-390,TRK-3,32.29,104.56,Down,2025-01-23 12:04:21,2025-01-23 12:15:21,8.59,116.3,1712.2,4,2025-01-23 14:01:21,1518.49,66.3,2.7,Stopped_at_Station,3,193.71,5.7,17.7,10.7,7.2,14.5,5.3,76.5,132.3,51241,18.6,65.7,26.36,5,8.28,19.3,1,1,12.4,BLK08,Line Block / Engineering Work,High,2025-01-23 13:04:21,33,Unconfirmed,IoT_Sensor,13.0,0.1,27.6,26.7,8248.0,Rain,Moderate,Good,26.01,4.28,60,0,Red,40.8,29.4,36.2,Needs_Inspection,4.5,61.2,Up_to_Date,289,Healthy,Door_Malfunction,Minor,14,Thursday,1,Winter,False,False,Completed,2025-01-23 12:01:21,2025-01-23 11:59:27,0.0,-5.7,Infrastructure,False,0.0
20307,Passenger 35,Passenger,Premium,NR,15.230153,82.281174,CSTM,LKO,ADI,SEC-NR-903,TRK-3,131.33,130.96,Down,2025-01-23 14:13:54,2025-01-23 14:24:54,35.44,129.8,359.7,19,2025-01-23 15:23:54,280.31,77.5,20.0,Running,0,79.39,22.7,23.4,12.3,15.8,12.8,23.4,64.5,132.9,89219,9.5,97.8,11.89,1,19.67,42.0,1,1,17.7,WTH03,Adverse Weather,High,2025-01-23 13:31:54,23,Confirmed,Control_Office,37.3,9.1,77.0,4.4,20.0,Clear,Low,Poor,30.42,2.19,60,1,Green,70.1,42.7,61.8,Good,6.15,81.7,In_Progress,290,Faulty,No_Failure,No_Failure,15,Thursday,1,Winter,False,False,Completed,2025-01-23 15:01:06,2025-01-23 15:03:18,0.0,27.2,Weather,True,16.2
25581,Shatabdi 47,Shatabdi,Long-Distance,WCR,31.35268,71.968173,DHN,CNB,AGC,SEC-WCR-152,TRK-3,24.55,121.59,Down,2025-01-24 23:48:46,2025-01-25 00:02:46,22.43,116.8,416.0,4,2025-01-25 01:08:46,135.35,50.6,8.3,Running,0,280.65,8.3,2.3,17.8,21.4,5.4,10.9,26.2,109.5,76519,1.9,83.3,25.79,1,10.72,26.0,1,1,19.9,NON00,No Delay Reported,No_Impact,,0,Not_Applicable,Not_Applicable,34.1,1.8,63.6,13.3,8043.0,Clear,No_Impact,Fair,43.88,1.79,45,0,Green,61.1,63.2,45.3,Good,3.96,95.6,Up_to_Date,287,Healthy,No_Failure,No_Failure,1,Saturday,1,Winter,True,False,Completed,2025-01-25 00:05:10,2025-01-25 00:00:04,0.0,8.1,No_Delay,False,0.0
96634,Duronto 37,Duronto,Freight,NR,8.017021,86.115104,JHS,ASN,BRC,SEC-NR-815,TRK-1,89.04,38.08,Up,2025-01-25 00:41:59,2025-01-25 00:58:59,28.64,124.5,699.4,3,2025-01-25 02:55:59,134.04,77.6,0.8,Stopped_at_Station,22,565.36,27.4,16.5,11.2,3.4,13.7,17.7,74.3,129.3,77110,0.4,72.8,30.25,0,28.28,35.8,0,1,17.0,MEC06,Mechanical Failure,High,2025-01-25 02:29:59,60,Confirmed,Control_Office,34.5,3.7,36.5,8.6,9480.0,Haze,No_Impact,Fair,46.4,2.64,75,0,Green,60.5,77.9,52.9,Good,4.64,78.5,Due_Soon,238,Healthy,No_Failure,No_Failure,2,Saturday,1,Winter,True,False,Completed,2025-01-25 00:34:53,2025-01-25 00:37:53,0.0,-7.9,Mechanical,False,0.0
13912,Superfast 18,Superfast,Long-Distance,WR,21.354224,75.414823,PNBE,HWH,NDLS,SEC-WR-786,TRK-2,165.17,88.17,Up,2025-01-25 01:04:29,2025-01-25 01:06:29,33.98,43.4,2148.6,0,2025-01-25 04:01:29,305.35,101.7,11.5,Running,0,1843.25,3.9,0.8,3.3,2.5,11.6,19.7,83.2,35.7,86372,13.3,91.4,8.9,4,27.83,24.8,1,1,28.7,NON00,No Delay Reported,No_Impact,,0,Not_Applicable,Not_Applicable,24.6,0.0,49.6,15.3,10000.0,Cloudy,Low,Fair,30.18,4.69,100,0,Double_Yellow,91.8,47.6,62.1,Excellent,5.17,23.2,Due_Soon,243,Faulty,Door_Malfunction,Minor,4,Saturday,1,Winter,True,False,Completed,2025-01-25 01:10:41,2025-01-25 01:07:47,0.0,-5.3,No_Delay,False,0.0
24491,Mail 45,Mail,Long-Distance,SR,24.654631,94.429116,BPL,PUNE,PNBE,SEC-SR-646,TRK-3,111.66,40.17,Down,2025-01-25 04:37:57,2025-01-25 04:39:57,26.01,104.5,1907.0,8,2025-01-25 06:50:57,654.77,77.2,9.0,Slow_Running,0,1252.23,21.6,9.1,12.1,15.7,20.9,19.5,60.8,107.2,16736,-0.9,88.0,14.39,0,2.34,8.5,0,1,41.5,MEC06,Mechanical Failure,High,2025-01-25 05:39:57,72,Auto-Detected,Manual_Report,27.0,0.0,100.0,13.2,9972.0,Clear,Severe,Good,31.62,0.63,0,0,Auto,100.0,82.9,44.7,Excellent,5.49,31.6,Up_to_Date,293,Healthy,No_Failure,No_Failure,6,Saturday,1,Winter,True,False,In_Transit,2025-01-25 05:09:27,,980.0,22.5,Mechanical,True,13.6
56848,Superfast 44,Superfast,Premium,NER,31.40865,96.358921,BZA,NDLS,PUNE,SEC-NER-330,TRK-3,30.93,117.95,Up,2025-01-25 20:30:36,2025-01-25 20:45:36,30.06,100.7,261.0,13,2025-01-25 20:36:36,231.47,17.0,1.1,Departed_Late,0,29.53,4.4,7.5,13.7,7.6,21.4,8.6,56.1,106.2,49710,3.4,48.9,2.91,1,34.94,28.3,1,1,21.2,TRK02,Track Maintenance,Medium,2025-01-25 18:48:36,64,Confirmed,Station_Master,36.3,8.4,53.7,16.5,3857.0,Clear,Low,Good,37.0,3.43,45,1,Green,67.9,77.2,37.2,Fair,4.12,90.4,In_Progress,123,Degraded,No_Failure,No_Failure,20,Saturday,1,Winter,True,True,Completed,2025-01-25 20:30:12,2025-01-25 20:29:06,0.0,-1.5,Infrastructure,False,0.0
76507,Duronto 26,Duronto,Suburban,ER,22.776363,94.205709,ST,HWH,CNB,SEC-ER-140,TRK-1,52.06,123.17,Up,2025-01-25 20:52:26,2025-01-25 20:55:26,21.27,103.2,478.8,6,2025-01-25 22:47:26,49.0,88.9,6.5,Running,0,429.8,-5.0,17.8,-0.0,11.7,11.5,24.7,93.4,97.0,32807,11.8,75.2,1.65,0,13.81,21.8,0,1,27.8,BLK08,Line Block / Engineering Work,High,2025-01-25 22:10:26,143,Unconfirmed,Control_Office,38.4,0.8,74.3,15.8,7284.0,Rain,No_Impact,Poor,46.44,4.0,0,0,Green,80.6,63.3,48.5,Critical,7.01,16.4,Due_Soon,256,Healthy,Bearing_Overheat,Minor,22,Saturday,1,Winter,True,False,Completed,2025-01-25 21:10:44,2025-01-25 21:09:38,0.0,11.8,Infrastructure,True,6.5
72972,Garib Rath 17,Garib Rath,Suburban,NFR,25.208904,86.011184,ST,RTM,BPL,SEC-NFR-985,TRK-1,63.17,51.8,Down,2025-01-26 03:03:41,2025-01-26 03:12:41,24.62,97.7,86.0,4,2025-01-26 04:23:41,56.29,46.4,27.5,Halted_Signal,44,29.71,4.0,18.3,1.6,32.8,8.5,9.9,72.3,92.1,11274,0.6,45.3,38.2,0,23.05,14.6,0,0,61.1,WTH03,Adverse Weather,High,2025-01-26 02:43:41,90,Unconfirmed,Control_Office,20.4,5.2,81.3,17.8,4899.0,Clear,Moderate,Excellent,35.71,2.58,60,0,Green,59.3,63.7,65.4,Fair,5.24,19.5,Overdue,82,Degraded,No_Failure,No_Failure,4,Sunday,1,Winter,True,False,Completed,2025-01-26 03:53:05,2025-01-26 03:57:23,0.0,21.9,Weather,True,13.9
21481,DEMU 47,DEMU,Premium,SR,15.267507,73.679293,JHS,JP,VAPI,SEC-SR-484,TRK-2,144.87,131.97,Down,2025-01-26 15:47:53,2025-01-26 16:03:53,11.68,98.3,1937.6,11,2025-01-26 17:43:53,427.7,85.0,13.8,Running,0,1509.9,12.5,7.4,9.1,17.0,24.5,22.1,43.9,97.0,78485,8.5,67.1,28.82,4,28.91,10.5,0,1,22.0,WTH03,Adverse Weather,High,2025-01-26 16:19:53,4,Unconfirmed,ML_Inference,31.1,7.8,41.9,9.9,1675.0,Rain,No_Impact,Under_Repair,19.57,1.19,100,0,Green,63.1,50.5,67.2,Good,4.94,33.0,In_Progress,143,Healthy,No_Failure,No_Failure,17,Sunday,1,Winter,True,True,Completed,2025-01-26 16:16:23,2025-01-26 16:16:11,0.0,14.7,Weather,True,10.3
35779,Shatabdi 9,Shatabdi,Freight,CR,29.773479,69.077375,MGS,PUNE,CNB,SEC-CR-870,TRK-1,30.11,99.7,Down,2025-01-27 01:07:36,2025-01-27 01:10:36,30.6,84.7,974.4,18,2025-01-27 02:19:36,178.22,47.1,3.9,Running,0,796.18,-5.0,5.3,9.2,27.7,3.3,10.1,69.2,85.1,88976,14.0,50.4,1.26,5,22.05,27.6,0,1,23.1,CNG04,Traffic Congestion,Medium,2025-01-27 01:58:36,136,Confirmed,ML_Inference,17.4,1.8,55.7,8.7,6105.0,Cloudy,Low,Good,40.76,5.45,0,0,Green,81.0,57.2,49.7,Good,6.1,36.9,Overdue,123,Healthy,Electrical_Fault,Minor,2,Monday,1,Winter,False,False,Completed,2025-01-27 01:31:18,2025-01-27 01:30:18,0.0,19.8,Traffic,True,11.4
87709,DEMU 31,DEMU,Suburban,WR,32.79358,90.924264,MGS,RTM,HWH,SEC-WR-927,TRK-1,11.15,68.02,Down,2025-01-27 08:25:29,2025-01-27 08:27:29,3.79,174.2,1291.3,5,2025-01-27 09:49:29,76.96,25.5,2.4,Stopped_at_Station,22,1214.34,-5.0,9.2,10.6,18.2,4.1,16.8,63.3,162.3,91066,12.5,54.9,7.22,5,45.47,33.2,1,1,11.2,NON00,No Delay Reported,No_Impact,,0,Not_Applicable,Not_Applicable,23.6,0.0,35.4,28.2,1736.0,Clear,No_Impact,Good,22.78,3.13,45,0,Green,59.1,71.8,40.7,Fair,6.52,30.9,Up_to_Date,20,Healthy,Bearing_Overheat,Critical,9,Monday,1,Winter,True,True,Completed,2025-01-27 08:26:11,2025-01-27 08:23:41,0.0,-1.7,No_Delay,False,0.0
37928,Superfast 37,Superfast,Premium,SWR,25.171029,90.681624,ST,KOTA,BCT,SEC-SWR-619,TRK-1,33.16,165.93,Down,2025-01-27 19:30:37,2025-01-27 19:45:37,13.58,104.2,1344.3,2,2025-01-27 20:16:37,584.29,111.2,1.1,Running,0,760.01,8.2,9.6,1.5,32.0,12.8,19.0,57.6,97.6,69336,-5.0,77.4,10.91,0,42.61,37.4,1,1,44.2,BLK08,Line Block / Engineering Work,High,2025-01-27 19:47:37,18,Confirmed,ML_Inference,20.8,4.4,69.5,17.7,3104.0,Clear,No_Impact,Excellent,34.87,6.62,0,0,Auto,43.7,45.2,40.8,Good,3.41,29.2,Up_to_Date,249,Healthy,No_Failure,No_Failure,20,Monday,1,Winter,False,True,Completed,2025-01-27 19:50:55,2025-01-27 19:49:37,0.0,19.2,Infrastructure,True,13.0
28211,Rajdhani 49,Rajdhani,Regional,NR,16.195118,72.097881,MGS,JHS,GAYA,SEC-NR-928,TRK-3,94.93,9.85,Down,2025-01-27 21:09:02,2025-01-27 21:14:02,15.2,164.5,1847.3,10,2025-01-27 21:18:02,1161.64,28.0,2.5,Halted_Signal,25,685.66,4.7,19.2,0.3,6.7,5.2,14.1,57.8,167.1,75649,13.3,74.2,35.88,1,4.8,19.3,0,0,0.9,BLK08,Line Block / Engineering Work,High,2025-01-27 20:02:02,49,Auto-Detected,IoT_Sensor,38.2,0.0,19.9,22.1,3611.0,Cloudy,No_Impact,Excellent,32.72,8.68,0,0,Green,98.3,64.8,64.1,Excellent,4.22,96.0,Up_to_Date,226,Degraded,No_Failure,No_Failure,21,Monday,1,Winter,False,False,Completed,2025-01-27 21:13:08,2025-01-27 21:14:08,0.0,1.6,Infrastructure,False,0.0
88541,Express 16,Express,Premium,CR,13.772688,79.605629,PUNE,KOTA,BZA,SEC-CR-735,TRK-1,11.81,32.53,Up,2025-01-28 01:04:38,2025-01-28 01:07:38,14.8,166.7,1469.1,2,2025-01-28 02:00:38,826.32,27.2,26.0,Departed_Late,0,642.78,6.2,22.7,7.1,1.1,21.3,3.7,65.0,168.1,18141,22.9,41.4,28.94,2,41.22,36.3,0,1,22.4,ANI09,Animal / Obstruction on Track,Medium,2025-01-28 01:57:38,70,Confirmed,Station_Master,13.8,0.2,64.9,17.0,5180.0,Rain,No_Impact,Fair,10.65,2.81,0,0,Auto,57.9,81.1,62.9,Fair,6.03,86.3,Due_Soon,61,Healthy,No_Failure,No_Failure,2,Tuesday,1,Winter,False,False,In_Transit,2025-01-28 01:39:56,,1420.7,9.3,Traffic,False,0.0
70400,Express 16,Express,Long-Distance,SWR,15.304329,86.042226,HWH,NGP,VAPI,SEC-SWR-749,TRK-1,172.57,119.63,Down,2025-01-28 12:02:57,2025-01-28 12:14:57,21.65,132.1,1291.2,9,2025-01-28 13:00:57,3.61,37.0,2.7,Stopped_at_Station,16,1287.59,20.1,9.6,10.5,2.3,14.6,7.6,68.4,134.3,39775,19.5,58.7,10.98,4,46.25,39.4,0,1,61.5,NON00,No Delay Reported,No_Impact,,0,Not_Applicable,Not_Applicable,24.2,0.0,27.4,2.7,8702.0,Fog,Moderate,Fair,13.4,3.89,100,0,Double_Yellow,44.0,49.3,51.3,Good,5.29,62.9,Up_to_Date,22,Healthy,Brake_Wear,Minor,13,Tuesday,1,Winter,False,False,In_Transit,2025-01-28 12:18:39,,2000.0,13.0,No_Delay,True,11.5
37535,Freight 31,Freight,Premium,ECR,29.407599,93.373382,ADI,HWH,PUNE,SEC-ECR-700,TRK-3,166.71,145.24,Down,2025-01-29 05:32:29,2025-01-29 05:47:29,5.81,178.7,1644.7,10,2025-01-29 07:51:29,710.11,52.0,12.4,Running,0,934.59,21.5,15.5,11.7,17.8,16.5,13.2,77.6,180.4,17029,21.3,57.8,31.63,0,30.71,3.2,1,1,23.0,LCB05,Late Crew Boarding,Low,2025-01-29 06:44:29,46,Confirmed,IoT_Sensor,30.6,1.5,60.9,19.6,5003.0,Fog,Low,Good,42.66,4.35,45,0,Green,59.4,60.1,64.9,Needs_Inspection,4.37,10.2,Overdue,109,Healthy,Brake_Wear,Minor,7,Wednesday,1,Winter,False,True,In_Transit,2025-01-29 05:53:53,,1081.1,9.0,Operational,False,0.0
21889,Vande Bharat 48,Vande Bharat,Suburban,NFR,23.259273,76.300462,JHS,SC,BZA,SEC-NFR-642,TRK-1,55.95,28.11,Up,2025-01-29 06:24:23,2025-01-29 06:27:23,9.37,141.7,1485.9,0,2025-01-29 08:35:23,222.46,62.8,28.5,Running,0,1263.44,18.4,20.8,26.4,11.1,30.7,4.6,69.2,143.8,15658,26.4,39.1,22.56,3,35.12,19.8,1,1,34.3,BLK08,Line Block / Engineering Work,High,2025-01-29 07:16:23,132,Auto-Detected,ML_Inference,29.8,19.1,41.1,15.3,5625.0,Clear,No_Impact,Good,26.51,1.39,75,0,Green,67.6,64.7,42.4,Fair,4.2,54.0,Up_to_Date,32,Healthy,No_Failure,No_Failure,8,Wednesday,1,Winter,False,True,Completed,2025-01-29 07:13:47,2025-01-29 07:12:29,0.0,20.9,Infrastructure,True,15.4
42974,Shatabdi 2,Shatabdi,Premium,NR,13.028856,76.053107,GAYA,JHS,ADI,SEC-NR-598,TRK-1,117.62,70.2,Up,2025-01-29 11:40:07,2025-01-29 11:54:07,5.79,57.9,954.7,1,2025-01-29 11:45:07,81.2,120.0,5.0,Running,0,873.5,-5.0,-5.0,18.2,16.5,8.8,16.5,84.8,52.1,11434,20.1,61.2,0.63,0,37.68,13.5,1,1,53.7,BLK08,Line Block / Engineering Work,High,2025-01-29 10:51:07,139,Auto-Detected,Station_Master,22.4,5.2,69.4,7.8,6855.0,Clear,Moderate,Excellent,29.77,3.36,0,0,Green,70.5,52.8,55.9,Good,6.08,68.3,Up_to_Date,29,Healthy,Axle_Fault,Moderate,11,Wednesday,1,Winter,False,False,In_Transit,2025-01-29 12:09:31,,444.1,24.4,Infrastructure,True,11.8
63962,MEMU 9,MEMU,Long-Distance,ECR,20.592996,72.735665,PUNE,MAS,ASN,SEC-ECR-766,TRK-1,30.87,126.33,Up,2025-01-29 12:46:15,2025-01-29 13:05:15,19.33,10.3,1127.2,19,2025-01-29 15:31:15,488.84,57.1,-2.8,Stopped_at_Station,28,638.36,4.3,16.9,6.6,12.6,0.0,13.9,51.9,12.0,94190,3.8,92.3,22.02,4,42.7,23.2,1,1,20.3,NON00,No Delay Reported,No_Impact,,0,Not_Applicable,Not_Applicable,34.5,1.2,46.6,20.8,2086.0,Haze,Low,Good,34.61,5.47,45,1,Green,97.8,57.0,66.2,Fair,3.91,56.8,Up_to_Date,149,Healthy,No_Failure,No_Failure,15,Wednesday,1,Winter,False,False,Completed,2025-01-29 12:47:39,2025-01-29 12:45:15,0.0,4.2,No_Delay,False,0.0
54924,Rajdhani 5,Rajdhani,Regional,SWR,8.0263,87.122037,HWH,LKO,JP,SEC-SWR-910,TRK-3,60.68,146.95,Up,2025-01-29 16:00:19,2025-01-29 16:10:19,9.78,162.9,1032.4,15,2025-01-29 16:20:19,1012.72,56.9,-2.6,Running,0,19.68,1.2,6.6,7.2,9.1,10.9,16.9,76.3,163.1,92129,-4.5,46.7,17.34,2,12.73,39.3,0,0,30.1,WTH03,Adverse Weather,High,2025-01-29 15:47:19,60,Auto-Detected,Manual_Report,18.6,4.4,24.3,24.2,6059.0,Clear,No_Impact,Excellent,18.41,5.0,100,0,Yellow,67.5,82.5,59.3,Needs_Inspection,3.96,65.8,Up_to_Date,265,Offline,No_Failure,No_Failure,16,Wednesday,1,Winter,False,False,Completed,2025-01-29 16:12:55,2025-01-29 16:07:19,0.0,15.2,Weather,True,7.4
13254,Mail 24,Mail,Long-Distance,NR,24.115416,80.728641,PNBE,CNB,SBC,SEC-NR-454,TRK-3,37.64,171.5,Down,2025-01-29 16:46:17,2025-01-29 16:53:17,3.54,74.4,405.8,14,2025-01-29 18:52:17,236.72,92.5,25.1,Stopped_at_Station,33,169.08,5.8,5.7,20.8,13.3,6.6,15.2,46.8,64.5,41284,19.9,47.3,1.46,3,12.14,37.3,1,0,11.9,TRK02,Track Maintenance,Medium,2025-01-29 16:56:17,129,Confirmed,IoT_Sensor,26.3,2.8,36.5,20.0,8203.0,Cloudy,Moderate,Good,28.65,3.58,0,0,Auto,74.1,56.4,45.7,Excellent,5.0,85.4,In_Progress,266,Healthy,Electrical_Fault,Minor,18,Wednesday,1,Winter,False,True,Completed,2025-01-29 17:22:17,2025-01-29 17:26:53,0.0,10.9,Infrastructure,True,7.4
73179,DEMU 3,DEMU,Long-Distance,SECR,19.686994,74.88213,HWH,BPL,GAYA,SEC-SECR-604,TRK-1,65.68,11.21,Down,2025-01-29 22:06:23,2025-01-29 22:08:23,7.13,124.1,510.5,4,2025-01-29 23:23:23,36.18,67.9,12.2,Stopped_at_Station,16,474.32,21.3,9.5,4.4,16.4,14.2,23.6,52.5,116.0,10304,0.8,55.1,9.86,0,1.51,16.9,0,1,41.9,TRK02,Track Maintenance,Medium,2025-01-29 23:16:23,68,Auto-Detected,Control_Office,23.9,2.0,65.7,21.1,7565.0,Fog,No_Impact,Poor,38.51,3.17,60,0,Green,61.7,54.6,24.4,Critical,5.79,94.8,Up_to_Date,21,Degraded,No_Failure,No_Failure,23,Wednesday,1,Winter,False,False,Completed,2025-01-29 22:26:47,2025-01-29 22:23:53,0.0,8.2,Infrastructure,False,0.0
49501,Vande Bharat 25,Vande Bharat,Long-Distance,NFR,21.169958,85.2947,BRC,KOTA,JP,SEC-NFR-385,TRK-3,108.85,53.04,Up,2025-01-30 08:08:03,2025-01-30 08:13:03,3.19,75.4,303.6,12,2025-01-30 08:45:03,132.39,23.7,3.4,Slow_Running,0,171.21,14.6,6.5,21.1,26.1,13.7,10.7,67.2,76.6,25142,27.1,67.4,38.61,3,37.22,14.7,1,1,30.8,CNG04,Traffic Congestion,Medium,2025-01-30 07:35:03,175,Auto-Detected,Manual_Report,21.6,0.0,73.2,33.6,7430.0,Rain,Moderate,Fair,48.46,4.49,60,0,Double_Yellow,41.2,47.3,48.7,Fair,5.56,84.3,Up_to_Date,284,Healthy,Brake_Wear,Moderate,8,Thursday,1,Winter,False,True,Completed,2025-01-30 08:34:33,2025-01-30 08:35:15,0.0,23.1,Traffic,True,11.1
40085,Freight 46,Freight,Premium,SCR,10.030925,83.789865,JHS,AGC,BPL,SEC-SCR-468,TRK-3,108.26,166.44,Up,2025-01-30 22:27:21,2025-01-30 22:44:21,15.87,115.5,294.4,1,2025-01-30 23:15:21,145.36,66.1,14.3,Departed_Late,0,149.04,-5.0,-3.1,20.4,9.1,13.1,32.2,49.2,118.6,31061,16.7,82.8,34.3,2,46.69,44.0,1,1,59.4,CNG04,Traffic Congestion,Medium,2025-01-30 22:39:21,98,Confirmed,Station_Master,15.5,2.9,58.3,18.3,2232.0,Heavy_Rain,Low,Good,36.56,2.22,0,0,Double_Yellow,96.9,25.7,77.0,Critical,5.57,55.5,Up_to_Date,344,Degraded,Bearing_Overheat,Critical,23,Thursday,1,Winter,False,False,Completed,2025-01-30 23:03:03,2025-01-30 23:01:39,0.0,21.4,Traffic,True,12.4
35913,Shatabdi 32,Shatabdi,Regional,ECoR,19.716937,81.587089,BCT,NGP,SC,SEC-ECoR-589,TRK-3,96.78,52.03,Down,2025-01-31 01:38:33,2025-01-31 01:48:33,8.97,111.1,105.0,12,2025-01-31 01:46:33,86.62,116.2,-2.7,Stopped_at_Station,32,18.38,6.6,10.8,5.3,18.7,18.5,13.9,69.5,103.8,76205,28.0,91.5,30.64,3,42.59,19.5,0,1,25.0,PSG07,Passenger Emergency,Medium,2025-01-31 01:15:33,121,Unconfirmed,ML_Inference,23.5,2.1,29.9,6.0,5119.0,Clear,No_Impact,Good,27.6,2.28,45,0,Auto,49.9,58.9,57.5,Good,4.72,33.6,Due_Soon,69,Healthy,No_Failure,No_Failure,1,Friday,1,Winter,False,False,Completed,2025-01-31 01:54:51,2025-01-31 01:55:39,0.0,19.0,Operational,True,9.0
11254,Superfast 2,Superfast,Regional,NWR,10.671502,73.157735,GAYA,BRC,MAS,SEC-NWR-484,TRK-1,43.76,154.9,Up,2025-02-01 02:50:16,2025-02-01 03:01:16,2.27,70.8,1431.4,12,2025-02-01 04:27:16,1034.49,53.0,-2.9,Running,0,396.91,12.4,3.3,13.5,20.9,0.2,0.0,88.6,70.5,56698,19.5,75.1,24.67,1,8.31,8.5,0,1,17.0,NON00,No Delay Reported,No_Impact,,0,Not_Applicable,Not_Applicable,37.1,2.8,74.5,6.3,4413.0,Fog,Low,Good,14.13,4.41,45,0,Green,100.0,69.3,46.3,Good,6.02,96.2,Up_to_Date,304,Healthy,No_Failure,No_Failure,4,Saturday,2,Winter,True,False,Completed,2025-02-01 02:41:58,2025-02-01 02:39:28,0.0,-5.4,No_Delay,False,0.0
86956,Mail 37,Mail,Long-Distance,WR,13.046117,96.9004,NGP,JHS,CNB,SEC-WR-211,TRK-1,63.07,141.68,Up,2025-02-01 02:45:28,2025-02-01 02:51:28,33.92,16.1,2170.3,1,2025-02-01 04:53:28,14.55,55.2,11.7,Running,0,2155.75,4.5,2.8,7.8,20.2,15.1,11.3,63.9,15.7,38785,3.3,76.4,21.01,3,27.23,25.7,1,1,55.7,WTH03,Adverse Weather,High,2025-02-01 04:29:28,177,Unconfirmed,ML_Inference,8.2,0.0,67.6,18.3,5376.0,Cloudy,No_Impact,Fair,25.55,2.89,0,0,Auto,50.0,71.8,38.0,Good,4.75,7.5,Up_to_Date,46,Healthy,No_Failure,No_Failure,4,Saturday,2,Winter,True,False,Completed,2025-02-01 03:21:58,2025-02-01 03:17:16,0.0,24.8,Weather,True,16.3
31687,Mail 20,Mail,Regional,SER,22.756059,81.940679,ALD,NGP,HWH,SEC-SER-480,TRK-3,6.39,63.57,Down,2025-02-01 17:54:38,2025-02-01 17:58:38,31.4,68.6,279.2,3,2025-02-01 17:54:38,79.81,76.9,6.0,Running,0,199.39,27.4,0.9,11.6,7.2,12.6,11.3,71.6,75.0,89764,21.8,103.0,18.61,2,4.66,13.1,0,0,3.4,CNG04,Traffic Congestion,Medium,2025-02-01 17:43:38,125,Confirmed,Station_Master,24.9,10.3,33.5,14.6,2848.0,Heavy_Rain,Severe,Good,43.71,2.87,30,0,Green,89.5,49.0,69.3,Needs_Inspection,5.19,84.2,In_Progress,330,Healthy,No_Failure,No_Failure,17,Saturday,2,Winter,True,True,Completed,2025-02-01 18:11:14,2025-02-01 18:11:14,0.0,10.6,Traffic,True,8.4
46767,Mail 30,Mail,Long-Distance,NCR,9.687085,79.415441,GAYA,CNB,BPL,SEC-NCR-953,TRK-2,58.85,19.96,Down,2025-02-01 23:50:24,2025-02-01 23:54:24,11.21,33.5,1600.8,19,2025-02-02 01:01:24,1072.34,101.3,28.1,Running,0,528.46,11.4,2.9,11.7,18.4,8.7,1.5,75.8,35.1,32374,8.8,58.2,36.49,0,46.36,24.8,1,1,38.2,NON00,No Delay Reported,No_Impact,,0,Not_Applicable,Not_Applicable,38.5,1.1,60.6,10.5,7206.0,Clear,No_Impact,Excellent,40.24,3.47,0,0,Yellow,56.2,61.6,52.2,Excellent,5.1,11.4,Overdue,356,Healthy,No_Failure,No_Failure,1,Sunday,2,Winter,True,False,Completed,2025-02-02 00:31:00,2025-02-02 00:42:36,0.0,12.5,No_Delay,True,5.6
97805,Garib Rath 20,Garib Rath,Long-Distance,NR,31.566499,73.412466,LKO,DHN,TDL,SEC-NR-761,TRK-3,96.13,79.65,Down,2025-02-02 07:14:28,2025-02-02 07:20:28,8.6,71.4,2131.9,15,2025-02-02 10:06:28,354.4,50.9,12.1,Halted_Signal,22,1777.5,-5.0,2.9,13.4,9.2,9.8,17.3,79.0,71.2,71653,9.2,18.4,17.13,5,3.42,5.8,1,0,29.1,TRK02,Track Maintenance,Medium,2025-02-02 09:51:28,66,Unconfirmed,Station_Master,28.5,0.0,67.3,22.5,2187.0,Clear,Severe,Fair,41.7,4.58,75,0,Auto,97.7,67.7,31.5,Excellent,5.04,6.1,Due_Soon,346,Degraded,Electrical_Fault,Minor,10,Sunday,2,Winter,True,False,Completed,2025-02-02 07:51:04,2025-02-02 07:56:52,0.0,24.5,Infrastructure,True,21.8
99338,Superfast 18,Superfast,Long-Distance,NFR,29.915712,82.020857,GAYA,NDLS,BPL,SEC-NFR-646,TRK-3,59.21,155.7,Down,2025-02-02 16:57:52,2025-02-02 17:08:52,15.83,47.6,361.9,17,2025-02-02 17:28:52,231.94,96.0,27.6,Slow_Running,0,129.96,13.2,15.6,-0.5,22.2,23.2,16.4,78.5,45.7,61221,10.0,68.1,15.66,1,15.38,28.0,1,1,64.8,TRK02,Track Maintenance,Medium,2025-02-02 16:12:52,53,Unconfirmed,ML_Inference,32.5,2.7,45.2,8.9,20.0,Heavy_Rain,Moderate,Excellent,53.49,0.85,0,0,Auto,45.5,52.2,62.0,Excellent,4.5,72.8,In_Progress,93,Degraded,HVAC_Failure,Minor,17,Sunday,2,Winter,True,True,In_Transit,2025-02-02 18:03:58,,92.8,38.5,Infrastructure,True,31.9
14649,MEMU 19,MEMU,Regional,NFR,26.694407,87.193591,ST,CSTM,MGS,SEC-NFR-617,TRK-3,150.36,102.51,Up,2025-02-02 18:02:06,2025-02-02 18:04:06,28.52,160.4,964.5,12,2025-02-02 19:23:06,438.89,48.3,41.4,Running,0,525.61,6.1,26.5,0.8,31.1,10.3,6.9,68.3,164.5,80700,18.8,25.2,30.64,5,22.45,34.4,0,1,1.9,ANI09,Animal / Obstruction on Track,Medium,2025-02-02 17:37:06,23,Confirmed,ML_Inference,23.2,0.0,39.7,15.2,4102.0,Clear,No_Impact,Fair,38.31,0.99,0,0,Green,48.4,57.9,44.9,Fair,6.14,45.9,In_Progress,12,Healthy,No_Failure,No_Failure,19,Sunday,2,Winter,True,True,Not_Started,,,657.1,14.0,Traffic,True,5.7
97463,Superfast 27,Superfast,Long-Distance,NCR,32.04073,76.284297,BPL,JHS,RTM,SEC-NCR-574,TRK-3,63.32,91.25,Up,2025-02-02 18:45:16,2025-02-02 19:00:16,34.42,95.5,853.0,18,2025-02-02 20:20:16,734.06,43.8,1.6,Stopped_at_Station,37,118.94,9.2,13.3,9.0,16.2,16.2,25.3,63.8,87.6,99445,15.5,52.3,35.04,4,35.79,15.2,0,1,34.9,NON00,No Delay Reported,No_Impact,,0,Not_Applicable,Not_Applicable,40.2,0.0,55.5,8.2,7553.0,Rain,No_Impact,Excellent,36.66,2.51,0,0,Green,92.4,55.5,50.9,Fair,3.84,51.2,Up_to_Date,108,Healthy,No_Failure,No_Failure,20,Sunday,2,Winter,True,True,Completed,2025-02-02 19:03:04,2025-02-02 19:01:34,0.0,16.2,No_Delay,True,7.8
17763,DEMU 29,DEMU,Long-Distance,WR,19.944546,78.877088,AGC,BRC,BCT,SEC-WR-132,TRK-1,127.48,164.01,Up,2025-02-02 21:22:20,2025-02-02 21:27:20,15.53,129.8,1913.7,7,2025-02-02 22:53:20,1903.04,73.6,22.3,Stopped_at_Station,36,10.66,7.8,15.6,9.5,7.6,18.3,26.1,78.4,129.9,84291,-0.6,83.0,33.05,1,44.28,14.5,0,1,22.1,CNG04,Traffic Congestion,Medium,2025-02-02 20:58:20,145,Confirmed,Station_Master,30.9,0.0,64.8,10.7,20.0,Clear,Low,Excellent,44.87,0.8,0,0,Green,49.3,52.3,74.0,Excellent,4.02,19.2,In_Progress,92,Faulty,No_Failure,No_Failure,22,Sunday,2,Winter,True,False,Completed,2025-02-02 21:55:50,2025-02-02 21:48:50,0.0,11.2,Traffic,True,8.7
67259,Superfast 42,Superfast,Suburban,ECoR,15.85075,69.4951,ASN,MGS,SBC,SEC-ECoR-329,TRK-1,6.41,159.95,Down,2025-02-02 21:12:34,2025-02-02 21:16:34,30.82,114.0,870.7,3,2025-02-02 23:44:34,307.66,50.7,6.1,Departed_Late,0,563.04,-0.4,25.7,1.3,23.8,7.4,13.2,91.5,123.7,40545,22.2,86.5,39.43,2,39.55,27.5,1,0,7.7,WTH03,Adverse Weather,High,2025-02-02 22:05:34,133,Confirmed,Station_Master,22.3,5.4,49.5,23.2,6183.0,Clear,Low,Under_Repair,36.78,3.31,0,1,Yellow,73.2,73.5,22.8,Needs_Inspection,4.5,72.8,Due_Soon,11,Healthy,No_Failure,No_Failure,23,Sunday,2,Winter,True,False,Completed,2025-02-02 21:30:10,2025-02-02 21:29:04,0.0,11.5,Weather,True,8.0
62946,Vande Bharat 30,Vande Bharat,Regional,WR,10.39451,68.763309,DHN,HWH,SBC,SEC-WR-933,TRK-3,43.94,155.46,Up,2025-02-03 10:49:49,2025-02-03 10:52:49,4.15,122.2,174.8,14,2025-02-03 12:26:49,95.32,60.2,3.4,Stopped_at_Station,24,79.48,-4.6,10.5,10.7,34.5,11.3,25.8,99.0,113.9,23242,9.4,32.3,29.92,4,1.25,31.0,0,0,34.4,CNG04,Traffic Congestion,Medium,2025-02-03 12:11:49,56,Auto-Detected,IoT_Sensor,26.2,0.0,36.0,6.8,9588.0,Clear,No_Impact,Excellent,21.76,5.26,60,0,Green,79.9,27.3,46.0,Good,5.46,47.8,Overdue,7,Healthy,Bearing_Overheat,Minor,12,Monday,2,Winter,False,False,Completed,2025-02-03 10:58:49,2025-02-03 10:56:43,0.0,5.6,Traffic,False,0.0
76903,Passenger 20,Passenger,Suburban,SR,13.712624,79.760788,VAPI,LKO,HWH,SEC-SR-909,TRK-3,55.39,94.83,Down,2025-02-03 12:36:57,2025-02-03 12:55:57,22.4,154.7,364.3,8,2025-02-03 12:38:57,93.84,20.7,3.8,Running,0,270.46,10.7,10.6,7.0,22.0,13.0,16.8,49.8,153.6,46095,18.6,48.8,19.68,1,17.66,34.2,1,1,18.0,NON00,No Delay Reported,No_Impact,,0,Not_Applicable,Not_Applicable,36.0,8.1,100.0,23.1,5521.0,Haze,Low,Good,40.41,4.39,30,1,Double_Yellow,78.2,54.8,43.0,Fair,5.88,34.4,In_Progress,362,Healthy,Brake_Wear,Critical,12,Monday,2,Winter,False,False,In_Transit,2025-02-03 12:37:39,,783.0,-3.1,No_Delay,False,0.0
39840,Rajdhani 37,Rajdhani,Regional,NWR,21.026493,85.311943,MGS,KOTA,BRC,SEC-NWR-157,TRK-1,134.49,10.0,Up,2025-02-03 13:59:26,2025-02-03 14:08:26,1.59,117.7,1864.3,10,2025-02-03 14:06:26,1100.48,35.2,2.6,Terminated,0,763.82,10.9,17.4,11.6,9.9,17.4,18.7,99.0,134.5,26698,15.4,133.4,34.24,0,2.14,5.0,0,1,47.1,NON00,No Delay Reported,No_Impact,,0,Not_Applicable,Not_Applicable,30.4,6.5,75.5,24.3,3987.0,Heavy_Rain,No_Impact,Excellent,25.62,3.19,60,0,Green,87.2,47.4,56.5,Good,5.35,9.9,Up_to_Date,175,Healthy,No_Failure,No_Failure,14,Monday,2,Winter,False,False,In_Transit,2025-02-03 14:09:38,,1304.2,7.6,No_Delay,False,0.0
90418,Shatabdi 48,Shatabdi,Long-Distance,ECR,27.749951,82.443028,SBC,NDLS,ADI,SEC-ECR-984,TRK-3,7.43,129.82,Down,2025-02-04 03:37:47,2025-02-04 03:51:47,26.44,81.7,1396.1,7,2025-02-04 04:35:47,1152.48,71.7,8.4,Slow_Running,0,243.62,15.8,15.7,19.1,17.3,1.8,19.9,59.8,79.2,48116,20.0,78.0,7.73,1,28.9,12.3,1,1,55.5,NON00,No Delay Reported,No_Impact,,0,Not_Applicable,Not_Applicable,14.6,5.3,56.3,15.9,6653.0,Clear,No_Impact,Fair,5.0,2.88,45,0,Red,49.2,72.6,59.2,Excellent,6.05,0.5,Due_Soon,333,Healthy,No_Failure,No_Failure,4,Tuesday,2,Winter,False,False,Completed,2025-02-04 03:49:47,2025-02-04 03:52:41,0.0,3.6,No_Delay,False,0.0
59950,DEMU 49,DEMU,Freight,CR,20.311969,94.837552,BRC,ALD,AGC,SEC-CR-144,TRK-1,148.92,125.1,Down,2025-02-04 04:20:57,2025-02-04 04:31:57,25.79,164.2,394.9,18,2025-02-04 05:30:57,274.38,49.7,41.3,Running,0,120.52,19.9,0.3,0.4,8.3,8.7,5.8,80.7,167.1,47158,11.3,61.4,31.84,1,28.7,8.8,0,1,6.8,ANI09,Animal / Obstruction on Track,Medium,2025-02-04 03:50:57,49,Confirmed,Control_Office,33.8,6.3,71.8,15.9,6945.0,Cloudy,No_Impact,Good,46.76,6.05,30,0,Yellow,79.1,46.2,48.7,Needs_Inspection,4.35,97.6,Due_Soon,322,Healthy,Electrical_Fault,Critical,5,Tuesday,2,Winter,False,False,In_Transit,2025-02-04 05:22:33,,151.6,20.3,Traffic,True,13.1
55406,Shatabdi 6,Shatabdi,Long-Distance,NCR,29.176347,89.763971,MAS,JHS,BRC,SEC-NCR-885,TRK-3,167.23,32.8,Up,2025-02-04 08:17:32,2025-02-04 08:30:32,9.9,17.7,1919.7,19,2025-02-04 11:04:32,385.03,75.8,27.5,Slow_Running,0,1534.67,12.3,-5.0,-1.9,23.2,21.2,11.6,78.8,32.0,30196,7.0,62.7,1.58,3,11.73,4.2,1,1,24.7,CNG04,Traffic Congestion,Medium,2025-02-04 09:48:32,44,Confirmed,IoT_Sensor,41.6,1.8,87.8,26.7,4960.0,Fog,No_Impact,Excellent,44.7,2.89,0,0,Red,88.0,54.5,48.7,Excellent,4.45,44.8,Due_Soon,345,Healthy,No_Failure,No_Failure,11,Tuesday,2,Winter,False,False,Completed,2025-02-04 09:05:20,2025-02-04 09:01:32,0.0,20.3,Traffic,True,14.3
55569,Passenger 21,Passenger,Freight,NFR,30.532518,83.053828,ADI,HWH,LKO,SEC-NFR-698,TRK-3,135.03,160.65,Down,2025-02-04 15:38:24,2025-02-04 15:42:24,23.37,171.9,1053.9,0,2025-02-04 15:28:24,119.36,68.8,15.1,Stopped_at_Station,34,934.54,7.4,19.1,13.6,18.4,11.3,21.1,97.1,157.9,69172,3.0,43.3,20.16,0,34.6,24.4,1,1,36.1,CNG04,Traffic Congestion,Medium,2025-02-04 13:49:24,130,Unconfirmed,ML_Inference,24.9,0.8,13.5,7.9,7163.0,Clear,No_Impact,Good,40.69,1.02,0,0,Green,85.3,47.3,31.8,Good,5.19,80.9,Due_Soon,71,Healthy,No_Failure,No_Failure,15,Tuesday,2,Winter,False,False,In_Transit,2025-02-04 16:21:48,,823.5,28.3,Traffic,True,16.0
42776,Freight 20,Freight,Long-Distance,NR,27.001016,69.53831,LKO,HWH,GWL,SEC-NR-334,TRK-1,107.7,141.83,Down,2025-02-04 16:31:29,2025-02-04 16:35:29,33.27,112.9,2120.5,1,2025-02-04 19:10:29,674.7,78.0,14.7,Running,0,1445.8,8.6,16.1,14.4,6.0,3.0,8.3,88.1,115.5,98989,7.6,42.3,4.34,0,17.89,27.9,1,0,25.5,SIG01,Signal Failure,High,2025-02-04 17:42:29,92,Unconfirmed,Manual_Report,24.1,0.6,100.0,17.8,20.0,Clear,Low,Excellent,32.76,2.15,0,0,Yellow,75.1,37.7,60.7,Good,3.58,92.9,In_Progress,363,Healthy,No_Failure,No_Failure,19,Tuesday,2,Winter,False,True,Completed,2025-02-04 17:11:59,2025-02-04 17:06:53,0.0,25.8,No_Delay,True,21.7
16870,Express 17,Express,Long-Distance,NR,27.388116,94.437556,ST,DHN,ALD,SEC-NR-331,TRK-2,125.59,15.47,Up,2025-02-05 01:16:28,2025-02-05 01:24:28,35.66,74.5,628.8,17,2025-02-05 01:26:28,567.0,65.3,4.1,Running,0,61.8,21.1,13.0,7.5,12.6,12.7,6.8,41.0,71.4,92965,15.4,49.2,27.56,0,41.23,12.1,1,1,13.5,CNG04,Traffic Congestion,Medium,2025-02-05 00:17:28,141,Confirmed,Control_Office,29.9,1.7,97.9,0.2,10000.0,Cloudy,Low,Excellent,28.85,3.43,100,0,Red,78.4,60.5,51.2,Needs_Inspection,4.78,10.2,Overdue,260,Healthy,No_Failure,No_Failure,1,Wednesday,2,Winter,False,False,Completed,2025-02-05 01:28:16,2025-02-05 01:31:04,0.0,7.7,Traffic,False,0.0
31559,Mail 47,Mail,Long-Distance,NER,10.214394,85.345712,JHS,SBC,ADI,SEC-NER-355,TRK-1,119.51,34.28,Up,2025-02-05 09:35:46,2025-02-05 09:47:46,34.51,63.8,476.5,18,2025-02-05 09:51:46,156.99,33.4,-1.3,Terminated,0,319.51,20.3,0.9,1.0,16.0,23.8,17.3,71.2,69.6,35019,18.9,18.9,25.76,2,2.58,16.1,0,1,72.9,ANI09,Animal / Obstruction on Track,Medium,2025-02-05 09:04:46,169,Confirmed,IoT_Sensor,48.0,3.0,38.8,17.4,6345.0,Cloudy,Low,Good,19.68,6.95,0,0,Green,57.2,67.9,58.0,Fair,5.63,84.7,Due_Soon,234,Healthy,Brake_Wear,Critical,9,Wednesday,2,Winter,False,True,In_Transit,2025-02-05 09:50:52,,578.9,16.4,Traffic,True,10.2
93500,Superfast 46,Superfast,Premium,NER,8.747818,93.757222,VAPI,AGC,DHN,SEC-NER-366,TRK-1,81.56,98.25,Up,2025-02-05 18:55:28,2025-02-05 19:01:28,2.32,33.8,1076.4,12,2025-02-05 21:08:28,44.17,120.6,13.6,Slow_Running,0,1032.23,-3.5,5.7,-1.7,4.8,16.2,21.9,65.2,34.4,70583,10.0,26.1,37.7,4,5.87,27.6,1,1,7.1,NON00,No Delay Reported,No_Impact,,0,Not_Applicable,Not_Applicable,30.4,5.4,62.8,19.8,4348.0,Rain,No_Impact,Fair,24.64,4.19,30,0,Green,68.2,21.2,33.6,Fair,5.45,89.0,Up_to_Date,272,Healthy,Brake_Wear,Minor,21,Wednesday,2,Winter,False,False,Completed,2025-02-05 19:17:04,2025-02-05 19:17:46,0.0,8.0,No_Delay,False,0.0
74909,Freight 7,Freight,Regional,NCR,33.489982,91.42189,RTM,BPL,PUNE,SEC-NCR-906,TRK-2,179.52,133.37,Up,2025-02-05 21:34:09,2025-02-05 21:50:09,23.48,10.5,723.6,17,2025-02-05 22:14:09,291.38,42.6,36.3,Stopped_at_Station,38,432.22,-5.0,-5.0,15.3,23.6,26.3,14.6,81.8,9.3,89776,4.9,76.6,38.44,4,4.04,23.3,0,1,59.9,NON00,No Delay Reported,No_Impact,,0,Not_Applicable,Not_Applicable,9.2,4.7,63.8,20.9,3811.0,Heavy_Rain,No_Impact,Fair,34.97,0.92,60,0,Auto,78.5,65.5,65.2,Fair,4.59,57.9,In_Progress,346,Healthy,Brake_Wear,Minor,22,Wednesday,2,Winter,False,False,Completed,2025-02-05 22:36:33,2025-02-05 22:27:57,0.0,26.1,No_Delay,True,17.8
38618,DEMU 10,DEMU,Regional,NFR,21.759492,87.758833,GAYA,KOTA,NGP,SEC-NFR-280,TRK-2,142.03,75.45,Down,2025-02-06 00:02:15,2025-02-06 00:20:15,14.72,151.0,1263.2,1,2025-02-06 00:20:15,363.59,90.4,0.8,Running,0,899.61,-1.8,11.1,20.6,11.2,2.0,24.3,53.4,144.3,78546,7.9,99.0,6.36,2,43.96,25.1,0,0,45.1,BLK08,Line Block / Engineering Work,High,2025-02-05 22:57:15,61,Auto-Detected,ML_Inference,26.6,0.0,74.0,15.0,7686.0,Clear,Severe,Good,35.95,1.04,75,0,Auto,82.8,51.2,35.7,Excellent,6.26,24.3,Up_to_Date,295,Healthy,No_Failure,No_Failure,0,Thursday,2,Winter,False,False,Not_Started,,,598.3,4.0,Infrastructure,False,0.0
24897,Rajdhani 40,Rajdhani,Suburban,ECoR,8.437018,77.537939,NGP,ADI,ASN,SEC-ECoR-103,TRK-3,165.34,135.74,Up,2025-02-06 01:38:20,2025-02-06 01:41:20,13.61,126.8,1068.8,5,2025-02-06 02:21:20,49.84,92.4,20.3,Slow_Running,0,1018.96,23.6,10.5,9.8,19.9,6.5,8.4,70.4,121.5,82637,1.0,82.9,29.97,2,35.47,31.6,0,0,32.9,MEC06,Mechanical Failure,High,2025-02-06 00:26:20,46,Confirmed,Manual_Report,22.0,5.1,61.1,7.5,4218.0,Rain,No_Impact,Poor,38.92,3.81,30,0,Red,53.9,39.5,66.7,Excellent,5.03,10.3,Up_to_Date,119,Healthy,Electrical_Fault,Minor,2,Thursday,2,Winter,False,False,Completed,2025-02-06 02:05:50,2025-02-06 02:08:32,0.0,7.2,Mechanical,False,0.0
76373,Express 44,Express,Freight,SCR,14.933855,80.330937,GAYA,SC,ADI,SEC-SCR-134,TRK-2,97.99,160.1,Up,2025-02-06 04:21:09,2025-02-06 04:28:09,17.54,8.4,1579.4,19,2025-02-06 05:17:09,779.4,70.9,23.5,Slow_Running,0,800.0,0.8,6.3,15.1,12.8,14.9,19.0,73.6,5.0,47407,15.0,59.6,34.95,0,12.25,15.8,1,0,55.2,ANI09,Animal / Obstruction on Track,Medium,2025-02-06 03:41:09,154,Confirmed,ML_Inference,37.1,1.4,61.4,4.4,611.0,Cloudy,Moderate,Good,36.32,1.68,75,1,Green,38.5,73.5,69.9,Good,4.17,23.5,Up_to_Date,297,Healthy,Brake_Wear,Moderate,5,Thursday,2,Winter,False,False,Completed,2025-02-06 05:09:09,2025-02-06 05:07:45,0.0,24.5,Traffic,True,15.8
27991,Passenger 33,Passenger,Premium,NCR,13.178619,87.274631,VAPI,ADI,BCT,SEC-NCR-894,TRK-2,11.01,36.75,Down,2025-02-06 03:12:25,2025-02-06 03:23:25,32.96,17.1,1919.3,13,2025-02-06 05:18:25,456.15,57.5,-1.3,Departed_Late,0,1463.15,1.3,-0.4,4.5,11.0,0.0,12.9,72.7,20.2,85258,12.8,65.7,30.32,4,27.19,36.1,0,0,41.9,MEC06,Mechanical Failure,High,2025-02-06 04:34:25,120,Unconfirmed,Manual_Report,28.1,0.0,17.4,0.0,5567.0,Cloudy,Moderate,Fair,38.07,4.43,45,0,Green,60.2,40.3,40.5,Fair,5.05,11.9,Up_to_Date,247,Offline,HVAC_Failure,Minor,5,Thursday,2,Winter,False,False,Completed,2025-02-06 03:18:13,2025-02-06 03:16:49,0.0,7.1,Mechanical,False,0.0
84485,Rajdhani 2,Rajdhani,Regional,NCR,8.132102,92.634763,BZA,CNB,LKO,SEC-NCR-426,TRK-1,170.91,43.98,Down,2025-02-06 05:31:23,2025-02-06 05:43:23,20.2,163.2,2167.0,4,2025-02-06 07:35:23,1910.36,37.1,21.3,Departed_Late,0,256.64,18.9,15.0,16.2,14.0,12.5,21.3,45.2,163.3,99767,20.1,50.6,25.14,2,12.89,31.4,0,1,12.4,NON00,No Delay Reported,No_Impact,,0,Not_Applicable,Not_Applicable,33.2,1.8,56.8,8.7,6855.0,Cloudy,Low,Fair,48.42,1.44,75,0,Yellow,100.0,72.0,49.6,Good,4.49,77.0,Up_to_Date,165,Healthy,No_Failure,No_Failure,7,Thursday,2,Winter,False,True,Completed,2025-02-06 05:58:05,2025-02-06 05:51:23,0.0,5.4,No_Delay,False,0.0
51688,Garib Rath 32,Garib Rath,Freight,CR,19.642777,96.321725,MAS,NDLS,JHS,SEC-CR-886,TRK-3,41.76,55.12,Up,2025-02-06 11:14:10,2025-02-06 11:33:10,33.76,113.9,1651.9,5,2025-02-06 13:35:10,171.66,67.2,13.1,Running,0,1480.24,31.7,24.5,13.7,17.2,11.6,24.1,84.2,115.6,71947,8.7,64.9,26.08,3,12.97,36.4,1,0,32.4,WTH03,Adverse Weather,High,2025-02-06 13:26:10,166,Confirmed,Manual_Report,29.6,0.3,67.8,10.6,1299.0,Rain,Low,Good,23.66,2.09,0,0,Yellow,46.5,52.4,77.0,Good,4.46,81.8,Up_to_Date,16,Healthy,No_Failure,No_Failure,13,Thursday,2,Winter,False,False,Completed,2025-02-06 11:53:34,2025-02-06 11:49:34,0.0,26.3,Weather,True,15.9
49050,Shatabdi 45,Shatabdi,Freight,NCR,23.869747,77.789963,GWL,LKO,RTM,SEC-NCR-109,TRK-2,76.73,88.08,Down,2025-02-07 06:24:09,2025-02-07 06:29:09,13.41,153.8,1759.6,8,2025-02-07 08:18:09,1662.28,110.2,48.9,Running,0,97.32,8.2,1.3,2.4,23.3,24.5,15.9,80.4,160.8,91835,13.6,15.1,6.9,3,6.46,20.3,0,1,49.4,TRK02,Track Maintenance,Medium,2025-02-07 08:06:09,20,Confirmed,ML_Inference,27.6,0.0,91.1,6.9,6481.0,Clear,Moderate,Excellent,35.04,5.58,0,0,Double_Yellow,54.8,74.3,60.4,Needs_Inspection,5.67,55.9,Due_Soon,203,Healthy,No_Failure,No_Failure,8,Friday,2,Winter,True,True,Completed,2025-02-07 07:49:21,2025-02-07 07:47:09,0.0,36.3,Infrastructure,True,19.4
96688,DEMU 23,DEMU,Premium,NWR,21.903689,69.019586,CNB,GWL,ADI,SEC-NWR-479,TRK-3,117.36,32.33,Up,2025-02-07 07:46:44,2025-02-07 07:59:44,33.73,146.8,1325.0,6,2025-02-07 09:15:44,672.36,75.5,34.5,Running,0,652.64,9.6,9.0,12.6,6.6,0.0,29.9,71.7,149.2,49835,14.7,72.5,6.3,5,23.42,14.8,1,1,48.9,BLK08,Line Block / Engineering Work,High,2025-02-07 07:21:44,123,Confirmed,Control_Office,22.8,0.3,62.1,6.0,20.0,Cloudy,No_Impact,Excellent,31.98,3.48,100,0,Green,91.3,39.8,42.4,Excellent,4.01,68.4,Overdue,110,Offline,Axle_Fault,Critical,9,Friday,2,Winter,False,True,Completed,2025-02-07 08:55:20,2025-02-07 08:58:20,0.0,34.1,Infrastructure,True,21.1
84365,Express 8,Express,Suburban,ECoR,16.45811,88.84503,KOTA,LKO,TDL,SEC-ECoR-836,TRK-2,51.86,110.14,Down,2025-02-07 10:07:35,2025-02-07 10:09:35,24.1,140.7,1505.3,12,2025-02-07 10:40:35,660.86,81.9,24.2,Slow_Running,0,844.44,5.7,12.7,-2.1,6.9,28.1,8.0,57.3,147.8,90521,28.5,49.2,3.44,1,25.52,42.6,0,1,31.9,CNG04,Traffic Congestion,Medium,2025-02-07 10:31:35,93,Auto-Detected,Station_Master,23.3,0.0,46.4,12.5,2489.0,Clear,No_Impact,Excellent,30.96,0.39,0,0,Yellow,69.5,42.6,33.1,Good,5.06,56.3,Due_Soon,312,Healthy,No_Failure,No_Failure,10,Friday,2,Winter,False,False,Completed,2025-02-07 10:49:41,2025-02-07 10:53:35,0.0,17.9,Traffic,True,13.6
19822,Express 7,Express,Long-Distance,NER,22.953849,96.148891,GWL,SBC,BZA,SEC-NER-496,TRK-2,113.27,24.4,Up,2025-02-07 17:07:12,2025-02-07 17:22:12,29.29,164.3,1350.8,9,2025-02-07 19:57:12,1282.97,118.8,2.7,Running,0,67.83,13.7,9.9,12.6,15.5,24.7,4.0,82.6,157.5,65530,6.9,63.7,1.29,2,12.72,3.9,1,1,58.1,TRK02,Track Maintenance,Medium,2025-02-07 17:59:12,14,Confirmed,IoT_Sensor,16.7,9.5,53.9,12.4,3245.0,Clear,Moderate,Fair,23.21,2.77,0,0,Auto,89.1,85.1,47.5,Fair,5.36,28.8,Overdue,270,Healthy,No_Failure,No_Failure,19,Friday,2,Winter,False,True,Not_Started,,,37.9,12.3,Infrastructure,True,8.0
74597,Express 35,Express,Regional,NR,29.672122,81.227563,ADI,ASN,ALD,SEC-NR-367,TRK-3,112.6,65.04,Down,2025-02-07 23:27:51,2025-02-07 23:32:51,9.14,179.3,1509.1,18,2025-02-07 23:55:51,984.36,101.4,48.3,Stopped_at_Station,41,524.74,13.7,15.9,13.0,20.4,16.8,20.8,98.9,180.0,37304,0.9,108.8,38.03,1,20.39,39.6,1,1,37.1,ANI09,Animal / Obstruction on Track,Medium,2025-02-07 23:08:51,105,Confirmed,Manual_Report,39.7,4.9,34.6,21.7,10000.0,Cloudy,No_Impact,Good,21.44,5.57,0,0,Green,66.1,54.0,39.4,Fair,6.55,68.8,Up_to_Date,290,Healthy,No_Failure,No_Failure,23,Friday,2,Winter,False,False,Completed,2025-02-08 00:58:03,2025-02-08 00:58:09,0.0,41.9,Traffic,True,20.1
52613,DEMU 21,DEMU,Premium,SR,19.484409,85.735338,MGS,BCT,BRC,SEC-SR-724,TRK-2,147.75,162.72,Down,2025-02-08 14:09:52,2025-02-08 14:17:52,10.8,116.1,1249.6,16,2025-02-08 16:15:52,303.56,48.3,2.4,Running,0,946.04,8.0,18.7,8.5,14.1,9.5,15.3,93.6,116.5,35966,1.5,56.2,11.43,0,11.14,5.5,1,1,42.6,PSG07,Passenger Emergency,Medium,2025-02-08 14:51:52,33,Confirmed,Station_Master,31.5,14.1,92.1,8.9,4842.0,Haze,No_Impact,Excellent,46.62,4.88,0,0,Green,84.6,20.0,38.0,Critical,5.53,26.6,Up_to_Date,79,Degraded,No_Failure,No_Failure,16,Saturday,2,Winter,True,False,In_Transit,2025-02-08 14:21:28,,1178.0,9.2,Operational,False,0.0
56891,Vande Bharat 39,Vande Bharat,Premium,SER,16.694671,84.309506,CSTM,PNBE,BCT,SEC-SER-816,TRK-1,81.86,114.45,Up,2025-02-09 10:00:16,2025-02-09 10:12:16,10.55,171.0,1796.8,6,2025-02-09 11:33:16,409.32,48.7,13.7,Running,0,1387.48,2.6,10.9,13.3,21.1,19.4,15.6,84.3,172.4,41979,11.0,79.9,32.83,0,10.4,21.6,1,1,26.7,MEC06,Mechanical Failure,High,2025-02-09 11:15:16,15,Unconfirmed,Control_Office,25.6,0.0,50.8,26.2,4897.0,Cloudy,Low,Fair,40.51,3.22,45,0,Double_Yellow,95.4,64.5,32.5,Fair,6.06,8.5,Due_Soon,149,Healthy,No_Failure,No_Failure,11,Sunday,2,Winter,True,False,Completed,2025-02-09 10:22:40,2025-02-09 10:28:52,0.0,8.7,Mechanical,False,0.0
90653,Mail 44,Mail,Regional,SER,34.484337,78.483489,ADI,NGP,BZA,SEC-SER-299,TRK-2,39.82,132.18,Up,2025-02-09 12:39:27,2025-02-09 12:57:27,6.56,103.7,198.9,15,2025-02-09 12:51:27,144.17,80.9,17.4,Terminated,0,54.73,15.8,-0.5,21.0,19.5,17.4,9.4,80.8,111.2,32882,20.8,54.4,18.16,2,47.51,27.9,1,1,41.1,BLK08,Line Block / Engineering Work,High,2025-02-09 12:47:27,155,Confirmed,Manual_Report,24.4,1.7,79.8,6.5,3705.0,Haze,Low,Good,29.58,5.84,0,0,Green,73.5,37.7,65.9,Good,5.44,78.4,Due_Soon,59,Healthy,No_Failure,No_Failure,12,Sunday,2,Winter,True,False,Completed,2025-02-09 13:12:45,2025-02-09 13:11:15,0.0,15.9,Infrastructure,True,11.3
61518,Mail 15,Mail,Long-Distance,SCR,25.757469,80.694987,VAPI,SC,BZA,SEC-SCR-534,TRK-1,76.12,38.59,Down,2025-02-09 21:25:04,2025-02-09 21:38:04,32.27,174.1,1898.2,8,2025-02-10 00:04:04,156.97,76.6,2.8,Running,0,1741.23,-2.2,-0.8,12.8,16.1,22.6,17.7,64.6,173.5,88432,16.3,62.8,25.74,0,38.92,10.2,0,1,41.4,BLK08,Line Block / Engineering Work,High,2025-02-09 22:27:04,158,Confirmed,Station_Master,24.6,0.5,60.9,0.0,4132.0,Cloudy,Low,Good,30.29,3.98,30,0,Yellow,65.8,52.4,25.6,Good,5.76,68.0,Overdue,57,Healthy,No_Failure,No_Failure,0,Monday,2,Winter,False,False,Completed,2025-02-09 21:42:52,2025-02-09 21:44:52,0.0,15.0,Infrastructure,True,9.0
84788,Duronto 40,Duronto,Freight,ER,16.745645,78.632292,SBC,PNBE,CNB,SEC-ER-809,TRK-1,56.75,61.12,Up,2025-02-10 10:37:58,2025-02-10 10:55:58,34.67,148.2,1302.3,18,2025-02-10 10:36:58,908.92,74.7,7.1,Running,0,393.38,14.4,1.5,26.0,26.5,14.9,4.7,51.2,155.4,24930,14.2,90.1,3.6,1,14.66,15.5,0,1,56.0,WTH03,Adverse Weather,High,2025-02-10 10:22:58,62,Confirmed,Station_Master,31.4,1.5,30.2,11.0,6420.0,Heavy_Rain,Low,Good,45.44,4.97,0,0,Green,90.7,108.8,47.1,Critical,5.82,78.8,In_Progress,311,Degraded,Brake_Wear,Minor,10,Monday,2,Winter,False,False,In_Transit,2025-02-10 11:08:16,,322.9,23.2,Weather,True,11.9
51268,Duronto 28,Duronto,Premium,NER,28.626552,82.157578,ADI,ST,PNBE,SEC-NER-961,TRK-3,168.26,77.47,Up,2025-02-10 09:11:50,2025-02-10 09:14:50,9.37,70.8,471.9,1,2025-02-10 10:44:50,188.11,22.7,-1.7,Terminated,0,283.79,18.0,-1.5,-1.4,16.2,23.7,14.8,79.0,77.5,35696,3.5,74.8,25.68,5,24.87,7.4,1,1,9.6,MEC06,Mechanical Failure,High,2025-02-10 08:51:50,47,Confirmed,ML_Inference,30.7,2.0,62.3,13.7,9301.0,Cloudy,Low,Fair,32.68,2.82,75,0,Green,79.1,39.0,58.1,Good,4.03,58.8,Up_to_Date,300,Faulty,No_Failure,No_Failure,10,Monday,2,Winter,False,False,In_Transit,2025-02-10 09:32:32,,756.8,22.4,Mechanical,True,17.1
83781,Shatabdi 16,Shatabdi,Long-Distance,NWR,22.940856,76.861192,NGP,BCT,CNB,SEC-NWR-815,TRK-2,126.98,143.0,Up,2025-02-10 11:22:51,2025-02-10 11:26:51,15.42,158.5,1787.3,17,2025-02-10 13:26:51,1613.28,111.5,16.9,Slow_Running,0,174.02,4.8,9.7,4.2,16.0,12.5,4.1,74.4,175.6,72681,-4.6,90.3,4.17,4,8.95,6.3,1,1,9.4,BLK08,Line Block / Engineering Work,High,2025-02-10 13:01:51,105,Unconfirmed,Station_Master,18.5,2.4,94.0,14.2,5406.0,Cloudy,Low,Excellent,60.49,1.0,45,0,Yellow,91.1,20.0,41.9,Needs_Inspection,5.51,32.9,Overdue,343,Healthy,No_Failure,No_Failure,13,Monday,2,Winter,False,False,In_Transit,2025-02-10 11:43:57,,94.9,4.2,Infrastructure,False,0.0
86369,Mail 17,Mail,Premium,ECoR,30.76823,81.715581,NDLS,NGP,GWL,SEC-ECoR-988,TRK-3,22.09,122.32,Up,2025-02-10 16:41:34,2025-02-10 16:50:34,10.07,146.1,2085.4,7,2025-02-10 16:57:34,252.39,71.5,32.8,Halted_Signal,30,1833.01,17.6,20.9,7.8,11.4,16.2,12.8,81.4,143.4,47807,1.8,66.6,22.07,0,35.47,33.4,1,1,33.2,NON00,No Delay Reported,No_Impact,,0,Not_Applicable,Not_Applicable,29.0,11.2,32.0,11.7,2573.0,Clear,No_Impact,Good,53.79,5.21,30,0,Red,76.6,43.0,64.2,Excellent,5.97,63.9,In_Progress,85,Healthy,No_Failure,No_Failure,16,Monday,2,Winter,False,False,Completed,2025-02-10 17:21:04,2025-02-10 17:19:58,0.0,6.7,No_Delay,False,0.0
48510,Passenger 22,Passenger,Regional,NFR,26.945298,96.448248,BRC,BCT,PUNE,SEC-NFR-854,TRK-3,120.79,37.18,Up,2025-02-11 01:46:28,2025-02-11 01:59:28,19.94,106.3,297.0,9,2025-02-11 04:13:28,18.0,34.8,7.7,Departed_Late,0,279.0,20.9,16.2,9.8,18.3,14.4,20.1,72.0,107.5,59148,2.8,96.0,12.3,0,5.11,34.5,0,0,12.2,PSG07,Passenger Emergency,Medium,2025-02-11 03:39:28,64,Confirmed,IoT_Sensor,20.6,8.5,50.9,5.5,8483.0,Cloudy,Severe,Good,60.2,5.12,45,0,Green,54.1,54.1,34.7,Critical,5.12,39.9,Overdue,267,Healthy,No_Failure,No_Failure,4,Tuesday,2,Winter,False,False,Completed,2025-02-11 02:03:10,2025-02-11 02:01:10,0.0,9.0,Operational,False,0.0
93989,Superfast 17,Superfast,Premium,ECR,23.589117,83.46028,GAYA,ST,MAS,SEC-ECR-726,TRK-2,159.0,53.93,Down,2025-02-11 04:47:46,2025-02-11 04:55:46,17.86,132.8,2007.4,12,2025-02-11 07:00:46,831.46,61.2,22.5,Running,0,1175.94,5.3,12.0,4.5,11.8,12.6,7.7,57.1,140.0,15865,0.7,76.0,29.23,1,17.49,29.8,1,1,54.0,BLK08,Line Block / Engineering Work,High,2025-02-11 05:17:46,60,Confirmed,Manual_Report,24.5,0.3,26.7,7.8,10000.0,Fog,Low,Under_Repair,41.96,7.12,0,0,Green,55.1,43.4,47.7,Fair,4.37,27.8,Up_to_Date,275,Healthy,No_Failure,No_Failure,7,Tuesday,2,Winter,False,True,In_Transit,2025-02-11 05:36:22,,1160.7,26.1,Infrastructure,True,19.6
18109,Shatabdi 46,Shatabdi,Suburban,NER,27.926688,79.89861,GWL,SBC,DHN,SEC-NER-926,TRK-3,88.63,2.08,Up,2025-02-11 08:20:31,2025-02-11 08:30:31,14.43,162.9,1325.4,2,2025-02-11 09:17:31,208.12,53.5,8.0,Departed_Late,0,1117.28,8.5,18.6,11.7,14.6,6.4,22.6,92.7,173.8,14282,8.0,32.9,36.17,5,16.64,26.1,1,1,32.2,MEC06,Mechanical Failure,High,2025-02-11 08:18:31,85,Confirmed,Manual_Report,27.6,5.1,25.3,0.0,9090.0,Storm,No_Impact,Under_Repair,69.93,3.02,30,0,Green,94.3,49.7,37.6,Excellent,5.65,37.1,Up_to_Date,4,Healthy,Axle_Fault,Moderate,9,Tuesday,2,Winter,False,True,In_Transit,2025-02-11 08:55:43,,1261.2,27.2,Mechanical,True,15.6
26940,Rajdhani 12,Rajdhani,Regional,NWR,15.17939,73.822511,NGP,TDL,CSTM,SEC-NWR-250,TRK-2,142.45,59.13,Down,2025-02-11 10:27:54,2025-02-11 10:46:54,21.31,161.2,833.5,13,2025-02-11 13:01:54,285.5,54.4,11.4,Running,0,548.0,15.3,-4.9,3.3,15.2,0.0,14.7,56.2,171.6,25287,17.7,66.6,12.02,1,35.35,5.2,1,1,24.3,CNG04,Traffic Congestion,Medium,2025-02-11 11:14:54,62,Confirmed,Manual_Report,26.5,0.0,69.2,13.5,8792.0,Rain,No_Impact,Poor,23.72,6.4,100,0,Double_Yellow,88.0,52.2,33.3,Fair,3.54,58.1,Up_to_Date,103,Degraded,No_Failure,No_Failure,13,Tuesday,2,Winter,False,False,Completed,2025-02-11 10:38:18,2025-02-11 10:48:42,0.0,-1.0,Traffic,False,0.0
77205,Superfast 23,Superfast,Long-Distance,CR,11.664606,74.22896,MGS,CSTM,ALD,SEC-CR-369,TRK-1,141.48,104.3,Down,2025-02-11 12:32:34,2025-02-11 12:39:34,25.92,166.1,2192.0,12,2025-02-11 14:41:34,342.16,113.6,0.3,Departed_Late,0,1849.84,-5.0,11.0,9.7,22.8,4.9,9.8,87.6,169.5,43772,2.1,82.9,24.74,0,0.51,11.0,1,0,35.3,NON00,No Delay Reported,No_Impact,,0,Not_Applicable,Not_Applicable,25.5,0.9,31.9,21.2,3296.0,Cloudy,No_Impact,Excellent,23.91,2.32,0,0,Green,85.1,56.2,55.9,Good,3.65,80.5,Up_to_Date,18,Degraded,No_Failure,No_Failure,14,Tuesday,2,Winter,False,False,Completed,2025-02-11 12:41:58,2025-02-11 12:38:34,0.0,9.1,No_Delay,False,0.0
69910,Garib Rath 41,Garib Rath,Premium,NWR,24.635431,76.327472,NGP,GWL,CNB,SEC-NWR-985,TRK-3,52.28,95.63,Down,2025-02-11 21:26:46,2025-02-11 21:40:46,2.27,126.6,1356.8,18,2025-02-11 21:45:46,969.55,80.8,16.3,Departed_Late,0,387.25,12.2,18.0,-1.0,18.3,1.3,25.8,67.8,133.0,53680,10.3,48.4,26.78,1,29.75,20.9,1,0,15.2,WTH03,Adverse Weather,High,2025-02-11 19:57:46,70,Confirmed,Station_Master,10.9,3.0,43.9,21.1,1417.0,Cloudy,Moderate,Poor,43.27,5.05,0,0,Double_Yellow,82.4,51.4,46.5,Critical,4.79,83.9,Due_Soon,323,Healthy,No_Failure,No_Failure,21,Tuesday,2,Winter,False,False,In_Transit,2025-02-11 21:50:16,,289.7,7.2,Weather,False,0.0
80818,Superfast 8,Superfast,Long-Distance,WCR,31.30472,74.079491,NGP,JP,DHN,SEC-WCR-987,TRK-3,140.62,151.17,Down,2025-02-12 00:39:09,2025-02-12 00:48:09,15.51,37.0,2108.3,5,2025-02-12 01:03:09,1363.37,81.9,98.9,Running,0,744.93,10.5,23.2,0.1,25.8,22.4,8.4,66.9,31.4,46317,6.6,70.2,8.86,0,21.72,39.4,1,1,17.8,CNG04,Traffic Congestion,Medium,2025-02-11 23:16:09,14,Confirmed,Control_Office,29.1,2.1,59.5,0.0,5934.0,Clear,No_Impact,Excellent,51.71,5.52,0,0,Green,70.6,45.4,47.4,Fair,4.92,46.2,Overdue,24,Healthy,No_Failure,No_Failure,1,Wednesday,2,Winter,False,False,Not_Started,,,560.6,49.6,Traffic,True,23.0
57036,Passenger 2,Passenger,Long-Distance,ECoR,28.096865,75.508938,CNB,PNBE,PUNE,SEC-ECoR-812,TRK-3,69.78,76.29,Up,2025-02-12 07:40:13,2025-02-12 07:49:13,13.61,97.4,564.3,18,2025-02-12 08:46:13,446.82,42.5,-0.1,Running,0,117.48,16.1,11.2,12.6,6.3,11.2,19.1,54.4,99.5,51890,10.1,61.1,29.37,4,45.11,10.6,0,0,15.3,LCB05,Late Crew Boarding,Low,2025-02-12 07:37:13,14,Auto-Detected,IoT_Sensor,29.3,0.0,73.2,24.9,3807.0,Clear,Severe,Excellent,24.29,3.69,75,0,Green,80.1,78.4,31.5,Needs_Inspection,4.35,63.9,Up_to_Date,123,Offline,No_Failure,No_Failure,8,Wednesday,2,Winter,False,True,Completed,2025-02-12 07:56:07,2025-02-12 07:53:37,0.0,16.0,Operational,True,9.1
60007,Duronto 45,Duronto,Regional,ECoR,26.845814,90.468093,AGC,LKO,TDL,SEC-ECoR-121,TRK-1,116.42,114.69,Up,2025-02-12 16:56:58,2025-02-12 17:01:58,5.86,113.7,786.1,12,2025-02-12 17:44:58,93.25,90.0,17.9,Stopped_at_Station,11,692.85,14.1,11.4,17.1,9.2,8.8,3.7,58.2,111.4,39536,9.9,48.2,27.39,2,27.3,37.0,1,0,37.8,CNG04,Traffic Congestion,Medium,2025-02-12 17:38:58,73,Confirmed,Station_Master,25.0,3.5,76.3,13.5,7398.0,Fog,Low,Good,28.59,4.38,30,0,Green,70.7,63.9,99.0,Fair,3.42,7.0,Up_to_Date,174,Offline,No_Failure,No_Failure,17,Wednesday,2,Winter,False,True,Completed,2025-02-12 17:27:34,2025-02-12 17:25:28,0.0,12.7,Traffic,True,11.2
86445,Mail 4,Mail,Regional,NER,13.827086,95.562824,CSTM,ADI,TDL,SEC-NER-495,TRK-1,57.28,123.09,Down,2025-02-12 17:57:07,2025-02-12 18:15:07,20.69,141.5,911.8,13,2025-02-12 18:10:07,910.82,42.8,36.3,Stopped_at_Station,7,0.98,16.9,1.5,19.7,28.2,14.4,18.4,45.1,132.1,31985,8.9,98.1,10.36,5,6.95,5.7,1,0,34.3,LCB05,Late Crew Boarding,Low,2025-02-12 16:17:07,164,Confirmed,Control_Office,12.9,3.0,27.9,12.3,6904.0,Clear,Severe,Fair,61.95,2.39,0,1,Green,67.6,45.3,40.7,Good,4.23,9.7,Up_to_Date,193,Healthy,Electrical_Fault,Moderate,18,Wednesday,2,Winter,False,True,Completed,2025-02-12 18:56:43,2025-02-12 18:55:25,0.0,23.3,Operational,True,10.9
20620,Freight 43,Freight,Regional,ECoR,10.493632,93.711385,LKO,CSTM,VAPI,SEC-ECoR-463,TRK-2,65.81,77.61,Up,2025-02-12 17:07:54,2025-02-12 17:24:54,27.43,67.7,1840.6,13,2025-02-12 18:13:54,359.65,50.5,10.5,Stopped_at_Station,11,1480.95,20.5,20.2,4.1,11.7,2.8,14.1,16.0,77.5,11975,12.0,112.8,5.88,0,33.79,34.1,0,0,13.7,NON00,No Delay Reported,No_Impact,,0,Not_Applicable,Not_Applicable,18.1,4.3,43.5,24.1,3200.0,Fog,No_Impact,Excellent,39.16,4.54,0,0,Green,70.8,79.6,52.2,Needs_Inspection,5.49,10.6,Due_Soon,40,Healthy,Bearing_Overheat,Minor,18,Wednesday,2,Winter,False,True,Completed,2025-02-12 17:25:48,2025-02-12 17:28:30,0.0,7.4,No_Delay,False,0.0
74385,Garib Rath 14,Garib Rath,Long-Distance,SWR,29.772748,69.350215,GWL,PUNE,NDLS,SEC-SWR-346,TRK-1,64.41,92.52,Down,2025-02-12 20:13:28,2025-02-12 20:23:28,22.1,109.1,941.8,12,2025-02-12 22:17:28,144.38,70.5,17.2,Slow_Running,0,797.42,10.2,-3.8,10.9,0.0,12.1,9.0,59.8,118.8,85372,20.5,33.4,30.55,0,25.02,32.8,1,1,15.9,ANI09,Animal / Obstruction on Track,Medium,2025-02-12 20:41:28,79,Confirmed,Manual_Report,27.1,5.2,52.7,14.2,8011.0,Clear,No_Impact,Good,29.3,2.6,60,0,Yellow,69.2,70.9,44.1,Good,4.62,27.1,In_Progress,210,Healthy,No_Failure,No_Failure,22,Wednesday,2,Winter,False,False,Completed,2025-02-12 20:55:58,2025-02-12 20:53:28,0.0,25.3,Traffic,True,12.9
81009,Passenger 30,Passenger,Freight,ECR,28.952193,81.306587,LKO,ALD,SC,SEC-ECR-719,TRK-3,142.08,154.99,Up,2025-02-13 08:01:18,2025-02-13 08:04:18,24.15,176.5,2021.5,18,2025-02-13 10:05:18,931.13,8.0,6.5,Running,0,1090.37,23.4,24.9,9.2,20.8,15.1,22.0,58.9,168.2,74209,15.2,100.5,12.06,5,1.77,9.5,1,1,13.4,WTH03,Adverse Weather,High,2025-02-13 08:17:18,19,Confirmed,Control_Office,32.9,9.7,58.9,8.7,10000.0,Clear,Low,Fair,37.57,4.48,30,1,Green,92.8,51.5,44.4,Fair,5.45,28.3,In_Progress,338,Healthy,No_Failure,No_Failure,10,Thursday,2,Winter,False,False,Completed,2025-02-13 08:25:42,2025-02-13 08:23:18,0.0,17.9,Weather,True,12.7
30668,MEMU 3,MEMU,Long-Distance,ECR,11.550396,69.990037,AGC,ASN,MAS,SEC-ECR-558,TRK-2,91.13,114.85,Down,2025-02-13 10:14:35,2025-02-13 10:27:35,11.36,10.4,925.2,2,2025-02-13 11:45:35,345.06,105.1,14.6,Halted_Signal,4,580.14,12.5,-4.7,6.6,22.5,8.9,11.2,79.3,11.8,50675,11.0,37.9,5.41,2,7.93,41.0,1,0,11.9,PSG07,Passenger Emergency,Medium,2025-02-13 10:30:35,60,Auto-Detected,Station_Master,33.9,2.4,80.5,29.7,2804.0,Clear,No_Impact,Fair,38.85,5.08,100,0,Double_Yellow,78.8,68.1,60.9,Fair,5.8,66.4,Due_Soon,266,Healthy,No_Failure,No_Failure,11,Thursday,2,Winter,False,False,Completed,2025-02-13 10:51:41,2025-02-13 10:54:41,0.0,22.5,Operational,True,19.2
78265,Vande Bharat 7,Vande Bharat,Long-Distance,ER,10.648193,90.530415,AGC,LKO,TDL,SEC-ER-364,TRK-2,87.52,33.37,Up,2025-02-14 08:05:18,2025-02-14 08:13:18,31.18,138.4,1643.8,19,2025-02-14 08:33:18,814.47,78.6,2.6,Stopped_at_Station,33,829.33,1.9,-5.0,17.5,16.9,10.6,5.0,99.0,140.9,29281,7.3,57.3,9.56,4,36.46,12.9,1,1,49.0,TRK02,Track Maintenance,Medium,2025-02-14 08:27:18,41,Confirmed,ML_Inference,27.3,7.2,48.8,26.9,3857.0,Storm,No_Impact,Fair,25.79,2.37,0,0,Auto,61.1,54.6,35.0,Good,5.89,44.0,Up_to_Date,183,Healthy,No_Failure,No_Failure,8,Friday,2,Winter,False,True,Completed,2025-02-14 08:27:06,2025-02-14 08:19:00,0.0,19.2,Infrastructure,True,14.5
80315,Rajdhani 48,Rajdhani,Long-Distance,CR,12.172362,89.295937,NDLS,BPL,TDL,SEC-CR-949,TRK-2,84.84,109.69,Up,2025-02-14 10:58:12,2025-02-14 11:11:12,8.6,89.1,1495.5,16,2025-02-14 13:23:12,1362.89,108.6,52.6,Stopped_at_Station,20,132.61,-0.6,3.4,-5.0,21.2,20.3,26.8,40.9,92.0,70114,3.6,75.5,7.88,0,39.53,6.2,1,1,6.0,WTH03,Adverse Weather,High,2025-02-14 12:15:12,77,Auto-Detected,Control_Office,31.0,0.0,63.9,13.0,942.0,Clear,No_Impact,Fair,34.82,3.1,0,1,Yellow,65.2,90.0,41.0,Fair,5.14,7.8,Due_Soon,133,Offline,Bearing_Overheat,Minor,13,Friday,2,Winter,False,False,Completed,2025-02-14 12:22:06,2025-02-14 12:24:18,0.0,31.3,Weather,True,18.3
92703,MEMU 4,MEMU,Long-Distance,SECR,18.069957,93.43457,CNB,ADI,NDLS,SEC-SECR-399,TRK-1,30.93,160.92,Down,2025-02-14 11:30:08,2025-02-14 11:33:08,17.61,101.5,283.0,0,2025-02-14 14:10:08,207.19,72.8,15.6,Stopped_at_Station,21,75.81,14.1,5.0,5.9,38.9,6.9,15.7,87.5,99.4,24188,-2.0,87.0,38.75,3,21.23,7.9,1,0,22.8,NON00,No Delay Reported,No_Impact,,0,Not_Applicable,Not_Applicable,24.4,3.2,52.0,11.0,92.0,Clear,Low,Fair,47.91,3.87,75,0,Auto,76.8,51.2,34.8,Good,6.68,75.2,Due_Soon,107,Healthy,No_Failure,No_Failure,14,Friday,2,Winter,False,False,Completed,2025-02-14 12:00:08,2025-02-14 11:59:56,0.0,14.4,No_Delay,True,12.2
93234,Superfast 28,Superfast,Long-Distance,NWR,29.218894,90.418265,GWL,ADI,ALD,SEC-NWR-258,TRK-2,18.57,146.04,Down,2025-02-14 15:39:17,2025-02-14 15:44:17,26.64,65.3,1831.7,18,2025-02-14 16:20:17,687.09,109.1,-2.9,Running,0,1144.61,-5.0,20.7,3.5,2.8,8.2,30.4,85.8,61.6,28949,5.6,28.9,22.48,2,17.11,12.1,1,1,33.9,CNG04,Traffic Congestion,Medium,2025-02-14 15:22:17,136,Confirmed,ML_Inference,24.0,1.6,94.1,11.4,8942.0,Rain,Moderate,Excellent,19.48,5.1,0,0,Green,81.1,58.4,51.0,Fair,5.08,62.1,Due_Soon,199,Healthy,No_Failure,No_Failure,16,Friday,2,Winter,False,False,Completed,2025-02-14 15:49:05,2025-02-14 15:48:47,0.0,12.7,Traffic,True,9.7
39717,Vande Bharat 23,Vande Bharat,Regional,SCR,16.943477,87.002457,DHN,ALD,CSTM,SEC-SCR-196,TRK-3,6.02,27.79,Up,2025-02-14 15:35:05,2025-02-14 15:49:05,16.07,78.7,1444.3,1,2025-02-14 17:44:05,74.73,75.7,84.7,Running,0,1369.57,5.7,9.8,-0.5,15.7,5.0,19.2,43.7,87.5,48625,-3.1,53.8,19.91,3,25.17,17.2,0,1,21.4,ANI09,Animal / Obstruction on Track,Medium,2025-02-14 15:53:05,110,Confirmed,Control_Office,26.9,7.0,31.0,13.1,9985.0,Clear,Low,Good,32.87,3.71,75,1,Yellow,80.7,52.9,60.1,Good,6.05,64.9,Due_Soon,273,Healthy,Electrical_Fault,Minor,17,Friday,2,Winter,True,True,Not_Started,,,1094.6,30.1,Traffic,True,13.8
27678,DEMU 15,DEMU,Long-Distance,SER,10.919506,90.060702,BZA,BRC,AGC,SEC-SER-200,TRK-2,55.9,143.81,Down,2025-02-14 19:40:26,2025-02-14 19:51:26,21.67,67.3,288.8,12,2025-02-14 20:05:26,287.89,17.1,39.5,Departed_Late,0,0.91,20.9,8.4,15.7,17.5,7.0,20.7,55.2,68.7,13957,-5.0,87.5,23.48,4,4.78,34.1,1,0,38.3,ANI09,Animal / Obstruction on Track,Medium,2025-02-14 18:25:26,93,Confirmed,IoT_Sensor,21.4,3.0,59.0,15.9,6716.0,Storm,No_Impact,Excellent,32.33,5.1,45,0,Green,74.3,70.5,43.6,Needs_Inspection,5.63,72.3,Up_to_Date,33,Healthy,No_Failure,No_Failure,20,Friday,2,Winter,False,True,Completed,2025-02-14 20:45:32,2025-02-14 20:44:32,0.0,25.6,Traffic,True,17.8
38458,Duronto 39,Duronto,Regional,NCR,20.368953,73.904922,AGC,RTM,PUNE,SEC-NCR-876,TRK-3,92.96,14.35,Up,2025-02-15 08:41:40,2025-02-15 08:57:40,6.63,148.3,1357.3,11,2025-02-15 10:37:40,342.12,81.9,4.0,Running,0,1015.18,11.6,6.9,11.6,17.9,15.0,1.4,68.8,150.9,18173,-5.0,84.0,1.74,1,25.26,3.9,1,0,57.8,SIG01,Signal Failure,High,2025-02-15 09:41:40,95,Unconfirmed,Control_Office,30.0,4.7,81.0,20.8,5989.0,Heavy_Rain,No_Impact,Excellent,34.76,5.12,0,0,Green,58.7,47.5,49.0,Good,6.68,96.4,Up_to_Date,229,Offline,No_Failure,No_Failure,10,Saturday,2,Winter,True,False,Completed,2025-02-15 08:47:52,2025-02-15 08:52:58,0.0,2.2,No_Delay,False,0.0
97027,Duronto 26,Duronto,Long-Distance,NER,13.272353,71.531849,BCT,ADI,GWL,SEC-NER-196,TRK-3,146.39,155.19,Up,2025-02-15 13:13:10,2025-02-15 13:27:10,29.11,74.1,1048.4,17,2025-02-15 15:05:10,458.4,93.2,2.7,Running,0,590.0,8.9,9.5,30.3,3.8,14.5,15.4,80.6,69.7,21022,13.9,35.4,7.56,5,36.34,39.3,1,1,36.7,NON00,No Delay Reported,No_Impact,,0,Not_Applicable,Not_Applicable,32.9,1.3,12.8,8.5,6073.0,Cloudy,No_Impact,Excellent,46.08,1.98,60,0,Green,86.6,63.4,68.1,Good,4.3,86.7,Due_Soon,296,Healthy,Brake_Wear,Minor,15,Saturday,2,Winter,True,False,Completed,2025-02-15 13:26:22,2025-02-15 13:24:10,0.0,10.5,No_Delay,True,4.3
20662,Shatabdi 45,Shatabdi,Long-Distance,WR,10.073864,70.834717,PNBE,JP,DHN,SEC-WR-734,TRK-2,10.26,85.51,Up,2025-02-15 19:06:06,2025-02-15 19:21:06,35.2,38.0,1757.7,19,2025-02-15 20:59:06,653.42,104.5,36.7,Terminated,0,1104.28,8.2,7.8,9.9,12.4,6.3,19.7,44.3,38.4,51797,13.2,41.3,15.76,3,31.2,23.6,1,1,8.3,NON00,No Delay Reported,No_Impact,,0,Not_Applicable,Not_Applicable,10.0,2.5,33.5,25.4,1879.0,Rain,Low,Good,15.98,2.76,45,0,Green,89.3,44.9,51.4,Good,4.71,81.1,In_Progress,231,Healthy,No_Failure,No_Failure,20,Saturday,2,Winter,True,True,Completed,2025-02-15 20:01:12,2025-02-15 19:57:18,0.0,18.4,No_Delay,True,12.5
78627,Vande Bharat 5,Vande Bharat,Premium,NER,13.00745,74.930683,NGP,BZA,MGS,SEC-NER-130,TRK-2,89.87,2.6,Up,2025-02-16 00:55:43,2025-02-16 01:13:43,12.29,19.5,1772.0,4,2025-02-16 01:55:43,1073.28,83.8,10.0,Running,0,698.72,-5.0,9.7,11.9,29.6,16.3,12.3,78.2,22.7,50820,-5.0,56.2,38.79,1,11.96,8.5,1,0,4.6,NON00,No Delay Reported,No_Impact,,0,Not_Applicable,Not_Applicable,23.4,4.2,62.9,1.8,3537.0,Storm,Low,Good,45.11,6.2,0,0,Double_Yellow,42.5,28.5,65.8,Good,4.83,43.6,In_Progress,91,Healthy,Electrical_Fault,Moderate,1,Sunday,2,Winter,True,False,Completed,2025-02-16 01:12:43,2025-02-16 01:08:37,0.0,7.0,No_Delay,False,0.0
74519,Garib Rath 38,Garib Rath,Long-Distance,CR,26.583676,78.665745,MAS,PUNE,GWL,SEC-CR-986,TRK-1,25.36,73.95,Up,2025-02-16 02:25:38,2025-02-16 02:38:38,9.47,111.3,1343.6,8,2025-02-16 03:03:38,660.1,37.6,-0.2,Running,0,683.5,5.3,-5.0,9.5,12.3,7.8,18.1,67.2,108.6,54146,15.1,49.6,17.35,3,21.54,7.4,1,0,57.4,SIG01,Signal Failure,High,2025-02-16 02:49:38,90,Auto-Detected,Control_Office,25.4,0.9,46.9,20.1,3939.0,Clear,Low,Good,18.04,6.87,0,0,Yellow,48.4,45.4,70.2,Good,5.83,13.3,Up_to_Date,10,Degraded,No_Failure,No_Failure,3,Sunday,2,Winter,True,False,Completed,2025-02-16 02:26:32,2025-02-16 02:32:44,0.0,1.1,No_Delay,False,0.0
19952,Passenger 16,Passenger,Long-Distance,ECoR,24.684014,85.449026,PNBE,JHS,NDLS,SEC-ECoR-695,TRK-3,167.19,23.9,Up,2025-02-16 06:43:41,2025-02-16 06:52:41,7.53,177.9,1846.3,18,2025-02-16 08:19:41,1771.63,68.7,3.0,Running,0,74.67,14.1,14.3,10.5,23.5,10.8,15.7,79.9,177.5,35289,2.7,59.8,9.24,1,44.87,17.7,1,0,19.5,CNG04,Traffic Congestion,Medium,2025-02-16 07:10:41,66,Confirmed,Station_Master,24.9,6.2,45.1,13.2,5866.0,Clear,Moderate,Good,28.76,4.23,30,0,Double_Yellow,86.7,75.4,34.3,Excellent,4.96,98.6,Up_to_Date,178,Offline,No_Failure,No_Failure,8,Sunday,2,Winter,True,True,Completed,2025-02-16 07:05:29,2025-02-16 07:01:41,0.0,18.8,Traffic,True,10.3
20820,Mail 41,Mail,Long-Distance,NER,25.911615,76.236023,TDL,MAS,BPL,SEC-NER-165,TRK-1,114.25,36.4,Down,2025-02-16 06:51:09,2025-02-16 06:54:09,11.86,174.5,1488.7,11,2025-02-16 09:25:09,305.17,77.2,-0.7,Slow_Running,0,1183.53,15.4,14.6,21.1,4.8,16.7,8.4,76.3,171.6,48745,-3.3,48.1,18.72,1,17.42,36.3,1,0,20.2,NON00,No Delay Reported,No_Impact,,0,Not_Applicable,Not_Applicable,19.1,3.9,76.6,30.7,4171.0,Clear,No_Impact,Good,31.36,5.14,0,0,Green,100.0,47.8,20.0,Fair,5.5,82.3,In_Progress,330,Healthy,No_Failure,No_Failure,9,Sunday,2,Winter,True,True,In_Transit,2025-02-16 06:46:15,,918.6,-4.2,No_Delay,False,0.0
79688,Mail 11,Mail,Freight,SER,23.347559,75.245263,JHS,KOTA,ADI,SEC-SER-115,TRK-1,163.86,50.97,Up,2025-02-16 08:26:07,2025-02-16 08:44:07,24.02,42.7,1138.3,9,2025-02-16 09:35:07,848.29,83.1,-2.0,Departed_Late,0,290.01,10.7,10.8,13.6,22.2,5.4,2.0,89.7,49.5,63515,10.2,103.9,15.52,3,38.95,26.9,0,1,34.9,ANI09,Animal / Obstruction on Track,Medium,2025-02-16 08:43:07,128,Confirmed,Station_Master,26.3,1.7,53.3,6.2,5548.0,Cloudy,No_Impact,Good,39.18,3.32,0,0,Green,44.9,39.0,34.3,Good,4.13,51.2,Up_to_Date,112,Healthy,No_Failure,No_Failure,9,Sunday,2,Winter,True,True,Completed,2025-02-16 08:38:37,2025-02-16 08:43:07,0.0,14.5,Traffic,True,12.2
79438,Express 49,Express,Regional,SWR,26.835181,96.876589,JHS,NDLS,CNB,SEC-SWR-123,TRK-3,177.42,167.17,Up,2025-02-16 14:34:36,2025-02-16 14:38:36,6.37,43.8,1209.3,11,2025-02-16 15:27:36,135.42,60.8,-0.3,Departed_Late,0,1073.88,0.0,12.0,14.4,19.6,21.1,22.3,65.6,43.8,53315,3.3,55.6,18.54,4,14.78,21.7,0,0,73.8,SIG01,Signal Failure,High,2025-02-16 14:14:36,92,Confirmed,Control_Office,43.7,1.3,71.8,14.5,6423.0,Clear,Severe,Poor,52.25,4.57,0,0,Yellow,71.4,48.3,68.3,Good,4.62,66.3,In_Progress,96,Healthy,Axle_Fault,Minor,15,Sunday,2,Winter,True,False,Completed,2025-02-16 14:55:06,2025-02-16 14:54:00,0.0,20.8,No_Delay,True,10.6
17445,Mail 33,Mail,Long-Distance,ER,10.789326,88.450289,ST,JHS,MGS,SEC-ER-435,TRK-1,44.25,146.99,Up,2025-02-16 23:18:02,2025-02-16 23:33:02,27.96,110.2,62.0,7,2025-02-17 02:07:02,2.39,54.7,-1.0,Departed_Late,0,59.61,29.0,20.6,2.2,23.5,1.2,13.7,77.8,110.2,44213,17.6,75.2,2.88,0,16.15,18.9,1,1,32.9,CNG04,Traffic Congestion,Medium,2025-02-17 01:52:02,72,Unconfirmed,ML_Inference,24.0,8.3,55.1,12.6,9342.0,Rain,No_Impact,Good,49.19,1.85,60,0,Green,70.1,54.7,66.8,Good,3.58,34.0,In_Progress,347,Healthy,No_Failure,No_Failure,2,Monday,2,Winter,False,False,In_Transit,2025-02-16 23:22:14,,66.9,5.2,Traffic,False,0.0
88709,DEMU 33,DEMU,Long-Distance,NR,32.563655,81.01428,CNB,PNBE,GWL,SEC-NR-846,TRK-1,23.32,148.88,Down,2025-02-17 12:44:11,2025-02-17 12:50:11,21.86,137.8,1930.2,0,2025-02-17 13:22:11,1483.33,70.8,11.2,Stopped_at_Station,12,446.87,-5.0,14.3,12.2,20.8,2.0,15.4,69.5,134.3,24221,24.5,26.4,20.96,2,27.3,38.4,0,0,18.2,MEC06,Mechanical Failure,High,2025-02-17 12:37:11,136,Confirmed,Control_Office,23.5,0.0,45.2,20.6,4723.0,Clear,No_Impact,Excellent,24.53,3.71,0,0,Auto,48.3,62.0,61.7,Good,3.29,68.1,Up_to_Date,102,Healthy,No_Failure,No_Failure,13,Monday,2,Winter,False,False,In_Transit,2025-02-17 12:56:41,,379.1,1.3,Mechanical,False,0.0
43075,DEMU 1,DEMU,Long-Distance,NR,25.819649,77.931242,GAYA,SC,JHS,SEC-NR-325,TRK-1,110.62,171.13,Down,2025-02-17 23:57:06,2025-02-18 00:07:06,23.52,108.6,448.1,19,2025-02-18 02:50:06,315.51,76.7,9.2,Stopped_at_Station,32,132.59,33.9,14.9,10.9,14.4,16.5,6.7,44.6,106.5,51520,3.1,45.4,10.12,5,5.29,19.5,1,1,24.5,WTH03,Adverse Weather,High,2025-02-18 01:00:06,20,Confirmed,Manual_Report,31.0,1.2,72.8,15.0,3393.0,Rain,No_Impact,Good,39.91,2.3,60,1,Double_Yellow,61.1,69.4,56.3,Fair,5.24,70.6,Due_Soon,176,Healthy,No_Failure,No_Failure,2,Tuesday,2,Winter,False,False,Completed,2025-02-18 00:27:06,2025-02-18 00:25:54,0.0,20.8,Weather,True,17.8
22950,Mail 35,Mail,Premium,SECR,14.670332,79.20477,SC,RTM,KOTA,SEC-SECR-677,TRK-2,146.81,142.21,Down,2025-02-18 12:04:38,2025-02-18 12:22:38,25.72,85.3,271.5,16,2025-02-18 14:12:38,242.59,69.7,83.5,Terminated,0,28.91,10.0,-3.3,28.6,19.1,12.5,18.3,36.3,100.5,84790,-5.0,10.4,4.8,5,3.2,12.9,1,1,9.9,BLK08,Line Block / Engineering Work,High,2025-02-18 12:21:38,132,Confirmed,ML_Inference,14.5,3.1,50.5,12.0,5743.0,Fog,No_Impact,Poor,31.33,3.34,0,0,Green,66.6,61.8,88.7,Good,5.6,53.0,Due_Soon,347,Healthy,No_Failure,No_Failure,14,Tuesday,2,Winter,False,False,Completed,2025-02-18 13:56:02,2025-02-18 13:48:26,0.0,27.9,Infrastructure,True,15.9
96298,Garib Rath 40,Garib Rath,Premium,SER,20.906706,89.508825,SC,GAYA,ASN,SEC-SER-341,TRK-2,177.12,10.75,Down,2025-02-18 20:34:44,2025-02-18 20:53:44,7.83,62.8,1340.8,12,2025-02-18 22:32:44,101.52,85.1,32.8,Running,0,1239.28,4.9,-5.0,11.5,9.1,2.7,21.3,67.9,67.8,99297,30.5,91.5,38.7,5,7.88,22.7,0,0,53.5,NON00,No Delay Reported,No_Impact,,0,Not_Applicable,Not_Applicable,20.9,0.0,65.0,19.3,5612.0,Clear,Severe,Good,28.83,1.53,0,0,Green,87.0,51.6,52.8,Excellent,5.15,72.8,Due_Soon,112,Healthy,Door_Malfunction,Moderate,22,Tuesday,2,Winter,False,False,Completed,2025-02-18 21:32:14,2025-02-18 21:33:20,0.0,24.7,No_Delay,True,16.7
65317,MEMU 17,MEMU,Suburban,NWR,26.753544,86.128397,TDL,LKO,BRC,SEC-NWR-250,TRK-2,115.93,97.01,Up,2025-02-19 00:34:52,2025-02-19 00:36:52,3.74,60.3,867.1,2,2025-02-19 00:30:52,595.6,118.2,32.6,Stopped_at_Station,5,271.5,10.6,-5.0,14.7,18.0,13.2,24.9,55.9,51.8,19873,30.4,59.9,8.75,0,10.22,13.9,0,1,35.8,NON00,No Delay Reported,No_Impact,,0,Not_Applicable,Not_Applicable,28.2,0.9,38.6,27.8,9500.0,Clear,No_Impact,Excellent,41.0,2.07,0,0,Green,80.7,42.5,53.2,Good,4.41,14.6,Overdue,79,Faulty,No_Failure,No_Failure,0,Wednesday,2,Winter,False,False,Completed,2025-02-19 01:19:40,2025-02-19 01:18:34,0.0,12.2,No_Delay,True,10.1
71264,Shatabdi 18,Shatabdi,Long-Distance,CR,15.174638,73.599356,RTM,MAS,BRC,SEC-CR-489,TRK-2,94.65,43.99,Down,2025-02-19 04:47:24,2025-02-19 05:05:24,32.83,62.0,642.1,11,2025-02-19 05:48:24,541.78,71.6,13.7,Slow_Running,0,100.32,29.8,3.4,21.4,6.6,9.9,16.9,63.5,58.1,86459,6.5,51.1,35.16,4,16.64,28.4,0,1,19.9,MEC06,Mechanical Failure,High,2025-02-19 05:12:24,115,Auto-Detected,Manual_Report,19.2,7.3,41.1,9.3,5677.0,Rain,Low,Good,20.68,3.56,0,0,Green,41.8,56.2,44.7,Good,5.72,65.5,Up_to_Date,282,Healthy,No_Failure,No_Failure,5,Wednesday,2,Winter,False,False,Completed,2025-02-19 05:27:48,2025-02-19 05:35:54,0.0,26.7,Mechanical,True,14.3
70992,Duronto 40,Duronto,Premium,NR,10.688029,69.368706,BPL,SBC,MAS,SEC-NR-959,TRK-1,50.06,135.42,Up,2025-02-19 03:44:12,2025-02-19 04:01:12,9.57,169.6,642.8,15,2025-02-19 05:50:12,162.46,90.6,2.1,Running,0,480.34,19.2,13.4,14.7,11.4,5.5,8.1,63.4,186.9,75231,15.5,67.3,13.2,4,24.52,8.6,1,1,55.1,MEC06,Mechanical Failure,High,2025-02-19 04:49:12,145,Confirmed,Control_Office,23.6,4.9,62.3,7.4,10000.0,Storm,Low,Good,44.27,6.2,0,0,Green,46.7,42.1,48.5,Good,4.66,11.4,Up_to_Date,40,Healthy,Axle_Fault,Minor,5,Wednesday,2,Winter,False,False,Completed,2025-02-19 03:58:18,2025-02-19 03:52:54,0.0,12.0,Mechanical,True,10.6
75428,DEMU 22,DEMU,Long-Distance,WR,10.697329,90.954009,SBC,MAS,JHS,SEC-WR-228,TRK-1,143.06,2.95,Up,2025-02-19 03:29:48,2025-02-19 03:33:48,30.67,152.2,2076.5,13,2025-02-19 06:11:48,332.35,71.5,17.1,Running,0,1744.15,17.9,11.0,13.7,8.9,17.6,14.3,71.6,152.6,76820,-3.7,37.8,8.98,0,25.69,5.2,1,1,19.6,CNG04,Traffic Congestion,Medium,2025-02-19 05:22:48,63,Confirmed,Manual_Report,37.9,0.0,99.4,19.4,7105.0,Cloudy,No_Impact,Good,36.07,1.93,100,0,Red,85.2,48.5,49.0,Fair,4.14,2.4,Due_Soon,149,Offline,Brake_Wear,Minor,6,Wednesday,2,Winter,False,False,Completed,2025-02-19 03:59:42,2025-02-19 04:01:18,0.0,12.8,Traffic,True,6.7
62294,Rajdhani 5,Rajdhani,Premium,WCR,14.044104,83.086938,JHS,MAS,SC,SEC-WCR-897,TRK-3,77.02,96.52,Down,2025-02-19 05:28:57,2025-02-19 05:35:57,5.92,114.9,1777.7,2,2025-02-19 06:22:57,1763.5,88.7,31.4,Stopped_at_Station,19,14.2,11.1,-1.3,11.4,41.6,11.6,12.7,69.2,107.3,82495,-5.0,81.2,16.31,4,8.66,30.0,1,1,25.3,SIG01,Signal Failure,High,2025-02-19 04:25:57,55,Unconfirmed,Station_Master,33.3,8.0,63.3,5.8,6814.0,Storm,Low,Good,23.04,6.69,0,0,Green,80.7,83.8,62.9,Fair,5.08,34.9,In_Progress,87,Healthy,No_Failure,No_Failure,6,Wednesday,2,Winter,False,False,Completed,2025-02-19 06:17:57,2025-02-19 06:12:45,0.0,17.6,No_Delay,True,11.8
15501,Shatabdi 33,Shatabdi,Premium,WCR,16.495478,81.228006,GWL,VAPI,BCT,SEC-WCR-973,TRK-1,112.11,82.18,Down,2025-02-19 18:53:49,2025-02-19 19:06:49,20.06,125.6,999.3,6,2025-02-19 19:22:49,963.24,96.2,1.6,Terminated,0,36.06,-5.0,11.1,4.6,11.8,15.2,16.7,84.8,125.8,61408,5.6,69.5,14.71,0,30.44,20.8,1,0,32.5,BLK08,Line Block / Engineering Work,High,2025-02-19 19:00:49,55,Auto-Detected,Manual_Report,35.2,11.4,15.4,13.3,4560.0,Cloudy,Low,Good,25.9,0.58,0,0,Yellow,59.8,56.2,83.1,Excellent,4.3,57.1,In_Progress,188,Degraded,No_Failure,No_Failure,19,Wednesday,2,Winter,False,True,Completed,2025-02-19 19:01:31,2025-02-19 19:00:55,0.0,6.1,Infrastructure,False,0.0
18032,Garib Rath 44,Garib Rath,Regional,ER,29.97436,88.908849,LKO,PNBE,CSTM,SEC-ER-167,TRK-3,5.25,124.97,Up,2025-02-19 18:25:34,2025-02-19 18:43:34,26.9,150.6,271.6,17,2025-02-19 20:27:34,228.53,95.5,29.1,Stopped_at_Station,35,43.07,17.5,1.6,13.7,20.5,17.9,10.2,50.1,146.6,57055,-0.3,65.8,16.26,4,27.27,15.9,1,0,19.0,CNG04,Traffic Congestion,Medium,2025-02-19 19:33:34,51,Confirmed,Station_Master,39.2,0.6,61.7,7.7,6811.0,Clear,Severe,Under_Repair,23.2,4.32,30,0,Yellow,69.9,50.2,80.9,Critical,5.93,87.4,Overdue,43,Healthy,No_Failure,No_Failure,20,Wednesday,2,Winter,False,True,In_Transit,2025-02-19 19:14:34,,33.0,19.9,Traffic,True,17.8
76448,Mail 44,Mail,Long-Distance,NER,19.639123,94.310096,GWL,CSTM,PNBE,SEC-NER-576,TRK-1,156.14,130.65,Up,2025-02-19 21:33:27,2025-02-19 21:49:27,3.64,149.0,1644.8,18,2025-02-19 23:17:27,1251.36,84.4,-0.5,Running,0,393.44,1.4,14.3,19.9,26.1,4.7,13.8,79.2,149.4,91269,16.3,69.8,31.25,1,46.78,41.5,0,1,17.9,WTH03,Adverse Weather,High,2025-02-19 22:50:27,153,Confirmed,Manual_Report,27.0,10.7,84.3,6.3,6188.0,Cloudy,No_Impact,Fair,32.99,6.49,30,0,Green,100.0,39.5,61.0,Excellent,4.66,60.9,Up_to_Date,94,Healthy,No_Failure,No_Failure,23,Wednesday,2,Winter,False,False,In_Transit,2025-02-19 21:48:09,,284.3,15.2,Weather,True,7.3
11903,DEMU 25,DEMU,Regional,ECoR,16.04494,78.934011,SC,ALD,JHS,SEC-ECoR-721,TRK-2,9.9,97.46,Down,2025-02-20 05:20:45,2025-02-20 05:24:45,35.64,61.5,1770.4,14,2025-02-20 07:49:45,1300.78,110.4,30.8,Stopped_at_Station,4,469.62,8.6,7.0,14.1,23.5,0.0,13.3,81.8,60.7,21168,11.3,85.3,2.65,5,21.77,33.0,0,1,1.3,NON00,No Delay Reported,No_Impact,,0,Not_Applicable,Not_Applicable,36.4,0.7,5.0,2.4,3743.0,Clear,Low,Under_Repair,48.16,0.52,45,0,Green,57.4,76.0,73.7,Fair,4.91,10.9,Due_Soon,25,Healthy,HVAC_Failure,Moderate,7,Thursday,2,Winter,False,True,Completed,2025-02-20 06:05:03,2025-02-20 06:02:39,0.0,13.5,No_Delay,True,11.9
99918,Superfast 35,Superfast,Freight,NER,30.285028,84.242966,LKO,PNBE,NGP,SEC-NER-425,TRK-3,19.0,76.3,Down,2025-02-20 14:33:39,2025-02-20 14:45:39,2.91,99.1,254.7,8,2025-02-20 15:53:39,246.51,80.8,43.8,Running,0,8.19,20.5,12.2,22.2,3.4,9.9,21.1,66.3,102.1,40801,2.2,63.6,2.36,0,3.35,30.4,1,0,24.9,BLK08,Line Block / Engineering Work,High,2025-02-20 14:25:39,145,Unconfirmed,Manual_Report,31.1,0.2,61.4,20.1,5125.0,Fog,No_Impact,Fair,50.49,2.76,100,0,Auto,49.3,39.5,62.5,Needs_Inspection,6.15,74.3,Due_Soon,336,Healthy,No_Failure,No_Failure,15,Thursday,2,Winter,False,False,Completed,2025-02-20 15:51:45,2025-02-20 15:52:51,0.0,34.3,Infrastructure,True,27.5
54032,Duronto 44,Duronto,Regional,WCR,15.879232,92.565786,JHS,PUNE,BRC,SEC-WCR-646,TRK-3,63.51,86.75,Up,2025-02-20 17:03:39,2025-02-20 17:22:39,26.94,55.0,125.6,9,2025-02-20 17:02:39,109.73,76.9,-2.9,Running,0,15.87,19.3,-0.8,6.0,13.0,13.0,14.3,78.6,43.7,86789,-5.0,51.0,28.84,1,2.09,26.8,1,1,37.5,MEC06,Mechanical Failure,High,2025-02-20 16:08:39,141,Confirmed,Control_Office,18.8,1.2,59.3,16.3,6809.0,Clear,Low,Good,55.96,4.27,0,0,Green,70.5,51.4,45.6,Excellent,5.09,54.0,In_Progress,174,Degraded,Bearing_Overheat,Moderate,17,Thursday,2,Winter,False,True,Completed,2025-02-20 17:08:03,2025-02-20 17:06:09,0.0,7.3,Mechanical,False,0.0
19696,Superfast 2,Superfast,Long-Distance,SWR,19.501944,84.198702,ASN,TDL,GWL,SEC-SWR-480,TRK-2,73.21,164.34,Up,2025-02-20 18:31:44,2025-02-20 18:33:44,11.07,164.5,1305.0,19,2025-02-20 18:55:44,1302.15,45.3,3.3,Running,0,2.85,17.2,20.6,1.1,10.6,16.9,1.7,61.3,174.2,94434,8.4,49.8,25.27,1,1.58,17.7,0,1,11.8,CNG04,Traffic Congestion,Medium,2025-02-20 17:23:44,11,Confirmed,Control_Office,31.9,0.0,67.9,3.5,8912.0,Fog,Moderate,Good,19.07,2.88,0,1,Double_Yellow,100.0,39.3,59.7,Needs_Inspection,6.19,51.8,In_Progress,234,Healthy,Axle_Fault,Minor,18,Thursday,2,Winter,False,True,Completed,2025-02-20 18:51:50,2025-02-20 18:52:50,0.0,16.8,Traffic,True,7.5
31189,Shatabdi 17,Shatabdi,Long-Distance,SR,29.786373,78.200368,GAYA,ADI,KOTA,SEC-SR-427,TRK-3,90.29,132.92,Up,2025-02-20 21:52:44,2025-02-20 21:54:44,5.28,110.7,170.8,13,2025-02-20 21:53:44,112.48,98.1,9.5,Running,0,58.32,16.5,-4.0,18.5,18.2,7.7,7.6,65.7,115.6,63301,7.0,53.9,18.73,5,28.8,26.9,1,1,19.2,MEC06,Mechanical Failure,High,2025-02-20 21:10:44,14,Auto-Detected,ML_Inference,35.9,2.4,39.6,10.9,8997.0,Rain,No_Impact,Excellent,31.79,3.47,0,0,Green,71.0,50.9,56.7,Excellent,5.31,57.2,In_Progress,120,Faulty,No_Failure,No_Failure,21,Thursday,2,Winter,False,False,Completed,2025-02-20 22:00:56,2025-02-20 22:01:50,0.0,-1.3,Mechanical,False,0.0
28743,Mail 22,Mail,Regional,NFR,12.433218,94.415087,ADI,SBC,ST,SEC-NFR-916,TRK-1,22.64,141.1,Up,2025-02-21 17:49:22,2025-02-21 18:05:22,27.34,41.9,133.8,10,2025-02-21 19:46:22,69.16,73.3,-1.2,Running,0,64.64,16.8,4.4,0.8,24.5,23.5,8.6,82.5,45.7,43459,0.5,62.6,1.92,2,0.84,17.7,1,1,17.6,NON00,No Delay Reported,No_Impact,,0,Not_Applicable,Not_Applicable,25.0,0.0,60.7,30.7,5884.0,Haze,Low,Good,27.7,4.75,60,0,Green,67.0,70.6,50.2,Excellent,3.91,75.8,Up_to_Date,339,Healthy,No_Failure,No_Failure,19,Friday,2,Winter,False,True,Completed,2025-02-21 18:11:40,2025-02-21 18:08:16,0.0,23.5,No_Delay,True,17.0
94251,DEMU 2,DEMU,Premium,WR,14.590295,82.958733,KOTA,JHS,RTM,SEC-WR-126,TRK-2,153.33,45.31,Down,2025-02-21 19:56:46,2025-02-21 20:05:46,13.19,21.3,610.9,8,2025-02-21 20:48:46,353.25,5.3,14.0,Slow_Running,0,257.65,15.4,12.3,3.9,10.3,10.5,22.3,73.2,21.0,87991,10.3,50.5,10.29,2,21.22,6.6,0,1,53.9,CNG04,Traffic Congestion,Medium,2025-02-21 20:34:46,29,Unconfirmed,Manual_Report,21.1,0.0,63.0,21.9,8117.0,Fog,Low,Excellent,27.51,0.48,45,0,Green,76.1,66.2,29.4,Excellent,6.03,88.3,Due_Soon,166,Healthy,Brake_Wear,Moderate,20,Friday,2,Winter,False,True,In_Transit,2025-02-21 20:31:34,,2000.0,20.8,Traffic,True,10.1
99648,MEMU 40,MEMU,Long-Distance,SER,34.029113,83.427798,MGS,ADI,SC,SEC-SER-226,TRK-2,50.51,66.25,Up,2025-02-22 06:19:09,2025-02-22 06:29:09,34.38,112.9,1438.9,19,2025-02-22 09:00:09,126.01,55.4,12.1,Stopped_at_Station,13,1312.89,28.5,16.2,3.5,22.1,9.0,2.7,78.8,104.1,85397,-1.5,72.2,0.8,0,44.38,35.1,0,0,14.8,BLK08,Line Block / Engineering Work,High,2025-02-22 07:59:09,99,Confirmed,IoT_Sensor,23.6,9.2,65.4,23.5,3796.0,Heavy_Rain,No_Impact,Excellent,14.26,2.96,45,0,Green,65.8,42.0,36.2,Needs_Inspection,5.21,52.3,Up_to_Date,105,Healthy,No_Failure,No_Failure,9,Saturday,2,Winter,True,True,Completed,2025-02-22 06:45:57,2025-02-22 06:48:27,0.0,14.7,Infrastructure,True,10.8
83261,Shatabdi 46,Shatabdi,Regional,WR,26.302147,75.593072,DHN,LKO,PUNE,SEC-WR-244,TRK-1,118.87,133.85,Down,2025-02-22 07:59:57,2025-02-22 08:06:57,16.84,60.3,1087.8,13,2025-02-22 10:01:57,125.19,34.1,2.7,Stopped_at_Station,34,962.61,-5.0,10.8,12.5,16.9,10.5,20.5,53.0,50.6,74449,11.2,55.3,20.76,2,14.58,27.9,1,0,18.3,MEC06,Mechanical Failure,High,2025-02-22 09:22:57,15,Confirmed,Control_Office,34.8,1.3,62.9,21.7,4560.0,Rain,Severe,Fair,29.87,2.12,0,0,Green,67.4,52.4,40.4,Fair,4.99,23.9,Up_to_Date,327,Healthy,No_Failure,No_Failure,10,Saturday,2,Winter,True,False,Completed,2025-02-22 08:06:45,2025-02-22 08:02:57,0.0,4.1,Mechanical,False,0.0
63430,Express 28,Express,Suburban,ER,33.235577,81.41284,RTM,GAYA,PNBE,SEC-ER-639,TRK-2,110.24,63.98,Down,2025-02-22 12:50:04,2025-02-22 13:07:04,4.77,83.2,1811.8,1,2025-02-22 12:41:04,1758.0,61.9,14.4,Running,0,53.8,15.9,27.5,13.9,29.9,13.1,14.8,66.2,72.6,67368,22.6,83.9,17.75,3,2.83,31.2,1,0,16.2,CNG04,Traffic Congestion,Medium,2025-02-22 11:30:04,133,Confirmed,IoT_Sensor,34.0,4.3,65.5,9.5,3014.0,Cloudy,Low,Fair,26.41,2.14,60,0,Yellow,41.0,58.9,55.6,Good,4.52,51.6,Up_to_Date,66,Offline,No_Failure,No_Failure,12,Saturday,2,Winter,True,False,Completed,2025-02-22 13:20:28,2025-02-22 13:22:40,0.0,16.0,Traffic,True,12.9
24212,Express 38,Express,Suburban,CR,17.081237,78.868214,PNBE,SC,MAS,SEC-CR-831,TRK-3,51.74,43.09,Down,2025-02-22 20:56:58,2025-02-22 21:02:58,12.91,33.3,802.3,4,2025-02-22 23:03:58,397.39,63.0,-1.9,Running,0,404.91,13.8,8.7,18.0,19.0,0.6,9.1,64.4,32.9,71861,9.0,0.0,9.94,2,49.15,34.5,1,1,74.2,CNG04,Traffic Congestion,Medium,2025-02-22 22:51:58,93,Auto-Detected,Control_Office,23.8,10.0,70.4,6.4,2820.0,Cloudy,Severe,Fair,24.71,4.8,0,0,Green,68.0,53.0,22.8,Good,3.74,3.6,Due_Soon,309,Healthy,No_Failure,No_Failure,23,Saturday,2,Winter,True,False,Completed,2025-02-22 21:04:46,2025-02-22 21:05:52,0.0,9.7,Traffic,False,0.0
86106,Rajdhani 32,Rajdhani,Suburban,NFR,16.4287,75.419201,VAPI,ASN,PUNE,SEC-NFR-443,TRK-3,40.08,29.26,Down,2025-02-22 22:29:42,2025-02-22 22:35:42,21.01,85.8,561.3,7,2025-02-23 00:07:42,451.43,124.3,1.8,Stopped_at_Station,17,109.87,1.0,-3.8,3.0,6.1,14.0,11.9,93.5,79.8,82437,12.3,54.5,8.46,3,44.17,18.5,1,1,20.1,WTH03,Adverse Weather,High,2025-02-22 23:11:42,167,Confirmed,Station_Master,34.8,10.3,70.6,4.8,1997.0,Cloudy,No_Impact,Good,28.51,3.72,30,0,Green,57.3,37.1,52.4,Good,3.64,70.8,Due_Soon,32,Healthy,No_Failure,No_Failure,0,Sunday,2,Winter,True,False,In_Transit,2025-02-22 22:36:00,,54.4,4.5,Weather,False,0.0
22287,Superfast 7,Superfast,Long-Distance,SWR,22.266137,87.449755,BPL,HWH,LKO,SEC-SWR-238,TRK-1,26.14,41.87,Up,2025-02-23 04:12:46,2025-02-23 04:15:46,28.35,156.5,752.9,13,2025-02-23 04:25:46,736.92,54.5,-0.4,Running,0,15.98,0.4,16.0,7.1,6.8,11.6,22.4,76.3,162.8,49218,8.0,87.8,6.66,3,31.44,15.5,0,0,26.9,CNG04,Traffic Congestion,Medium,2025-02-23 03:43:46,117,Unconfirmed,Manual_Report,20.6,0.0,77.7,0.3,10000.0,Clear,Low,Excellent,31.77,3.4,0,1,Green,62.7,52.9,68.8,Excellent,5.25,96.9,Up_to_Date,161,Healthy,Door_Malfunction,Moderate,4,Sunday,2,Winter,True,False,Completed,2025-02-23 04:09:28,2025-02-23 04:08:34,0.0,-2.9,Traffic,False,0.0
32305,Passenger 31,Passenger,Premium,WR,29.463317,73.849904,BCT,BZA,KOTA,SEC-WR-863,TRK-3,99.51,176.32,Up,2025-02-23 13:36:53,2025-02-23 13:38:53,16.18,176.4,2100.2,10,2025-02-23 13:39:53,988.3,75.9,2.4,Running,0,1111.9,29.9,12.7,10.5,20.1,13.2,19.5,61.3,162.7,56117,-2.4,79.9,25.5,5,45.25,16.3,0,1,26.4,NON00,No Delay Reported,No_Impact,,0,Not_Applicable,Not_Applicable,30.7,3.6,46.5,15.5,10000.0,Clear,Low,Excellent,22.72,0.66,0,1,Green,62.3,44.5,61.1,Good,4.79,95.2,Due_Soon,291,Healthy,Door_Malfunction,Minor,13,Sunday,2,Winter,True,False,Completed,2025-02-23 13:34:05,2025-02-23 13:30:11,0.0,-5.2,No_Delay,False,0.0
19771,Mail 27,Mail,Premium,ECR,9.896459,86.382214,PNBE,GWL,CSTM,SEC-ECR-292,TRK-2,158.72,138.66,Up,2025-02-24 05:06:53,2025-02-24 05:20:53,11.61,173.6,64.2,0,2025-02-24 06:22:53,23.21,7.8,26.0,Running,0,40.99,22.7,19.6,0.5,16.9,13.3,17.8,75.0,171.3,61122,21.1,81.7,2.36,1,25.27,4.8,1,1,23.3,NON00,No Delay Reported,No_Impact,,0,Not_Applicable,Not_Applicable,30.2,0.5,54.0,19.2,5167.0,Fog,Moderate,Fair,33.48,5.7,100,0,Auto,79.9,51.2,28.3,Good,4.26,56.8,In_Progress,277,Healthy,No_Failure,No_Failure,6,Monday,2,Winter,False,False,Completed,2025-02-24 05:52:53,2025-02-24 05:55:17,0.0,20.0,No_Delay,True,15.5
54293,Express 34,Express,Freight,NWR,29.247748,85.325522,MGS,DHN,ALD,SEC-NWR-856,TRK-3,178.72,2.0,Down,2025-02-24 14:48:36,2025-02-24 15:06:36,21.52,121.9,1713.0,14,2025-02-24 16:17:36,1408.82,53.4,-0.4,Stopped_at_Station,17,304.18,20.1,4.2,-5.0,9.3,9.9,11.2,74.8,124.6,63952,-5.0,27.2,16.91,0,36.33,10.7,0,0,34.5,PSG07,Passenger Emergency,Medium,2025-02-24 14:20:36,114,Confirmed,Manual_Report,36.9,3.0,33.0,12.5,1481.0,Clear,No_Impact,Fair,38.32,3.49,0,0,Green,76.8,57.6,36.6,Excellent,4.6,87.7,Up_to_Date,204,Healthy,No_Failure,No_Failure,16,Monday,2,Winter,False,False,Completed,2025-02-24 15:04:54,2025-02-24 14:57:00,0.0,16.7,Operational,True,14.4
63202,Mail 29,Mail,Suburban,NR,34.437671,75.689147,BPL,ASN,PUNE,SEC-NR-956,TRK-3,74.75,78.24,Down,2025-02-25 15:34:33,2025-02-25 15:38:33,22.57,169.2,778.0,2,2025-02-25 17:29:33,672.45,30.4,2.7,Running,0,105.55,-3.9,-2.0,12.3,16.4,7.1,21.8,62.2,173.0,38685,-4.5,60.2,9.3,3,6.35,33.6,1,0,21.1,TRK02,Track Maintenance,Medium,2025-02-25 17:17:33,6,Confirmed,IoT_Sensor,37.5,1.1,27.3,15.4,3178.0,Clear,No_Impact,Excellent,44.77,2.05,30,0,Auto,85.6,47.9,63.3,Needs_Inspection,5.18,93.3,Due_Soon,222,Healthy,No_Failure,No_Failure,17,Tuesday,2,Winter,False,True,In_Transit,2025-02-25 16:04:33,,216.5,27.3,Infrastructure,True,14.2
23638,Express 21,Express,Long-Distance,NWR,22.855886,95.637721,MAS,ST,GWL,SEC-NWR-285,TRK-3,159.01,119.33,Down,2025-02-26 06:05:07,2025-02-26 06:21:07,2.81,165.0,1371.5,8,2025-02-26 06:01:07,336.03,51.4,0.6,Slow_Running,0,1035.47,-3.0,18.8,21.1,13.2,13.0,9.8,99.0,160.6,76702,13.4,59.8,21.62,0,26.88,9.7,0,1,32.2,ANI09,Animal / Obstruction on Track,Medium,2025-02-26 05:03:07,133,Auto-Detected,Control_Office,22.2,12.7,79.3,0.0,6682.0,Cloudy,Moderate,Excellent,39.71,0.04,0,1,Green,62.6,97.6,42.8,Good,3.45,61.0,In_Progress,284,Healthy,No_Failure,No_Failure,6,Wednesday,2,Winter,False,False,In_Transit,2025-02-26 06:16:01,,1211.8,10.3,Traffic,True,9.3
23338,Freight 42,Freight,Suburban,CR,32.845479,72.745868,PUNE,KOTA,MGS,SEC-CR-929,TRK-1,121.82,134.54,Up,2025-02-26 11:24:46,2025-02-26 11:32:46,10.62,47.1,415.7,3,2025-02-26 12:52:46,68.53,105.3,37.0,Slow_Running,0,347.17,31.3,22.4,17.3,7.0,17.7,13.1,80.3,50.8,71352,8.9,38.9,7.98,2,21.94,4.5,1,0,42.1,SIG01,Signal Failure,High,2025-02-26 11:49:46,61,Auto-Detected,Control_Office,25.6,11.1,57.6,19.3,8173.0,Clear,No_Impact,Good,50.75,3.51,0,1,Auto,90.1,72.8,45.7,Needs_Inspection,5.73,56.5,In_Progress,294,Healthy,No_Failure,No_Failure,12,Wednesday,2,Winter,False,False,Completed,2025-02-26 12:25:52,2025-02-26 12:29:28,0.0,24.1,No_Delay,True,20.5
31948,Mail 12,Mail,Regional,SER,15.735202,68.587241,TDL,HWH,VAPI,SEC-SER-993,TRK-2,170.89,174.11,Up,2025-02-27 12:09:50,2025-02-27 12:11:50,8.63,96.8,259.0,3,2025-02-27 12:14:50,238.07,57.5,25.8,Stopped_at_Station,1,20.93,20.9,10.6,8.9,17.2,15.9,6.8,71.6,89.2,60328,-5.0,118.8,23.55,2,36.17,36.4,1,1,33.1,LCB05,Late Crew Boarding,Low,2025-02-27 11:36:50,26,Confirmed,IoT_Sensor,35.4,0.8,75.2,18.1,5989.0,Clear,No_Impact,Excellent,39.22,3.47,45,0,Auto,47.9,69.7,58.4,Excellent,4.67,56.8,Due_Soon,71,Healthy,No_Failure,No_Failure,12,Thursday,2,Winter,False,False,Completed,2025-02-27 12:32:56,2025-02-27 12:36:44,0.0,-2.7,Operational,False,0.0
94233,MEMU 19,MEMU,Freight,NR,9.413368,93.427109,TDL,MAS,SC,SEC-NR-394,TRK-3,8.44,119.65,Down,2025-02-28 00:22:44,2025-02-28 00:35:44,34.58,21.9,532.4,13,2025-02-28 00:31:44,15.97,66.1,-2.3,Halted_Signal,11,516.43,27.1,12.5,15.0,14.7,3.5,10.1,55.3,14.0,83518,4.8,57.1,6.1,5,9.11,6.6,1,1,62.0,PSG07,Passenger Emergency,Medium,2025-02-28 00:30:44,115,Confirmed,Station_Master,16.6,0.3,53.9,17.0,7449.0,Clear,Moderate,Poor,51.79,5.83,0,0,Double_Yellow,75.2,41.8,61.2,Good,4.77,72.9,Up_to_Date,121,Degraded,No_Failure,No_Failure,0,Friday,2,Winter,False,False,Completed,2025-02-28 00:33:50,2025-02-28 00:32:56,0.0,13.4,Operational,True,11.3
51301,Superfast 45,Superfast,Long-Distance,NR,25.395891,82.758995,AGC,PUNE,BPL,SEC-NR-368,TRK-2,14.43,43.73,Up,2025-02-28 04:53:52,2025-02-28 05:01:52,25.74,127.7,670.3,17,2025-02-28 07:33:52,442.68,18.3,6.1,Stopped_at_Station,27,227.62,11.4,-2.0,4.9,2.6,0.0,14.1,60.6,121.6,14255,10.0,89.5,37.76,2,2.57,13.0,1,1,21.0,CNG04,Traffic Congestion,Medium,2025-02-28 06:51:52,26,Confirmed,Station_Master,41.1,0.0,61.6,10.2,2488.0,Clear,No_Impact,Excellent,21.37,6.65,60,0,Red,100.0,60.6,51.3,Fair,4.42,40.0,Up_to_Date,342,Degraded,No_Failure,No_Failure,7,Friday,2,Winter,False,True,In_Transit,2025-02-28 05:01:34,,746.8,1.6,Traffic,False,0.0
87245,Mail 29,Mail,Regional,WCR,24.371327,77.429774,BPL,KOTA,NDLS,SEC-WCR-918,TRK-1,21.83,154.62,Up,2025-02-28 09:58:33,2025-02-28 10:09:33,11.53,136.6,823.2,8,2025-02-28 11:57:33,337.19,64.2,2.7,Departed_Late,0,486.01,25.9,20.6,6.3,0.0,0.0,20.4,63.0,129.8,36668,6.9,52.1,18.58,0,24.97,8.4,1,1,28.7,NON00,No Delay Reported,No_Impact,,0,Not_Applicable,Not_Applicable,39.4,14.3,66.4,17.9,6630.0,Clear,No_Impact,Good,37.08,4.25,0,0,Green,84.1,79.5,24.5,Good,5.56,1.6,Overdue,270,Healthy,Axle_Fault,Critical,11,Friday,2,Winter,False,False,Completed,2025-02-28 10:14:27,2025-02-28 10:22:33,0.0,13.2,No_Delay,True,11.2
38837,Superfast 37,Superfast,Regional,NFR,21.870732,69.053549,GAYA,SBC,SC,SEC-NFR-138,TRK-1,141.53,128.83,Down,2025-02-28 15:12:07,2025-02-28 15:18:07,28.61,119.4,245.0,6,2025-02-28 16:50:07,130.22,29.9,42.7,Running,0,114.78,18.9,5.2,1.0,12.3,14.2,25.0,79.9,124.6,82035,18.9,49.4,20.77,0,39.04,40.5,0,0,13.1,NON00,No Delay Reported,No_Impact,,0,Not_Applicable,Not_Applicable,38.1,6.6,87.9,17.4,6426.0,Heavy_Rain,No_Impact,Good,41.14,4.41,0,1,Green,69.0,28.0,41.8,Critical,4.12,87.1,In_Progress,221,Healthy,No_Failure,No_Failure,16,Friday,2,Winter,False,False,Completed,2025-02-28 16:02:31,2025-02-28 15:56:55,0.0,7.7,No_Delay,False,0.0
33502,DEMU 35,DEMU,Regional,WR,17.320113,88.429218,AGC,BRC,RTM,SEC-WR-114,TRK-2,129.95,146.76,Down,2025-02-28 18:55:04,2025-02-28 19:14:04,24.38,42.6,435.6,17,2025-02-28 19:52:04,71.54,73.4,-2.7,Running,0,364.06,22.4,12.0,4.2,18.7,15.4,13.8,99.0,34.2,68503,20.1,93.7,8.94,0,1.96,19.2,1,1,24.9,NON00,No Delay Reported,No_Impact,,0,Not_Applicable,Not_Applicable,26.6,5.2,35.6,29.9,6935.0,Clear,No_Impact,Good,29.41,1.65,0,0,Green,75.5,47.6,44.7,Needs_Inspection,5.41,43.0,Up_to_Date,233,Degraded,Bearing_Overheat,Minor,19,Friday,2,Winter,False,True,Completed,2025-02-28 18:52:58,2025-02-28 18:53:46,0.0,0.6,No_Delay,False,0.0
83539,Passenger 10,Passenger,Long-Distance,SECR,13.596634,74.468836,ST,LKO,GWL,SEC-SECR-871,TRK-1,54.58,55.31,Down,2025-02-28 22:29:23,2025-02-28 22:35:23,6.03,17.7,1348.3,7,2025-02-28 23:31:23,311.52,53.2,5.8,Stopped_at_Station,16,1036.78,2.8,-0.6,-2.8,17.1,29.6,13.8,71.8,14.9,17462,14.4,81.5,29.83,2,40.0,27.7,1,1,35.1,PSG07,Passenger Emergency,Medium,2025-02-28 22:35:23,47,Confirmed,ML_Inference,27.4,0.0,76.5,32.6,7508.0,Rain,No_Impact,Good,42.54,1.42,0,0,Yellow,69.8,54.3,53.4,Good,4.37,2.8,Up_to_Date,307,Healthy,No_Failure,No_Failure,23,Friday,2,Winter,False,False,Completed,2025-02-28 22:44:05,2025-02-28 22:41:11,0.0,8.9,Operational,False,0.0
67124,DEMU 16,DEMU,Long-Distance,NER,33.014599,94.395607,VAPI,BCT,CNB,SEC-NER-365,TRK-3,155.91,119.7,Down,2025-03-01 03:40:52,2025-03-01 03:47:52,26.92,86.6,1055.2,11,2025-03-01 04:36:52,24.29,61.9,6.6,Halted_Signal,42,1030.91,3.8,13.2,9.7,14.7,15.2,9.4,56.2,87.3,99256,14.7,41.8,9.19,1,36.33,24.8,1,1,45.3,LCB05,Late Crew Boarding,Low,2025-03-01 02:50:52,166,Unconfirmed,Station_Master,23.6,1.6,49.1,26.0,2721.0,Cloudy,No_Impact,Good,34.41,3.48,0,0,Green,40.6,56.7,57.7,Good,6.0,27.7,Due_Soon,210,Healthy,Brake_Wear,Minor,4,Saturday,3,Summer,True,False,Completed,2025-03-01 04:01:04,2025-03-01 04:01:10,0.0,13.6,Operational,True,8.3
77210,Garib Rath 7,Garib Rath,Long-Distance,SR,32.258019,74.064386,SBC,CNB,VAPI,SEC-SR-436,TRK-2,124.89,155.43,Up,2025-03-01 14:18:18,2025-03-01 14:22:18,7.71,54.7,1102.5,5,2025-03-01 17:08:18,65.81,92.6,7.9,Running,0,1036.69,13.9,9.2,-5.0,0.0,18.6,15.7,51.6,51.8,99234,10.0,51.3,39.35,4,5.03,22.8,0,0,37.4,NON00,No Delay Reported,No_Impact,,0,Not_Applicable,Not_Applicable,14.9,7.8,68.6,23.9,982.0,Clear,No_Impact,Under_Repair,31.81,4.03,0,0,Green,55.9,48.3,51.7,Good,4.27,93.0,Due_Soon,185,Healthy,HVAC_Failure,Minor,17,Saturday,3,Summer,True,True,In_Transit,2025-03-01 14:42:18,,676.6,16.1,No_Delay,True,10.3
17735,Mail 22,Mail,Regional,ECR,23.634608,82.616068,ST,BCT,JP,SEC-ECR-429,TRK-2,103.34,103.53,Down,2025-03-01 19:06:21,2025-03-01 19:12:21,25.8,31.1,1711.9,0,2025-03-01 21:54:21,483.72,60.7,10.5,Halted_Signal,28,1228.18,-2.1,18.6,5.2,30.5,3.5,10.0,48.6,28.6,24813,30.4,65.5,9.36,5,4.26,8.0,0,1,13.9,NON00,No Delay Reported,No_Impact,,0,Not_Applicable,Not_Applicable,19.3,1.3,64.8,23.1,5391.0,Cloudy,No_Impact,Poor,27.08,4.76,0,1,Double_Yellow,52.9,58.7,57.8,Good,5.21,88.9,Overdue,208,Healthy,Bearing_Overheat,Minor,21,Saturday,3,Summer,True,False,Completed,2025-03-01 19:17:09,2025-03-01 19:23:03,0.0,0.3,No_Delay,False,0.0
51008,Shatabdi 16,Shatabdi,Freight,NR,14.049863,87.487189,SC,ST,JHS,SEC-NR-335,TRK-2,162.31,161.59,Down,2025-03-02 16:02:40,2025-03-02 16:09:40,33.63,164.9,1918.6,19,2025-03-02 18:57:40,1849.54,67.3,-1.0,Departed_Late,0,69.06,4.8,20.3,17.5,2.0,3.4,20.7,99.0,159.5,74677,-3.9,44.7,19.33,1,2.69,39.1,0,1,13.5,CNG04,Traffic Congestion,Medium,2025-03-02 17:35:40,130,Confirmed,Control_Office,24.2,0.0,72.9,35.1,9679.0,Storm,Moderate,Excellent,43.23,3.11,45,0,Yellow,58.1,41.9,48.4,Good,4.91,66.3,In_Progress,112,Faulty,No_Failure,No_Failure,18,Sunday,3,Summer,True,True,Completed,2025-03-02 16:16:52,2025-03-02 16:17:58,0.0,15.2,Traffic,True,12.9
39474,Mail 34,Mail,Regional,NCR,33.576266,81.245171,NGP,JHS,TDL,SEC-NCR-386,TRK-2,132.69,20.97,Up,2025-03-02 17:23:04,2025-03-02 17:31:04,29.07,172.7,175.9,15,2025-03-02 20:22:04,28.83,55.5,4.3,Running,0,147.07,7.2,24.2,18.3,17.8,5.0,31.7,85.1,178.4,22002,15.3,84.1,18.55,5,2.52,31.8,1,1,3.5,NON00,No Delay Reported,No_Impact,,0,Not_Applicable,Not_Applicable,36.9,11.3,74.1,9.6,3884.0,Clear,Moderate,Good,54.75,2.77,0,0,Yellow,93.4,67.3,53.5,Critical,4.42,36.3,Up_to_Date,162,Degraded,HVAC_Failure,Moderate,20,Sunday,3,Summer,True,True,Completed,2025-03-02 17:19:58,2025-03-02 17:17:28,0.0,-7.4,No_Delay,False,0.0
98201,Garib Rath 12,Garib Rath,Suburban,CR,18.238909,95.323448,KOTA,MAS,SBC,SEC-CR-423,TRK-3,173.22,94.25,Down,2025-03-02 18:09:06,2025-03-02 18:15:06,10.92,140.6,1658.3,14,2025-03-02 20:29:06,405.43,43.8,12.8,Running,0,1252.87,4.5,14.9,5.4,27.2,15.1,22.6,47.6,152.8,82002,30.5,49.6,23.22,2,20.43,43.7,1,0,21.7,NON00,No Delay Reported,No_Impact,,0,Not_Applicable,Not_Applicable,25.9,0.6,47.6,5.6,8877.0,Rain,Severe,Good,49.61,6.17,0,0,Double_Yellow,60.6,43.1,51.0,Fair,4.34,32.3,Up_to_Date,141,Degraded,No_Failure,No_Failure,20,Sunday,3,Summer,True,True,Completed,2025-03-02 18:37:06,2025-03-02 18:28:18,0.0,15.2,No_Delay,True,8.3
23007,Shatabdi 34,Shatabdi,Suburban,SCR,29.306031,70.513545,SC,BCT,MGS,SEC-SCR-910,TRK-3,44.37,80.04,Up,2025-03-02 23:28:58,2025-03-02 23:41:58,29.03,156.9,1775.0,12,2025-03-03 00:15:58,886.27,80.1,4.3,Terminated,0,888.73,18.2,-2.7,21.6,19.7,0.0,12.0,20.7,154.0,42987,10.7,92.6,19.03,0,12.4,42.5,0,1,18.0,WTH03,Adverse Weather,High,2025-03-02 22:40:58,54,Confirmed,Manual_Report,21.3,0.5,63.5,22.1,20.0,Clear,No_Impact,Under_Repair,6.64,2.28,0,1,Green,67.8,58.6,31.1,Good,5.1,28.9,In_Progress,181,Faulty,Axle_Fault,Minor,0,Monday,3,Summer,True,False,Completed,2025-03-03 00:07:04,2025-03-03 00:08:40,0.0,33.8,Weather,True,14.6
46919,Passenger 3,Passenger,Freight,SCR,30.661845,83.093195,GWL,MGS,MAS,SEC-SCR-768,TRK-3,4.9,118.88,Up,2025-03-02 23:07:27,2025-03-02 23:11:27,2.34,161.8,1918.5,19,2025-03-03 00:36:27,891.21,61.0,-2.6,Running,0,1027.29,23.8,32.2,16.2,14.0,8.7,15.9,70.4,163.8,25309,10.6,77.7,33.21,5,28.88,15.4,1,0,4.9,TRK02,Track Maintenance,Medium,2025-03-02 22:50:27,159,Confirmed,IoT_Sensor,25.9,0.3,57.7,19.7,4914.0,Clear,No_Impact,Good,30.76,4.38,60,0,Green,61.2,49.1,56.5,Good,5.49,80.6,Up_to_Date,233,Healthy,No_Failure,No_Failure,0,Monday,3,Summer,False,False,Completed,2025-03-02 23:04:27,2025-03-02 23:06:51,0.0,-0.4,Infrastructure,False,0.0
19150,DEMU 28,DEMU,Premium,SER,9.95337,70.646924,ALD,BZA,NDLS,SEC-SER-314,TRK-1,61.74,129.05,Up,2025-03-03 04:31:14,2025-03-03 04:39:14,35.78,107.7,244.1,15,2025-03-03 05:56:14,52.03,94.1,11.2,Running,0,192.07,15.6,7.1,1.1,28.7,18.9,13.6,71.5,109.5,68984,0.8,85.4,38.11,3,23.09,33.4,1,0,40.8,PSG07,Passenger Emergency,Medium,2025-03-03 05:36:14,158,Confirmed,IoT_Sensor,24.6,1.7,51.7,19.5,10000.0,Clear,No_Impact,Excellent,34.15,2.15,45,0,Double_Yellow,63.9,47.2,39.5,Good,4.05,83.7,Up_to_Date,180,Healthy,No_Failure,No_Failure,5,Monday,3,Summer,False,False,Completed,2025-03-03 04:51:32,2025-03-03 04:44:02,0.0,9.1,Operational,False,0.0
90170,Rajdhani 37,Rajdhani,Freight,SECR,17.174683,83.942691,MAS,KOTA,RTM,SEC-SECR-996,TRK-1,70.96,91.11,Up,2025-03-03 09:42:12,2025-03-03 09:49:12,31.86,151.0,1529.4,12,2025-03-03 12:27:12,1358.09,59.0,-1.8,Stopped_at_Station,44,171.31,-5.0,9.8,4.9,9.0,14.5,0.0,50.7,144.6,39550,1.5,86.1,23.14,1,28.52,11.3,1,1,43.9,NON00,No Delay Reported,No_Impact,,0,Not_Applicable,Not_Applicable,19.0,1.5,26.3,18.9,8258.0,Fog,No_Impact,Good,29.6,1.02,0,0,Green,71.5,66.3,73.1,Good,4.11,23.5,Overdue,342,Degraded,Door_Malfunction,Minor,12,Monday,3,Summer,False,False,Completed,2025-03-03 09:57:18,2025-03-03 09:58:48,0.0,16.9,No_Delay,True,13.9
60132,Mail 31,Mail,Regional,WR,9.5082,70.525991,BZA,NDLS,AGC,SEC-WR-116,TRK-3,89.39,10.56,Up,2025-03-03 15:56:42,2025-03-03 16:00:42,26.69,91.1,764.3,11,2025-03-03 16:05:42,159.03,49.6,4.6,Running,0,605.27,11.5,11.4,6.4,24.6,14.4,22.1,56.2,91.0,42356,-5.0,75.9,19.5,1,38.25,41.8,1,1,36.0,NON00,No Delay Reported,No_Impact,,0,Not_Applicable,Not_Applicable,24.4,6.4,96.0,30.4,2569.0,Rain,Low,Poor,22.37,6.7,0,0,Yellow,53.7,48.9,37.4,Excellent,4.17,26.6,Due_Soon,105,Degraded,No_Failure,No_Failure,16,Monday,3,Summer,False,False,Completed,2025-03-03 16:18:42,2025-03-03 16:19:06,0.0,17.4,No_Delay,True,8.4
36527,Express 16,Express,Suburban,CR,33.431552,96.950295,BRC,JHS,DHN,SEC-CR-737,TRK-1,20.32,68.56,Up,2025-03-03 17:39:32,2025-03-03 17:44:32,20.48,171.6,646.2,14,2025-03-03 20:25:32,644.97,105.6,12.4,Halted_Signal,19,1.23,20.1,15.9,-4.2,15.3,9.9,10.3,64.2,171.2,15125,-5.0,43.0,11.28,1,33.53,43.5,1,1,25.5,LCB05,Late Crew Boarding,Low,2025-03-03 18:56:32,15,Confirmed,Manual_Report,18.8,5.1,42.4,18.6,3238.0,Clear,Moderate,Good,16.96,3.59,45,1,Green,70.9,20.2,69.5,Excellent,5.76,49.8,Up_to_Date,39,Faulty,Electrical_Fault,Moderate,20,Monday,3,Summer,False,True,In_Transit,2025-03-03 18:09:38,,6.0,17.7,Operational,True,8.4
22579,Freight 47,Freight,Long-Distance,CR,33.55349,83.097313,PNBE,BCT,TDL,SEC-CR-127,TRK-3,153.52,57.6,Down,2025-03-03 20:13:38,2025-03-03 20:21:38,23.19,55.0,949.6,3,2025-03-03 23:04:38,741.21,52.2,20.1,Running,0,208.39,22.3,17.5,0.7,3.0,14.4,13.7,36.5,51.2,36026,7.6,71.5,7.34,0,4.22,3.9,1,1,11.7,MEC06,Mechanical Failure,High,2025-03-03 21:50:38,88,Auto-Detected,Station_Master,29.6,1.0,68.1,20.7,3681.0,Rain,Low,Good,45.02,1.46,100,0,Green,60.6,67.0,25.1,Excellent,5.12,77.3,Up_to_Date,100,Degraded,No_Failure,No_Failure,23,Monday,3,Summer,False,False,Completed,2025-03-03 20:40:56,2025-03-03 20:36:26,0.0,7.2,Mechanical,False,0.0
83490,Superfast 37,Superfast,Long-Distance,SWR,33.738425,71.977426,BZA,CNB,HWH,SEC-SWR-208,TRK-3,55.26,30.78,Down,2025-03-03 23:01:37,2025-03-03 23:15:37,10.49,172.3,1740.3,5,2025-03-04 00:48:37,1085.23,82.7,13.5,Running,0,655.07,15.1,20.0,17.6,12.8,12.3,8.8,73.0,168.5,24470,12.1,118.9,35.5,4,45.59,23.1,1,1,30.2,MEC06,Mechanical Failure,High,2025-03-04 00:16:37,55,Confirmed,ML_Inference,32.5,6.7,30.8,21.1,5517.0,Fog,No_Impact,Excellent,45.66,3.0,0,0,Yellow,79.2,46.3,56.6,Excellent,4.66,32.7,In_Progress,116,Degraded,No_Failure,No_Failure,0,Tuesday,3,Summer,False,False,Completed,2025-03-03 23:22:37,2025-03-03 23:23:31,0.0,7.5,Mechanical,False,0.0
86479,Superfast 9,Superfast,Suburban,NR,28.041797,81.177819,NDLS,CSTM,ALD,SEC-NR-979,TRK-1,86.98,5.14,Up,2025-03-04 08:09:55,2025-03-04 08:27:55,31.67,16.3,1089.0,6,2025-03-04 09:54:55,607.15,89.4,11.3,Running,0,481.85,1.7,16.8,1.7,12.7,4.7,25.8,82.8,20.0,57422,20.8,77.0,34.14,1,7.68,42.5,1,0,74.7,CNG04,Traffic Congestion,Medium,2025-03-04 08:52:55,93,Confirmed,IoT_Sensor,35.4,0.0,63.7,2.5,5674.0,Storm,No_Impact,Poor,48.19,6.75,75,0,Yellow,61.7,59.6,61.5,Excellent,6.09,55.0,Due_Soon,51,Degraded,Electrical_Fault,Critical,9,Tuesday,3,Summer,False,True,Completed,2025-03-04 08:31:13,2025-03-04 08:28:49,0.0,10.0,Traffic,False,0.0
60870,Mail 13,Mail,Regional,NWR,13.1147,72.84812,LKO,JP,MGS,SEC-NWR-208,TRK-2,10.77,126.73,Down,2025-03-04 10:35:43,2025-03-04 10:49:43,21.64,113.7,450.7,12,2025-03-04 12:18:43,314.88,47.0,0.5,Stopped_at_Station,43,135.82,-5.0,12.9,11.7,3.5,6.2,0.8,76.2,116.5,79215,3.2,41.5,14.01,1,18.22,14.6,1,0,39.1,LCB05,Late Crew Boarding,Low,2025-03-04 10:34:43,23,Confirmed,Control_Office,10.8,0.5,61.0,8.8,6319.0,Cloudy,No_Impact,Fair,41.39,3.45,0,0,Green,36.8,71.6,36.4,Good,6.15,24.0,Up_to_Date,351,Healthy,No_Failure,No_Failure,12,Tuesday,3,Summer,False,False,Completed,2025-03-04 10:56:55,2025-03-04 11:04:07,0.0,20.7,Operational,True,18.0
81715,Superfast 43,Superfast,Long-Distance,WR,24.98506,94.361333,AGC,LKO,GAYA,SEC-WR-700,TRK-3,119.87,34.53,Up,2025-03-04 10:26:52,2025-03-04 10:31:52,8.54,42.3,1959.0,8,2025-03-04 12:19:52,1225.31,49.4,26.2,Running,0,733.69,11.5,6.4,15.5,9.7,2.6,23.6,81.9,39.8,87421,23.8,55.9,4.83,2,11.34,32.3,1,0,21.5,WTH03,Adverse Weather,High,2025-03-04 10:44:52,54,Confirmed,ML_Inference,35.7,2.2,40.7,0.0,6739.0,Rain,No_Impact,Fair,28.71,2.34,0,1,Green,86.2,41.6,55.2,Needs_Inspection,4.59,9.2,Due_Soon,96,Healthy,No_Failure,No_Failure,12,Tuesday,3,Summer,False,False,In_Transit,2025-03-04 10:54:16,,891.5,1.2,Weather,False,0.0
93026,Garib Rath 44,Garib Rath,Freight,NCR,23.841153,96.054367,MGS,SBC,BCT,SEC-NCR-729,TRK-1,56.24,122.15,Up,2025-03-04 12:35:34,2025-03-04 12:47:34,10.78,11.9,1161.1,3,2025-03-04 12:52:34,876.39,124.0,-1.6,Running,0,284.71,7.9,13.9,7.3,16.5,14.7,17.5,81.2,11.5,17330,9.6,94.2,37.87,0,5.73,7.2,1,0,19.2,WTH03,Adverse Weather,High,2025-03-04 11:10:34,94,Auto-Detected,IoT_Sensor,11.8,0.0,88.1,18.7,6824.0,Clear,No_Impact,Fair,17.01,4.19,0,0,Auto,50.5,64.6,56.5,Fair,4.94,96.5,Due_Soon,225,Healthy,No_Failure,No_Failure,12,Tuesday,3,Summer,False,False,Completed,2025-03-04 12:57:16,2025-03-04 12:55:10,0.0,23.3,Weather,True,16.9
22622,Vande Bharat 5,Vande Bharat,Regional,SWR,9.25514,72.080314,ALD,LKO,AGC,SEC-SWR-574,TRK-2,99.87,156.59,Down,2025-03-04 13:30:32,2025-03-04 13:46:32,8.94,11.8,1624.2,17,2025-03-04 14:31:32,1475.93,65.3,4.6,Running,0,148.27,21.1,1.1,8.5,17.6,9.3,7.8,64.3,22.0,31799,6.7,28.6,7.43,4,30.28,28.8,0,0,52.3,BLK08,Line Block / Engineering Work,High,2025-03-04 14:03:32,133,Confirmed,Control_Office,28.2,5.2,67.3,20.9,8640.0,Clear,No_Impact,Good,27.84,3.0,60,0,Double_Yellow,76.6,47.3,54.6,Good,5.57,14.4,Due_Soon,122,Degraded,HVAC_Failure,Minor,14,Tuesday,3,Summer,False,False,Completed,2025-03-04 13:48:08,2025-03-04 13:53:08,0.0,13.0,Infrastructure,True,7.8
76240,Mail 40,Mail,Freight,WR,21.204398,90.43788,ASN,BPL,MAS,SEC-WR-696,TRK-3,115.3,4.46,Up,2025-03-04 17:15:30,2025-03-04 17:24:30,2.39,97.0,1774.9,2,2025-03-04 19:04:30,1469.8,124.8,20.2,Running,0,305.1,14.6,5.3,14.3,17.9,12.1,19.0,85.3,95.8,70114,4.2,62.3,4.95,4,25.42,33.6,0,1,21.8,NON00,No Delay Reported,No_Impact,,0,Not_Applicable,Not_Applicable,16.3,2.7,78.3,23.1,5460.0,Cloudy,No_Impact,Fair,43.34,4.12,75,0,Yellow,100.0,37.4,32.0,Good,5.47,93.9,Up_to_Date,124,Healthy,Electrical_Fault,Minor,19,Tuesday,3,Summer,False,True,Completed,2025-03-04 17:50:18,2025-03-04 17:50:30,0.0,14.6,No_Delay,True,8.4
52258,Superfast 17,Superfast,Freight,WR,26.392193,82.047003,DHN,PNBE,MGS,SEC-WR-572,TRK-1,18.08,2.1,Down,2025-03-04 20:44:13,2025-03-04 20:46:13,10.65,113.2,995.5,0,2025-03-04 23:19:13,390.57,42.0,43.2,Running,0,604.93,12.2,9.9,10.5,1.6,16.8,0.0,80.4,113.0,39350,17.7,61.2,4.29,2,33.6,34.3,1,1,41.9,ANI09,Animal / Obstruction on Track,Medium,2025-03-04 22:46:13,58,Confirmed,ML_Inference,31.0,7.4,82.2,6.1,3923.0,Rain,No_Impact,Fair,13.53,3.69,0,0,Double_Yellow,50.1,45.6,51.1,Good,3.5,80.1,Up_to_Date,8,Healthy,No_Failure,No_Failure,23,Tuesday,3,Summer,False,False,Completed,2025-03-04 21:46:07,2025-03-04 21:49:55,0.0,18.7,Traffic,True,10.3
61520,Express 44,Express,Long-Distance,CR,11.694031,74.43598,MGS,TDL,SBC,SEC-CR-698,TRK-3,136.34,79.21,Up,2025-03-04 22:30:47,2025-03-04 22:47:47,23.82,152.3,1771.5,1,2025-03-04 23:55:47,1096.56,89.3,11.3,Terminated,0,674.94,5.0,20.2,14.8,19.2,1.9,10.3,42.8,149.2,35706,6.2,60.7,23.12,1,15.29,15.1,0,1,48.7,MEC06,Mechanical Failure,High,2025-03-04 22:45:47,108,Confirmed,Station_Master,32.3,0.0,6.1,20.2,2345.0,Clear,No_Impact,Fair,13.51,2.36,0,1,Green,45.7,64.6,77.2,Fair,5.31,23.9,Due_Soon,108,Healthy,No_Failure,No_Failure,23,Tuesday,3,Summer,False,False,Not_Started,,,458.2,15.8,Mechanical,True,9.9
64279,Superfast 30,Superfast,Premium,ER,24.165649,71.555509,KOTA,CSTM,RTM,SEC-ER-586,TRK-1,67.05,26.92,Up,2025-03-05 06:56:10,2025-03-05 07:07:10,8.07,70.4,795.7,10,2025-03-05 08:27:10,544.44,50.2,16.3,Stopped_at_Station,40,251.26,9.7,7.2,1.7,18.7,3.0,22.0,78.9,63.8,80436,1.3,64.0,1.89,4,20.06,15.8,0,0,48.1,SIG01,Signal Failure,High,2025-03-05 07:37:10,152,Confirmed,ML_Inference,27.7,1.6,23.4,24.1,5743.0,Clear,No_Impact,Fair,45.11,3.97,0,0,Green,52.5,66.2,48.9,Good,4.4,52.3,In_Progress,264,Faulty,No_Failure,No_Failure,8,Wednesday,3,Summer,False,True,Completed,2025-03-05 07:29:58,2025-03-05 07:32:40,0.0,17.5,No_Delay,True,9.2
65464,Superfast 43,Superfast,Regional,SCR,15.601142,86.25793,HWH,BRC,GAYA,SEC-SCR-969,TRK-3,57.93,175.54,Up,2025-03-05 11:46:46,2025-03-05 11:57:46,2.71,23.9,1410.4,12,2025-03-05 13:48:46,396.43,72.5,55.4,Halted_Signal,31,1013.97,-5.0,6.9,6.4,8.5,17.8,9.7,46.7,18.8,22836,28.1,52.2,6.6,4,17.13,39.9,1,1,36.5,TRK02,Track Maintenance,Medium,2025-03-05 13:39:46,35,Auto-Detected,Manual_Report,23.1,0.0,33.2,7.4,2224.0,Clear,Moderate,Good,46.12,4.63,0,1,Green,53.4,59.8,52.4,Excellent,5.46,26.0,Overdue,49,Healthy,No_Failure,No_Failure,13,Wednesday,3,Summer,False,False,Completed,2025-03-05 13:23:40,2025-03-05 13:24:28,0.0,41.5,Infrastructure,True,27.1
50540,Passenger 28,Passenger,Long-Distance,SCR,28.932509,83.059999,DHN,BPL,CSTM,SEC-SCR-800,TRK-2,116.29,98.38,Up,2025-03-05 16:21:18,2025-03-05 16:31:18,7.72,143.1,504.9,9,2025-03-05 18:18:18,289.61,108.5,-2.8,Slow_Running,0,215.29,-1.4,23.8,19.0,0.0,12.9,3.4,60.0,136.9,85313,13.4,103.1,8.66,5,23.75,30.2,1,1,12.0,SIG01,Signal Failure,High,2025-03-05 16:32:18,132,Confirmed,IoT_Sensor,29.2,2.2,46.3,13.2,6102.0,Cloudy,Low,Good,28.29,3.07,0,1,Yellow,57.4,49.0,70.6,Fair,6.32,59.9,Due_Soon,336,Healthy,HVAC_Failure,Minor,18,Wednesday,3,Summer,False,True,In_Transit,2025-03-05 16:25:06,,121.0,6.6,No_Delay,False,0.0
50232,Rajdhani 34,Rajdhani,Freight,NCR,13.002641,80.55311,ALD,GWL,AGC,SEC-NCR-661,TRK-1,144.03,46.51,Up,2025-03-05 18:35:33,2025-03-05 18:38:33,5.21,121.9,213.8,8,2025-03-05 20:33:33,27.16,72.0,18.8,Departed_Late,0,186.64,4.2,4.4,7.3,12.6,8.1,20.0,73.2,116.6,82391,-3.7,33.2,8.25,5,16.45,15.0,1,1,29.9,NON00,No Delay Reported,No_Impact,,0,Not_Applicable,Not_Applicable,30.0,7.1,37.0,19.0,5407.0,Fog,Low,Fair,37.68,3.98,30,0,Yellow,90.7,60.9,34.2,Good,5.91,58.5,Overdue,230,Healthy,No_Failure,No_Failure,20,Wednesday,3,Summer,False,True,Completed,2025-03-05 19:21:45,2025-03-05 19:20:33,0.0,27.4,No_Delay,True,16.4
76322,Rajdhani 6,Rajdhani,Long-Distance,SECR,11.880559,84.675183,BZA,TDL,CNB,SEC-SECR-225,TRK-3,2.7,2.31,Down,2025-03-06 01:37:19,2025-03-06 01:39:19,6.76,119.6,1467.0,17,2025-03-06 01:50:19,162.35,115.4,2.2,Running,0,1304.65,7.5,6.4,-5.0,0.9,17.0,19.0,74.1,117.8,84727,14.9,41.5,39.62,0,44.21,30.4,1,0,37.0,BLK08,Line Block / Engineering Work,High,2025-03-06 01:44:19,62,Auto-Detected,ML_Inference,29.2,2.1,60.7,10.2,7495.0,Fog,No_Impact,Fair,37.55,2.32,0,0,Green,77.9,65.2,33.7,Fair,3.43,24.8,Due_Soon,358,Healthy,No_Failure,No_Failure,1,Thursday,3,Summer,False,False,In_Transit,2025-03-06 02:00:01,,684.5,20.5,Infrastructure,True,18.1
72668,Passenger 32,Passenger,Long-Distance,WCR,12.605088,82.302994,PUNE,NGP,GAYA,SEC-WCR-914,TRK-1,156.06,53.6,Down,2025-03-06 05:40:50,2025-03-06 05:46:50,6.43,132.2,1599.3,0,2025-03-06 08:35:50,995.42,79.3,30.4,Running,0,603.88,0.7,7.5,13.4,7.6,12.8,5.4,59.4,131.5,97878,-5.0,107.4,39.56,2,6.45,11.7,0,1,3.9,CNG04,Traffic Congestion,Medium,2025-03-06 07:23:50,27,Unconfirmed,IoT_Sensor,37.6,5.3,72.8,18.7,5900.0,Clear,Moderate,Good,26.87,4.84,45,1,Green,70.6,50.8,41.8,Good,4.18,14.9,Due_Soon,75,Degraded,Electrical_Fault,Minor,8,Thursday,3,Summer,False,True,In_Transit,2025-03-06 06:27:44,,461.9,16.5,Traffic,True,14.4
25353,Freight 49,Freight,Long-Distance,WR,26.447083,93.798914,ASN,CNB,PUNE,SEC-WR-557,TRK-2,20.09,8.71,Up,2025-03-06 16:16:05,2025-03-06 16:27:05,20.98,97.4,1200.8,12,2025-03-06 16:11:05,911.71,85.1,37.3,Departed_Late,0,289.09,19.2,12.5,22.4,16.4,9.2,7.1,50.3,113.8,76310,13.5,91.3,27.92,4,24.58,22.9,1,1,7.3,NON00,No Delay Reported,No_Impact,,0,Not_Applicable,Not_Applicable,28.1,8.8,52.2,15.6,7117.0,Cloudy,Low,Good,31.24,3.51,0,0,Double_Yellow,87.1,51.5,68.7,Excellent,6.76,45.9,Up_to_Date,176,Healthy,No_Failure,No_Failure,16,Thursday,3,Summer,False,False,In_Transit,2025-03-06 17:06:59,,207.9,13.6,No_Delay,True,6.5
50850,Duronto 6,Duronto,Regional,SWR,23.028398,79.828011,BCT,BZA,TDL,SEC-SWR-911,TRK-3,127.57,29.97,Down,2025-03-06 14:55:15,2025-03-06 15:10:15,21.42,151.2,418.9,9,2025-03-06 16:12:15,80.2,102.9,-3.0,Running,0,338.7,27.3,3.6,21.6,24.0,2.7,23.7,61.8,142.6,34124,24.1,79.8,24.88,0,6.05,38.6,1,1,18.8,TRK02,Track Maintenance,Medium,2025-03-06 14:28:15,165,Confirmed,Control_Office,16.4,0.2,57.9,23.6,10000.0,Cloudy,No_Impact,Under_Repair,50.31,2.21,0,0,Green,75.6,46.3,66.2,Excellent,5.11,74.1,Due_Soon,254,Healthy,HVAC_Failure,Minor,16,Thursday,3,Summer,True,False,Completed,2025-03-06 14:52:15,2025-03-06 14:55:33,0.0,-0.0,Infrastructure,False,0.0
32132,Express 46,Express,Suburban,SCR,20.61168,85.417976,VAPI,BZA,BPL,SEC-SCR-803,TRK-1,113.05,71.04,Up,2025-03-06 17:36:52,2025-03-06 17:54:52,10.48,48.0,1862.1,4,2025-03-06 19:26:52,700.04,32.5,19.3,Departed_Late,0,1162.06,15.0,21.1,4.3,16.7,2.7,11.4,99.0,58.0,27145,-5.0,77.3,6.61,1,18.14,13.4,0,0,41.3,CNG04,Traffic Congestion,Medium,2025-03-06 17:27:52,174,Confirmed,IoT_Sensor,19.9,18.2,64.3,1.8,5336.0,Cloudy,No_Impact,Good,38.83,2.05,75,0,Yellow,60.3,51.0,64.2,Fair,4.63,69.9,Up_to_Date,89,Healthy,No_Failure,No_Failure,19,Thursday,3,Summer,False,True,Completed,2025-03-06 18:13:46,2025-03-06 18:10:58,0.0,17.6,Traffic,True,14.6
55407,Shatabdi 26,Shatabdi,Premium,WR,18.926234,84.300959,SBC,LKO,JP,SEC-WR-305,TRK-3,40.68,140.1,Down,2025-03-06 23:58:38,2025-03-07 00:00:38,32.81,82.6,759.6,11,2025-03-07 02:42:38,554.72,122.1,1.8,Terminated,0,204.88,3.9,9.0,12.0,11.2,6.7,12.5,53.5,77.7,38444,13.7,55.3,8.4,3,9.55,42.0,0,1,41.3,WTH03,Adverse Weather,High,2025-03-07 01:55:38,119,Auto-Detected,IoT_Sensor,30.6,0.0,37.6,0.0,6958.0,Clear,Moderate,Good,36.01,5.51,30,0,Green,55.0,76.9,41.7,Excellent,5.47,32.8,In_Progress,270,Healthy,No_Failure,No_Failure,2,Friday,3,Summer,False,False,In_Transit,2025-03-07 00:11:38,,104.0,11.2,Weather,True,7.6
80053,Shatabdi 33,Shatabdi,Long-Distance,WCR,14.589879,88.949307,ADI,NGP,ASN,SEC-WCR-270,TRK-1,119.77,28.3,Down,2025-03-07 21:33:48,2025-03-07 21:46:48,14.97,56.0,97.0,12,2025-03-08 00:25:48,46.39,85.1,-0.0,Running,0,50.61,4.9,14.5,10.8,14.7,14.6,15.2,43.0,54.4,42475,21.9,71.4,36.37,2,34.52,10.1,1,0,7.9,NON00,No Delay Reported,No_Impact,,0,Not_Applicable,Not_Applicable,19.8,4.7,57.4,25.4,6562.0,Clear,No_Impact,Fair,41.82,4.18,45,0,Green,41.0,68.7,20.0,Fair,3.65,80.9,Up_to_Date,270,Healthy,No_Failure,No_Failure,0,Saturday,3,Summer,True,False,Completed,2025-03-07 21:31:48,2025-03-07 21:34:06,0.0,-2.0,No_Delay,False,0.0
35245,Rajdhani 13,Rajdhani,Premium,WCR,26.336863,72.974823,KOTA,HWH,CNB,SEC-WCR-315,TRK-3,58.86,125.34,Up,2025-03-08 07:15:26,2025-03-08 07:28:26,28.77,75.2,136.6,2,2025-03-08 08:58:26,127.67,21.3,29.2,Departed_Late,0,8.93,12.4,20.4,8.5,14.1,7.6,0.6,35.8,77.8,59365,18.1,73.7,30.13,0,22.33,43.2,1,0,26.4,ANI09,Animal / Obstruction on Track,Medium,2025-03-08 08:25:26,42,Confirmed,Control_Office,26.9,0.0,22.9,17.3,10000.0,Clear,No_Impact,Good,38.73,1.98,30,1,Green,84.9,81.8,51.1,Good,5.07,79.1,Overdue,320,Healthy,Bearing_Overheat,Critical,8,Saturday,3,Summer,True,True,In_Transit,2025-03-08 07:53:26,,27.8,8.8,Traffic,False,0.0
95396,Superfast 42,Superfast,Regional,WCR,22.161029,74.796444,HWH,BPL,ADI,SEC-WCR-509,TRK-2,27.96,10.24,Up,2025-03-08 10:52:49,2025-03-08 11:09:49,29.99,144.3,936.4,14,2025-03-08 11:45:49,168.92,55.4,6.2,Stopped_at_Station,30,767.48,16.9,23.3,3.5,12.6,15.6,18.0,86.7,147.2,89449,15.9,44.4,11.12,0,48.1,37.4,1,0,38.0,WTH03,Adverse Weather,High,2025-03-08 10:51:49,78,Confirmed,IoT_Sensor,29.8,0.3,40.5,22.2,10000.0,Clear,Severe,Good,17.74,5.69,0,0,Green,88.5,21.0,54.9,Excellent,3.93,82.8,Due_Soon,46,Healthy,No_Failure,No_Failure,11,Saturday,3,Summer,True,False,In_Transit,2025-03-08 11:27:31,,839.8,28.5,Weather,True,11.5
18558,Garib Rath 10,Garib Rath,Long-Distance,NFR,17.165039,76.51551,ASN,VAPI,BCT,SEC-NFR-334,TRK-3,30.51,35.72,Up,2025-03-08 12:36:12,2025-03-08 12:39:12,17.72,103.8,1869.0,2,2025-03-08 12:47:12,482.54,99.7,3.9,Slow_Running,0,1386.46,2.9,10.3,8.2,24.9,12.3,19.8,63.1,96.0,38786,30.2,53.1,36.34,4,26.76,5.9,1,0,20.2,CNG04,Traffic Congestion,Medium,2025-03-08 12:23:12,61,Auto-Detected,Control_Office,40.5,5.3,74.3,22.2,20.0,Heavy_Rain,Low,Excellent,25.49,2.65,0,0,Yellow,100.0,62.1,32.7,Good,4.93,28.8,Up_to_Date,359,Faulty,Bearing_Overheat,Minor,12,Saturday,3,Summer,True,False,Completed,2025-03-08 12:58:36,2025-03-08 12:52:36,0.0,18.5,Traffic,True,15.5
75098,Garib Rath 17,Garib Rath,Suburban,WCR,19.955362,80.495983,TDL,RTM,JP,SEC-WCR-803,TRK-1,45.39,83.82,Up,2025-03-08 11:58:29,2025-03-08 12:02:29,6.66,167.9,555.2,5,2025-03-08 14:47:29,508.3,72.0,-2.7,Running,0,46.9,14.7,12.1,2.9,14.2,15.3,14.5,98.6,165.4,38608,10.9,99.2,8.17,2,19.87,3.2,0,1,43.3,TRK02,Track Maintenance,Medium,2025-03-08 13:38:29,6,Confirmed,ML_Inference,25.2,0.0,45.9,9.8,6934.0,Fog,Moderate,Under_Repair,15.95,1.2,0,0,Green,72.2,63.8,47.5,Good,5.15,8.4,Up_to_Date,191,Healthy,No_Failure,No_Failure,14,Saturday,3,Summer,True,False,Completed,2025-03-08 12:07:23,2025-03-08 12:13:17,0.0,11.6,Infrastructure,True,7.3
54377,Duronto 33,Duronto,Suburban,SECR,31.969418,76.315799,MAS,TDL,MGS,SEC-SECR-280,TRK-1,87.11,146.68,Down,2025-03-09 00:47:20,2025-03-09 01:04:20,21.9,137.7,1221.3,4,2025-03-09 02:07:20,987.57,77.0,3.8,Stopped_at_Station,28,233.73,13.4,9.9,20.5,0.5,28.6,7.0,59.4,148.8,24597,10.6,86.0,34.92,2,4.61,23.0,1,1,9.9,TRK02,Track Maintenance,Medium,2025-03-09 01:21:20,36,Confirmed,Station_Master,22.2,0.0,87.1,1.6,3205.0,Fog,No_Impact,Fair,16.56,4.62,0,1,Green,54.6,71.3,65.5,Needs_Inspection,4.15,21.1,Up_to_Date,340,Offline,Bearing_Overheat,Moderate,2,Sunday,3,Summer,True,False,In_Transit,2025-03-09 00:56:02,,183.6,4.9,Infrastructure,False,0.0
93231,Rajdhani 44,Rajdhani,Premium,NWR,22.819919,96.249426,ASN,AGC,NDLS,SEC-NWR-453,TRK-1,91.2,178.99,Down,2025-03-09 01:15:01,2025-03-09 01:21:01,5.95,143.6,1566.9,4,2025-03-09 02:27:01,1295.25,69.5,27.9,Running,0,271.65,5.7,6.8,13.6,10.6,10.8,13.3,70.7,147.3,95886,7.7,108.0,27.17,3,39.06,34.8,1,1,39.7,TRK02,Track Maintenance,Medium,2025-03-09 01:05:01,61,Confirmed,ML_Inference,33.6,2.7,38.0,3.6,4555.0,Cloudy,Moderate,Good,48.58,3.14,0,0,Green,82.9,59.2,63.1,Fair,5.71,95.1,Up_to_Date,61,Healthy,Door_Malfunction,Minor,2,Sunday,3,Summer,True,False,Completed,2025-03-09 02:04:37,2025-03-09 02:04:31,0.0,21.7,Infrastructure,True,9.1
93474,Freight 13,Freight,Long-Distance,SECR,30.810344,77.191232,ALD,SBC,NGP,SEC-SECR-106,TRK-3,75.03,38.43,Up,2025-03-09 02:05:18,2025-03-09 02:19:18,20.7,137.9,1066.8,11,2025-03-09 04:08:18,175.65,67.1,23.0,Running,0,891.15,18.8,6.8,8.2,13.4,16.6,2.4,61.9,137.1,16013,31.8,68.4,14.26,3,7.7,8.5,1,1,3.9,PSG07,Passenger Emergency,Medium,2025-03-09 04:03:18,42,Auto-Detected,IoT_Sensor,30.1,17.8,38.5,12.6,8642.0,Clear,No_Impact,Good,49.97,1.58,75,1,Yellow,60.7,59.9,43.6,Needs_Inspection,7.11,41.7,Due_Soon,89,Healthy,No_Failure,No_Failure,4,Sunday,3,Summer,True,False,Completed,2025-03-09 02:42:54,2025-03-09 02:40:30,0.0,14.6,Operational,True,13.0
43676,Garib Rath 44,Garib Rath,Long-Distance,ECR,28.094938,82.576428,RTM,SBC,BCT,SEC-ECR-358,TRK-2,84.61,31.43,Up,2025-03-09 07:26:23,2025-03-09 07:37:23,13.74,86.2,293.5,10,2025-03-09 08:29:23,221.68,65.2,11.6,Running,0,71.82,16.1,-0.2,23.5,15.4,5.4,14.7,95.1,93.2,76599,14.1,99.3,0.67,2,47.72,26.5,0,1,11.4,BLK08,Line Block / Engineering Work,High,2025-03-09 07:14:23,98,Auto-Detected,Station_Master,29.7,0.9,74.7,18.1,7260.0,Heavy_Rain,No_Impact,Excellent,24.21,4.53,0,1,Yellow,38.8,40.9,57.0,Critical,5.33,46.6,Overdue,27,Healthy,HVAC_Failure,Critical,8,Sunday,3,Summer,True,True,Completed,2025-03-09 07:41:53,2025-03-09 07:44:35,0.0,3.9,Infrastructure,False,0.0
30719,Duronto 41,Duronto,Premium,SER,30.442166,84.202486,TDL,MGS,SC,SEC-SER-688,TRK-1,157.9,10.26,Down,2025-03-09 07:13:56,2025-03-09 07:18:56,30.43,124.6,1695.7,18,2025-03-09 09:01:56,936.6,62.8,11.5,Running,0,759.1,6.5,-0.8,9.5,3.3,9.7,13.2,84.7,126.9,16452,25.7,45.2,33.14,1,35.18,15.2,0,1,57.2,CNG04,Traffic Congestion,Medium,2025-03-09 08:58:56,74,Confirmed,Manual_Report,14.1,0.0,53.2,6.0,10000.0,Cloudy,Low,Excellent,36.8,4.27,0,0,Green,69.7,43.2,52.1,Good,4.8,86.3,Up_to_Date,207,Healthy,No_Failure,No_Failure,9,Sunday,3,Summer,True,True,Completed,2025-03-09 07:51:32,2025-03-09 07:55:44,0.0,26.1,Traffic,True,19.1
85032,Garib Rath 48,Garib Rath,Suburban,SR,25.385262,93.127952,PUNE,GWL,SBC,SEC-SR-772,TRK-3,177.2,68.44,Down,2025-03-09 07:37:25,2025-03-09 07:41:25,15.83,174.7,494.7,16,2025-03-09 10:05:25,260.45,78.4,62.1,Terminated,0,234.25,19.7,4.9,7.7,14.0,8.1,0.0,65.4,167.0,29569,22.2,39.1,8.11,2,18.02,6.2,0,1,25.9,SIG01,Signal Failure,High,2025-03-09 08:45:25,174,Confirmed,ML_Inference,26.5,1.6,33.3,0.0,5571.0,Heavy_Rain,Low,Excellent,60.48,2.01,45,0,Green,74.6,65.3,64.3,Fair,4.19,83.1,Up_to_Date,361,Healthy,No_Failure,No_Failure,10,Sunday,3,Summer,True,False,Completed,2025-03-09 09:08:43,2025-03-09 09:09:55,0.0,29.2,No_Delay,True,18.0
98795,Express 2,Express,Suburban,ER,33.473404,79.824016,MAS,LKO,ST,SEC-ER-423,TRK-2,136.72,153.61,Up,2025-03-09 09:33:00,2025-03-09 09:41:00,22.99,145.8,1664.4,12,2025-03-09 10:29:00,782.76,85.8,2.8,Running,0,881.64,18.5,3.7,21.5,16.4,12.2,15.3,68.7,141.9,59846,25.7,95.3,38.49,5,6.95,35.8,1,0,5.5,BLK08,Line Block / Engineering Work,High,2025-03-09 09:56:00,169,Confirmed,IoT_Sensor,29.5,1.6,54.1,9.0,7971.0,Storm,No_Impact,Poor,29.54,2.83,0,0,Double_Yellow,57.4,47.9,34.3,Excellent,5.91,79.6,Due_Soon,206,Faulty,No_Failure,No_Failure,10,Sunday,3,Summer,True,False,Completed,2025-03-09 09:54:00,2025-03-09 10:00:42,0.0,18.2,Infrastructure,True,9.0
46604,Passenger 12,Passenger,Regional,SECR,17.222345,76.637006,CNB,VAPI,GAYA,SEC-SECR-510,TRK-3,134.8,105.21,Down,2025-03-10 15:06:28,2025-03-10 15:19:28,7.88,64.2,134.7,5,2025-03-10 15:15:28,43.98,65.2,45.6,Terminated,0,90.72,17.7,12.2,17.8,14.6,1.1,14.1,81.4,65.2,12681,21.6,77.8,24.49,2,35.18,4.2,0,0,2.8,BLK08,Line Block / Engineering Work,High,2025-03-10 15:00:28,76,Auto-Detected,Station_Master,26.4,0.9,56.6,22.6,6724.0,Clear,Severe,Good,33.83,4.08,0,1,Green,52.6,57.5,50.2,Good,3.95,36.2,Up_to_Date,317,Offline,No_Failure,No_Failure,15,Monday,3,Summer,False,False,Completed,2025-03-10 16:18:34,2025-03-10 16:20:04,0.0,26.5,Infrastructure,True,17.2
22577,Passenger 13,Passenger,Long-Distance,SR,12.503426,94.297994,PNBE,PUNE,MAS,SEC-SR-106,TRK-3,75.07,98.29,Down,2025-03-10 15:39:57,2025-03-10 15:53:57,15.05,115.0,1645.3,14,2025-03-10 17:55:57,1159.96,83.4,0.2,Running,0,485.34,11.8,32.5,13.6,22.0,4.0,15.1,71.2,118.2,66312,17.2,73.8,7.09,0,12.81,28.8,0,1,41.6,MEC06,Mechanical Failure,High,2025-03-10 17:17:57,76,Confirmed,IoT_Sensor,40.5,0.2,22.2,22.2,3613.0,Storm,Moderate,Good,35.89,5.54,0,0,Green,82.5,80.6,83.9,Good,5.12,44.0,Up_to_Date,108,Degraded,No_Failure,No_Failure,17,Monday,3,Summer,False,True,Completed,2025-03-10 15:54:27,2025-03-10 15:56:15,0.0,14.3,Mechanical,True,5.8
50189,Rajdhani 43,Rajdhani,Long-Distance,WCR,24.432985,81.112036,SBC,ADI,SC,SEC-WCR-331,TRK-3,138.18,90.65,Down,2025-03-10 20:04:04,2025-03-10 20:23:04,24.75,168.5,689.1,4,2025-03-10 21:13:04,415.22,66.1,72.9,Terminated,0,273.88,5.0,11.5,35.8,9.3,0.0,10.0,57.4,174.5,63485,29.7,86.2,12.7,3,45.82,9.6,1,0,53.8,WTH03,Adverse Weather,High,2025-03-10 20:22:04,103,Confirmed,IoT_Sensor,22.5,1.6,42.2,0.3,9772.0,Cloudy,No_Impact,Good,31.58,3.31,45,1,Green,44.3,55.1,38.5,Excellent,5.65,71.7,Up_to_Date,27,Healthy,No_Failure,No_Failure,21,Monday,3,Summer,False,False,Completed,2025-03-10 21:54:04,2025-03-10 21:50:22,0.0,37.1,Weather,True,32.7
74792,Duronto 24,Duronto,Long-Distance,NCR,27.621802,78.741162,DHN,CNB,MGS,SEC-NCR-703,TRK-3,72.06,98.81,Up,2025-03-10 21:34:22,2025-03-10 21:48:22,23.06,37.4,943.5,11,2025-03-10 21:49:22,70.98,79.8,-2.9,Slow_Running,0,872.52,17.0,29.7,3.6,7.2,5.7,13.3,66.1,35.4,23360,-1.2,101.1,17.96,1,20.25,23.5,0,1,22.3,LCB05,Late Crew Boarding,Low,2025-03-10 21:39:22,122,Auto-Detected,Manual_Report,26.9,1.4,39.9,25.7,8219.0,Clear,No_Impact,Poor,28.89,4.8,60,1,Auto,61.3,54.6,55.0,Good,5.67,40.3,In_Progress,27,Degraded,Bearing_Overheat,Moderate,21,Monday,3,Summer,False,False,Completed,2025-03-10 21:41:34,2025-03-10 21:40:22,0.0,10.1,Operational,True,7.2
95305,Rajdhani 27,Rajdhani,Suburban,WCR,31.207269,87.184433,JP,BZA,BCT,SEC-WCR-322,TRK-1,46.04,10.36,Up,2025-03-11 01:55:42,2025-03-11 02:07:42,32.03,114.9,2035.8,9,2025-03-11 04:17:42,1156.53,43.0,34.0,Running,0,879.27,21.5,-5.0,26.1,14.2,10.8,5.3,71.0,115.3,86569,13.8,57.6,31.18,2,11.24,24.8,1,0,23.2,TRK02,Track Maintenance,Medium,2025-03-11 02:41:42,104,Unconfirmed,Manual_Report,20.9,0.0,40.0,18.5,10000.0,Rain,Moderate,Excellent,29.11,3.85,100,1,Green,81.6,107.2,37.3,Good,6.15,23.2,Up_to_Date,231,Healthy,No_Failure,No_Failure,4,Tuesday,3,Summer,False,False,Completed,2025-03-11 02:57:06,2025-03-11 02:54:48,0.0,27.4,Infrastructure,True,17.7
81610,Vande Bharat 10,Vande Bharat,Long-Distance,WCR,8.430813,79.696448,BCT,ADI,VAPI,SEC-WCR-757,TRK-3,113.77,23.43,Down,2025-03-11 06:21:23,2025-03-11 06:37:23,24.94,64.9,2156.2,9,2025-03-11 07:55:23,1375.43,65.5,1.4,Slow_Running,0,780.77,27.8,21.8,25.9,6.3,12.5,18.1,95.7,54.5,10147,23.0,86.6,4.11,0,48.95,44.6,0,0,36.9,LCB05,Late Crew Boarding,Low,2025-03-11 07:01:23,174,Confirmed,ML_Inference,21.8,1.2,44.9,8.4,10000.0,Clear,Low,Poor,38.74,6.23,45,0,Green,92.9,80.9,61.2,Excellent,4.99,57.7,Up_to_Date,82,Healthy,No_Failure,No_Failure,7,Tuesday,3,Summer,False,True,Completed,2025-03-11 06:34:35,2025-03-11 06:34:23,0.0,11.8,Operational,True,4.8
65038,Mail 27,Mail,Freight,SECR,24.432144,82.205881,SC,DHN,RTM,SEC-SECR-472,TRK-3,121.18,80.42,Down,2025-03-11 10:21:11,2025-03-11 10:33:11,33.07,45.7,2041.9,5,2025-03-11 10:30:11,1842.67,75.2,15.8,Halted_Signal,39,199.23,7.9,9.5,25.3,38.3,15.4,10.5,63.5,45.0,55800,29.0,65.4,35.38,0,9.87,27.4,0,1,5.4,NON00,No Delay Reported,No_Impact,,0,Not_Applicable,Not_Applicable,27.0,0.0,66.7,16.0,5511.0,Fog,No_Impact,Good,22.54,3.97,0,0,Green,100.0,66.9,26.8,Good,5.26,11.5,Up_to_Date,130,Healthy,No_Failure,No_Failure,10,Tuesday,3,Summer,False,False,Completed,2025-03-11 10:49:05,2025-03-11 10:48:17,0.0,12.1,No_Delay,True,9.2
32039,Express 28,Express,Long-Distance,ECR,29.313734,81.696834,ASN,NGP,CNB,SEC-ECR-297,TRK-2,176.98,88.38,Up,2025-03-11 12:58:29,2025-03-11 13:05:29,8.85,33.0,61.4,8,2025-03-11 13:29:29,35.91,64.3,6.7,Running,0,25.49,14.6,-4.7,9.6,14.0,7.7,16.6,81.1,30.7,62767,11.0,70.8,29.1,3,46.26,27.3,1,1,16.3,WTH03,Adverse Weather,High,2025-03-11 11:52:29,19,Unconfirmed,Station_Master,23.0,5.3,55.9,15.1,6792.0,Cloudy,Low,Poor,35.46,2.85,0,0,Green,38.7,87.3,51.5,Good,3.83,16.0,Overdue,101,Degraded,Door_Malfunction,Minor,13,Tuesday,3,Summer,False,False,Completed,2025-03-11 13:03:47,2025-03-11 12:58:47,0.0,-1.4,Weather,False,0.0
61186,Passenger 10,Passenger,Long-Distance,SR,24.759825,76.134455,LKO,PNBE,VAPI,SEC-SR-389,TRK-1,114.82,79.93,Up,2025-03-11 23:03:56,2025-03-11 23:21:56,28.9,30.3,146.9,4,2025-03-12 01:13:56,120.9,97.6,23.9,Running,0,26.0,9.1,13.3,12.0,21.4,2.2,14.6,78.7,22.4,17187,15.2,53.9,20.49,3,24.04,13.6,1,0,62.6,NON00,No Delay Reported,No_Impact,,0,Not_Applicable,Not_Applicable,32.2,4.3,37.1,19.3,4053.0,Clear,Severe,Good,35.29,5.66,100,1,Green,82.7,57.9,42.7,Fair,6.17,20.4,Due_Soon,284,Healthy,No_Failure,No_Failure,1,Wednesday,3,Summer,False,False,Completed,2025-03-11 23:43:20,2025-03-11 23:35:20,0.0,15.5,No_Delay,True,9.6
44657,Vande Bharat 30,Vande Bharat,Suburban,SCR,31.591835,81.810023,MGS,BCT,KOTA,SEC-SCR-802,TRK-3,86.47,155.2,Up,2025-03-12 14:39:33,2025-03-12 14:46:33,3.73,45.9,2012.6,16,2025-03-12 16:07:33,1580.73,55.1,16.0,Running,0,431.87,1.5,28.7,4.9,18.7,5.9,17.8,74.0,46.2,44067,-5.0,36.4,15.77,1,24.1,4.6,0,0,18.5,SIG01,Signal Failure,High,2025-03-12 15:10:33,122,Confirmed,Station_Master,29.4,0.0,51.5,9.3,10000.0,Cloudy,No_Impact,Fair,54.66,1.99,45,0,Red,75.0,52.3,55.1,Needs_Inspection,4.4,65.3,Overdue,4,Degraded,No_Failure,No_Failure,16,Wednesday,3,Summer,False,False,In_Transit,2025-03-12 15:09:15,,474.4,13.7,No_Delay,True,7.4
97074,Vande Bharat 36,Vande Bharat,Freight,NFR,31.394447,85.204903,BZA,JP,ASN,SEC-NFR-178,TRK-2,45.97,113.31,Up,2025-03-13 01:11:32,2025-03-13 01:24:32,33.93,72.7,1732.7,18,2025-03-13 03:38:32,881.66,97.0,6.5,Running,0,851.04,4.5,22.1,21.1,0.0,15.6,12.0,53.8,70.2,20600,9.4,66.9,39.68,3,48.66,10.0,0,1,11.6,ANI09,Animal / Obstruction on Track,Medium,2025-03-13 02:33:32,11,Auto-Detected,IoT_Sensor,23.9,11.6,74.1,9.8,6204.0,Clear,No_Impact,Excellent,22.82,0.99,100,0,Yellow,81.0,85.0,38.8,Needs_Inspection,5.27,11.1,In_Progress,101,Healthy,No_Failure,No_Failure,3,Thursday,3,Summer,False,False,In_Transit,2025-03-13 01:20:26,,527.1,2.4,Traffic,False,0.0
68897,Superfast 29,Superfast,Regional,NER,16.778153,93.780612,GAYA,CNB,BCT,SEC-NER-166,TRK-1,36.91,171.05,Down,2025-03-13 19:49:46,2025-03-13 19:51:46,28.02,143.2,2161.0,7,2025-03-13 22:10:46,1488.22,58.1,20.6,Running,0,672.78,23.6,4.5,0.0,12.2,12.0,10.5,54.1,144.8,85070,18.7,61.8,25.85,3,19.86,32.6,1,0,21.7,SIG01,Signal Failure,High,2025-03-13 20:53:46,167,Unconfirmed,Manual_Report,29.7,1.6,49.0,22.6,3270.0,Clear,Low,Good,34.07,2.16,75,1,Auto,70.8,55.3,60.3,Needs_Inspection,5.3,1.8,Due_Soon,345,Degraded,No_Failure,No_Failure,22,Thursday,3,Summer,False,False,Completed,2025-03-13 20:28:04,2025-03-13 20:34:34,0.0,17.7,No_Delay,True,10.7
79177,Express 38,Express,Suburban,ER,16.247412,79.813209,ST,MGS,PNBE,SEC-ER-595,TRK-2,161.54,159.4,Up,2025-03-13 23:51:31,2025-03-14 00:10:31,19.79,146.7,814.2,15,2025-03-14 02:43:31,538.67,61.4,36.0,Running,0,275.53,15.9,15.2,-5.0,30.0,11.1,12.4,99.0,142.1,44824,4.7,52.2,1.82,3,40.58,36.5,1,1,20.4,NON00,No Delay Reported,No_Impact,,0,Not_Applicable,Not_Applicable,28.6,2.2,44.6,19.1,656.0,Fog,Moderate,Poor,34.56,3.51,0,0,Green,51.8,54.1,52.2,Fair,5.0,49.8,Overdue,107,Offline,No_Failure,No_Failure,2,Friday,3,Summer,False,False,Completed,2025-03-14 00:38:31,2025-03-14 00:43:31,0.0,11.0,No_Delay,True,7.3
76115,Duronto 8,Duronto,Regional,SWR,9.041964,92.59555,JHS,GAYA,GWL,SEC-SWR-718,TRK-1,93.6,56.86,Up,2025-03-14 05:45:24,2025-03-14 05:54:24,16.39,118.3,1297.4,5,2025-03-14 06:17:24,60.97,58.4,16.3,Slow_Running,0,1236.43,-0.5,10.7,18.8,10.3,8.6,12.7,85.2,120.5,99651,-2.3,41.6,23.78,0,34.67,36.6,1,1,20.6,NON00,No Delay Reported,No_Impact,,0,Not_Applicable,Not_Applicable,26.7,3.6,88.6,3.0,2235.0,Fog,Severe,Good,44.79,0.73,45,0,Green,76.6,26.8,54.6,Critical,5.72,23.3,Up_to_Date,77,Healthy,No_Failure,No_Failure,6,Friday,3,Summer,False,False,Completed,2025-03-14 06:23:42,2025-03-14 06:20:18,0.0,22.0,No_Delay,True,9.3
63498,Passenger 49,Passenger,Long-Distance,NCR,28.282478,75.490077,JP,GAYA,KOTA,SEC-NCR-608,TRK-2,147.28,131.06,Down,2025-03-14 13:56:57,2025-03-14 14:11:57,8.54,149.1,796.5,5,2025-03-14 16:19:57,285.31,93.0,6.4,Departed_Late,0,511.19,20.9,1.2,13.5,0.9,13.0,11.1,72.9,137.8,80205,-4.7,89.2,11.42,0,40.03,30.0,1,1,52.1,CNG04,Traffic Congestion,Medium,2025-03-14 14:31:57,36,Confirmed,Station_Master,18.7,3.2,53.9,8.0,2147.0,Rain,Moderate,Poor,22.89,3.88,60,0,Green,57.3,26.3,40.8,Good,4.68,49.7,Due_Soon,208,Healthy,No_Failure,No_Failure,16,Friday,3,Summer,False,False,Completed,2025-03-14 14:05:03,2025-03-14 14:02:03,0.0,1.7,Traffic,False,0.0
96393,Rajdhani 20,Rajdhani,Regional,SER,19.281382,90.162046,BZA,SC,VAPI,SEC-SER-460,TRK-1,73.36,39.86,Up,2025-03-15 06:26:14,2025-03-15 06:43:14,7.16,106.3,1751.8,15,2025-03-15 08:15:14,1469.13,86.4,19.0,Running,0,282.67,1.7,10.6,-1.6,0.0,11.9,15.6,50.5,107.1,59785,27.3,43.1,12.54,1,19.5,19.4,1,1,21.5,WTH03,Adverse Weather,High,2025-03-15 08:02:14,45,Confirmed,Control_Office,22.6,2.3,78.8,23.5,2196.0,Cloudy,Low,Good,30.02,7.06,0,0,Green,52.2,75.9,52.1,Excellent,5.67,12.2,In_Progress,64,Faulty,Axle_Fault,Minor,8,Saturday,3,Summer,True,True,In_Transit,2025-03-15 07:04:32,,202.1,19.3,Weather,True,10.9
50066,Freight 32,Freight,Long-Distance,SECR,24.301093,92.912393,RTM,NDLS,BPL,SEC-SECR-707,TRK-2,136.25,45.27,Up,2025-03-15 09:48:59,2025-03-15 10:00:59,4.13,134.9,525.8,11,2025-03-15 10:52:59,56.22,26.3,8.9,Running,0,469.58,8.3,10.5,16.4,27.6,20.5,10.2,69.2,125.0,35918,14.4,38.3,30.28,0,25.47,15.7,0,0,46.8,LCB05,Late Crew Boarding,Low,2025-03-15 10:12:59,8,Confirmed,ML_Inference,20.3,0.0,56.1,20.6,10000.0,Haze,No_Impact,Good,26.99,0.0,60,0,Green,100.0,75.8,23.5,Needs_Inspection,5.0,39.1,Up_to_Date,256,Healthy,Brake_Wear,Moderate,10,Saturday,3,Summer,True,False,Completed,2025-03-15 10:15:23,2025-03-15 10:17:17,0.0,17.5,Operational,True,8.9
57897,Freight 12,Freight,Long-Distance,SER,14.629533,81.130573,JHS,JP,CNB,SEC-SER-860,TRK-3,85.81,10.43,Down,2025-03-15 09:41:07,2025-03-15 09:51:07,34.73,108.4,1787.9,13,2025-03-15 12:35:07,146.58,75.1,23.5,Running,0,1641.32,9.7,25.4,-2.1,15.9,14.8,16.4,81.5,107.0,44748,31.5,57.1,31.54,1,30.39,4.5,1,1,6.0,CNG04,Traffic Congestion,Medium,2025-03-15 10:36:07,88,Confirmed,Control_Office,20.2,1.3,13.7,11.4,2925.0,Rain,No_Impact,Excellent,22.44,4.0,60,0,Auto,78.3,57.4,61.5,Good,5.81,12.8,Due_Soon,116,Healthy,No_Failure,No_Failure,12,Saturday,3,Summer,True,False,Completed,2025-03-15 10:16:31,2025-03-15 10:13:07,0.0,11.9,Traffic,True,7.7
23969,Mail 3,Mail,Premium,ER,20.286083,78.198568,PUNE,BCT,BRC,SEC-ER-426,TRK-1,167.18,147.43,Down,2025-03-15 10:55:09,2025-03-15 11:08:09,2.34,25.3,1835.8,12,2025-03-15 13:36:09,1474.0,73.7,11.2,Slow_Running,0,361.8,42.1,24.4,13.9,8.9,12.2,8.7,72.9,26.7,66802,11.5,32.0,35.6,5,31.51,36.7,1,1,21.4,NON00,No Delay Reported,No_Impact,,0,Not_Applicable,Not_Applicable,34.0,1.0,72.2,14.2,3921.0,Cloudy,Low,Good,28.67,0.98,0,0,Yellow,57.0,54.3,48.7,Good,4.59,84.5,Overdue,213,Healthy,No_Failure,No_Failure,13,Saturday,3,Summer,True,False,Not_Started,,,296.3,5.7,No_Delay,False,0.0
57373,MEMU 15,MEMU,Suburban,SWR,10.523691,73.299105,PUNE,AGC,BZA,SEC-SWR-279,TRK-1,15.68,63.26,Up,2025-03-16 09:22:26,2025-03-16 09:41:26,10.55,179.8,1593.6,5,2025-03-16 09:38:26,1468.14,79.0,9.2,Slow_Running,0,125.46,3.9,12.7,8.6,26.4,10.9,7.6,43.8,176.4,99439,13.4,66.9,9.3,1,23.68,15.7,1,1,43.5,WTH03,Adverse Weather,High,2025-03-16 09:37:26,154,Confirmed,ML_Inference,41.4,2.8,63.5,17.0,10000.0,Cloudy,Low,Excellent,30.28,3.77,0,0,Yellow,58.0,42.2,42.7,Excellent,4.72,1.1,In_Progress,305,Offline,Axle_Fault,Minor,9,Sunday,3,Summer,True,True,Completed,2025-03-16 09:55:26,2025-03-16 09:50:38,0.0,23.8,Weather,True,12.0
48816,Passenger 4,Passenger,Long-Distance,SER,22.901732,77.501197,PUNE,AGC,GAYA,SEC-SER-264,TRK-3,30.46,12.9,Up,2025-03-16 16:49:03,2025-03-16 17:00:03,1.88,81.2,1985.8,9,2025-03-16 17:39:03,20.53,56.0,-2.4,Slow_Running,0,1965.27,17.9,20.0,-0.0,8.6,18.8,14.4,82.8,83.8,75309,17.3,69.8,29.39,0,1.45,21.6,0,1,50.5,LCB05,Late Crew Boarding,Low,2025-03-16 16:10:03,177,Confirmed,Control_Office,20.5,13.7,48.2,11.7,6272.0,Clear,Severe,Good,43.02,2.71,30,1,Green,62.7,24.0,67.6,Needs_Inspection,4.48,71.7,Up_to_Date,215,Healthy,No_Failure,No_Failure,17,Sunday,3,Summer,True,True,Completed,2025-03-16 16:59:09,2025-03-16 16:57:33,0.0,12.5,Operational,True,6.5
19606,MEMU 15,MEMU,Regional,NWR,18.645018,92.720969,AGC,KOTA,TDL,SEC-NWR-118,TRK-3,22.9,25.55,Up,2025-03-16 23:52:58,2025-03-16 23:55:58,11.22,66.5,749.2,7,2025-03-17 01:59:58,316.99,98.3,12.1,Running,0,432.21,-5.0,6.0,3.4,10.1,14.0,6.7,89.7,63.0,37961,4.3,61.2,27.01,1,32.7,6.9,1,0,52.8,WTH03,Adverse Weather,High,2025-03-17 01:33:58,147,Auto-Detected,Station_Master,25.4,1.6,31.0,5.0,3776.0,Clear,Low,Poor,33.82,0.0,60,0,Green,49.6,60.6,51.4,Excellent,4.23,59.6,Due_Soon,320,Healthy,No_Failure,No_Failure,1,Monday,3,Summer,False,False,Completed,2025-03-17 00:28:28,2025-03-17 00:24:40,0.0,23.4,Weather,True,15.8
34368,Passenger 10,Passenger,Premium,SR,14.751469,96.991873,SBC,SC,RTM,SEC-SR-636,TRK-3,4.3,36.4,Down,2025-03-17 04:26:21,2025-03-17 04:36:21,35.82,16.9,316.3,4,2025-03-17 04:52:21,308.78,55.3,46.0,Running,0,7.52,2.8,-3.7,-1.0,9.5,11.4,7.2,53.0,14.7,76116,11.0,102.6,15.41,3,28.14,16.7,1,1,12.2,TRK02,Track Maintenance,Medium,2025-03-17 04:04:21,89,Unconfirmed,Control_Office,28.5,17.5,99.3,10.9,7763.0,Cloudy,Moderate,Excellent,17.44,2.92,0,0,Green,60.4,61.7,49.5,Good,4.64,93.0,In_Progress,303,Healthy,No_Failure,No_Failure,4,Monday,3,Summer,False,False,Completed,2025-03-17 05:31:39,2025-03-17 05:30:15,0.0,19.3,Infrastructure,True,16.1
78849,DEMU 31,DEMU,Long-Distance,NCR,11.415251,82.159291,ST,BCT,NGP,SEC-NCR-495,TRK-3,163.19,66.24,Up,2025-03-17 04:32:48,2025-03-17 04:48:48,10.94,60.6,1236.0,18,2025-03-17 05:32:48,669.69,112.4,31.3,Halted_Signal,33,566.31,30.7,5.5,20.1,19.5,15.7,11.4,76.8,55.4,36973,0.6,100.7,0.95,4,21.86,43.9,1,1,15.2,ANI09,Animal / Obstruction on Track,Medium,2025-03-17 05:10:48,86,Confirmed,IoT_Sensor,19.6,5.7,56.6,16.8,5089.0,Rain,Moderate,Fair,11.69,1.82,0,0,Green,50.2,66.0,43.5,Good,4.17,29.9,Due_Soon,201,Healthy,HVAC_Failure,Minor,5,Monday,3,Summer,False,False,Completed,2025-03-17 05:18:24,2025-03-17 05:16:06,0.0,14.3,Traffic,True,11.6
13245,Shatabdi 32,Shatabdi,Long-Distance,WR,11.798569,86.205146,ALD,SC,ADI,SEC-WR-790,TRK-3,42.2,47.43,Down,2025-03-17 04:17:22,2025-03-17 04:29:22,9.97,169.0,437.4,5,2025-03-17 07:11:22,92.99,22.5,4.0,Running,0,344.41,-5.0,7.5,8.9,15.9,0.0,12.6,53.9,175.4,85888,20.3,98.8,19.65,1,10.97,4.1,1,1,3.0,SIG01,Signal Failure,High,2025-03-17 06:50:22,178,Auto-Detected,Station_Master,31.2,27.3,12.4,11.4,8452.0,Fog,No_Impact,Good,27.48,4.4,75,0,Auto,58.3,41.7,63.0,Good,7.2,63.4,Up_to_Date,93,Healthy,Axle_Fault,Minor,7,Monday,3,Summer,False,True,In_Transit,2025-03-17 04:33:58,,922.2,12.6,No_Delay,True,6.9
47463,Express 46,Express,Long-Distance,NWR,11.721929,93.475823,BPL,MAS,SC,SEC-NWR-967,TRK-1,59.26,163.49,Down,2025-03-18 00:11:43,2025-03-18 00:16:43,6.53,126.7,1959.5,0,2025-03-18 02:09:43,487.81,34.7,-2.5,Running,0,1471.69,23.0,14.0,-5.0,37.1,15.7,10.0,42.2,116.8,48386,9.3,91.5,5.53,2,27.05,31.8,0,0,21.4,MEC06,Mechanical Failure,High,2025-03-18 01:44:43,34,Confirmed,Manual_Report,35.6,7.8,25.1,21.9,5348.0,Clear,Severe,Excellent,30.66,5.11,0,0,Double_Yellow,62.3,33.5,36.7,Fair,5.03,91.0,Up_to_Date,259,Degraded,Brake_Wear,Moderate,2,Tuesday,3,Summer,False,False,Completed,2025-03-18 00:06:49,2025-03-18 00:04:43,0.0,-2.4,Mechanical,False,0.0
93259,Garib Rath 26,Garib Rath,Premium,ECR,20.642696,91.78302,SBC,KOTA,MAS,SEC-ECR-731,TRK-3,120.46,53.97,Up,2025-03-18 12:20:12,2025-03-18 12:25:12,26.32,61.8,534.6,10,2025-03-18 14:54:12,20.36,17.3,17.8,Running,0,514.24,12.2,5.7,-0.8,22.1,12.0,8.2,83.8,64.0,59392,4.6,32.7,32.08,4,34.69,12.2,1,0,51.4,NON00,No Delay Reported,No_Impact,,0,Not_Applicable,Not_Applicable,27.2,0.0,78.3,22.7,1560.0,Cloudy,Moderate,Under_Repair,40.44,3.15,45,0,Green,72.7,63.6,51.5,Good,4.52,51.0,In_Progress,302,Healthy,Door_Malfunction,Minor,14,Tuesday,3,Summer,True,False,In_Transit,2025-03-18 12:56:30,,1789.0,18.5,No_Delay,True,14.1
36999,Passenger 2,Passenger,Long-Distance,NER,9.902093,76.56935,PUNE,BRC,TDL,SEC-NER-612,TRK-3,50.05,133.13,Down,2025-03-19 00:44:41,2025-03-19 00:47:41,16.26,55.2,1255.4,11,2025-03-19 02:29:41,401.28,53.1,-2.6,Running,0,854.12,18.3,14.5,20.1,11.4,29.3,19.3,61.5,57.9,77953,18.7,41.1,5.82,4,37.1,7.2,0,1,27.2,SIG01,Signal Failure,High,2025-03-19 01:28:41,120,Confirmed,Control_Office,28.4,4.4,73.6,19.1,8599.0,Clear,No_Impact,Fair,38.51,3.88,75,0,Yellow,32.6,42.0,50.0,Critical,3.78,81.1,Up_to_Date,223,Healthy,No_Failure,No_Failure,2,Wednesday,3,Summer,False,False,Completed,2025-03-19 00:45:11,2025-03-19 00:48:41,0.0,3.1,No_Delay,False,0.0
59221,Shatabdi 15,Shatabdi,Premium,WR,25.174489,84.364793,SBC,VAPI,BCT,SEC-WR-348,TRK-3,24.4,110.08,Down,2025-03-19 01:56:21,2025-03-19 02:15:21,16.54,11.2,2091.1,18,2025-03-19 02:45:21,1832.54,72.3,21.4,Running,0,258.56,0.8,26.2,14.6,18.8,5.3,13.4,63.3,5.0,34185,10.6,70.5,6.87,4,8.0,10.6,1,0,43.1,BLK08,Line Block / Engineering Work,High,2025-03-19 02:16:21,57,Unconfirmed,Manual_Report,24.7,0.0,43.8,14.3,9711.0,Clear,No_Impact,Excellent,62.88,1.15,75,0,Green,39.0,30.9,33.9,Needs_Inspection,4.85,60.2,Due_Soon,20,Healthy,Axle_Fault,Moderate,2,Wednesday,3,Summer,True,False,Completed,2025-03-19 02:46:09,2025-03-19 02:41:27,0.0,28.4,Infrastructure,True,12.0
84047,Superfast 47,Superfast,Long-Distance,WR,30.781528,87.393263,BPL,JP,CNB,SEC-WR-727,TRK-2,125.69,16.75,Up,2025-03-19 02:57:10,2025-03-19 03:00:10,1.89,26.2,1950.4,7,2025-03-19 03:30:10,174.9,95.1,8.8,Running,0,1775.5,27.3,13.4,-5.0,8.9,11.9,11.5,82.2,30.1,87423,13.9,86.3,20.64,5,0.87,39.7,1,1,33.5,NON00,No Delay Reported,No_Impact,,0,Not_Applicable,Not_Applicable,18.7,0.0,64.1,19.9,3877.0,Clear,Moderate,Good,55.52,3.88,60,0,Green,66.8,43.3,40.1,Excellent,5.28,21.8,Due_Soon,141,Healthy,No_Failure,No_Failure,3,Wednesday,3,Summer,False,False,In_Transit,2025-03-19 03:18:16,,1123.9,12.3,No_Delay,True,9.5
22948,Shatabdi 47,Shatabdi,Long-Distance,SCR,12.0685,87.919602,SC,MGS,ST,SEC-SCR-352,TRK-3,149.2,30.82,Down,2025-03-19 03:33:28,2025-03-19 03:38:28,17.81,133.5,1052.4,10,2025-03-19 03:31:28,279.45,28.9,-1.4,Running,0,772.95,-5.0,17.6,24.8,16.1,16.3,6.8,85.9,146.2,67008,9.9,124.4,38.55,3,28.88,36.4,0,1,45.8,BLK08,Line Block / Engineering Work,High,2025-03-19 02:49:28,94,Auto-Detected,Station_Master,18.3,2.2,43.9,8.4,7727.0,Storm,Severe,Excellent,49.19,0.24,0,1,Yellow,79.5,74.4,51.6,Good,4.4,79.7,Up_to_Date,347,Healthy,No_Failure,No_Failure,3,Wednesday,3,Summer,False,False,Completed,2025-03-19 03:59:46,2025-03-19 04:02:04,0.0,27.7,Infrastructure,True,20.8
64254,Vande Bharat 27,Vande Bharat,Long-Distance,ECR,30.341043,82.836805,LKO,ALD,VAPI,SEC-ECR-219,TRK-3,48.34,103.68,Down,2025-03-19 03:50:42,2025-03-19 03:52:42,1.83,9.2,1636.1,14,2025-03-19 04:43:42,1604.6,73.5,8.0,Stopped_at_Station,6,31.5,13.9,15.9,15.2,17.1,12.0,6.8,53.0,12.8,41390,10.5,50.6,26.05,4,12.66,9.2,0,1,19.6,LCB05,Late Crew Boarding,Low,2025-03-19 04:24:42,60,Auto-Detected,Manual_Report,26.8,0.0,47.6,9.3,4888.0,Heavy_Rain,No_Impact,Good,45.69,2.54,60,0,Green,60.5,53.5,43.1,Good,5.24,5.9,Due_Soon,10,Faulty,No_Failure,No_Failure,4,Wednesday,3,Summer,True,False,Completed,2025-03-19 04:11:54,2025-03-19 04:14:12,0.0,13.2,Operational,True,10.7
75670,MEMU 22,MEMU,Long-Distance,NR,12.374583,95.065233,GAYA,NDLS,ST,SEC-NR-952,TRK-2,78.52,164.7,Down,2025-03-19 14:53:06,2025-03-19 14:59:06,32.46,152.8,414.8,15,2025-03-19 15:49:06,280.52,30.7,4.4,Terminated,0,134.28,23.8,2.8,25.3,27.6,24.4,9.9,38.2,153.2,95124,8.2,24.5,32.44,2,33.31,39.1,0,1,31.0,CNG04,Traffic Congestion,Medium,2025-03-19 14:51:06,51,Unconfirmed,Manual_Report,23.1,0.0,87.0,28.1,2136.0,Fog,Low,Good,28.41,1.78,0,1,Yellow,72.1,83.9,43.4,Fair,4.83,32.6,Overdue,14,Healthy,No_Failure,No_Failure,15,Wednesday,3,Summer,False,False,Completed,2025-03-19 14:56:12,2025-03-19 14:55:54,0.0,-1.3,Traffic,False,0.0
38112,Freight 33,Freight,Suburban,ER,20.020776,86.085153,JP,LKO,BCT,SEC-ER-977,TRK-2,79.95,95.99,Down,2025-03-19 20:19:33,2025-03-19 20:21:33,17.72,142.8,665.0,10,2025-03-19 21:00:33,664.4,61.4,13.6,Stopped_at_Station,3,0.6,10.4,4.5,-0.4,5.5,6.8,22.5,90.2,145.9,81401,18.1,55.4,24.81,5,34.03,21.9,0,1,19.9,CNG04,Traffic Congestion,Medium,2025-03-19 19:28:33,46,Auto-Detected,Control_Office,42.5,2.7,53.5,17.1,4463.0,Clear,No_Impact,Good,45.31,3.07,45,0,Green,75.2,33.9,58.2,Good,4.78,95.1,Due_Soon,277,Healthy,No_Failure,No_Failure,21,Wednesday,3,Summer,False,False,Completed,2025-03-19 20:40:57,2025-03-19 20:39:51,0.0,7.8,Traffic,False,0.0
86547,Vande Bharat 3,Vande Bharat,Suburban,CR,33.488575,87.181504,GWL,ALD,TDL,SEC-CR-692,TRK-2,166.8,177.12,Up,2025-03-20 00:16:39,2025-03-20 00:31:39,20.97,81.6,2149.4,2,2025-03-20 01:39:39,60.77,24.6,68.7,Slow_Running,0,2088.63,14.2,0.5,1.7,13.4,6.0,8.4,54.7,68.6,73035,16.6,59.3,7.0,1,13.32,37.1,1,0,48.6,BLK08,Line Block / Engineering Work,High,2025-03-19 23:57:39,67,Confirmed,Manual_Report,31.7,0.0,93.9,20.2,6299.0,Clear,Moderate,Under_Repair,34.48,4.3,0,0,Double_Yellow,79.0,46.7,38.0,Excellent,5.18,7.5,In_Progress,88,Healthy,No_Failure,No_Failure,1,Thursday,3,Summer,False,False,Completed,2025-03-20 01:38:21,2025-03-20 01:33:15,0.0,13.0,Infrastructure,True,6.0
54163,Garib Rath 39,Garib Rath,Long-Distance,SECR,10.497091,72.19808,BCT,RTM,KOTA,SEC-SECR-922,TRK-1,46.89,41.82,Down,2025-03-20 01:50:10,2025-03-20 02:03:10,18.91,9.8,1802.3,8,2025-03-20 02:49:10,288.3,89.4,72.2,Halted_Signal,29,1514.0,17.9,3.5,8.6,15.2,15.0,12.8,56.1,5.9,70370,2.3,119.5,13.5,2,43.99,20.1,0,1,53.4,WTH03,Adverse Weather,High,2025-03-20 02:18:10,171,Confirmed,Control_Office,47.5,1.5,28.8,5.8,3414.0,Fog,No_Impact,Good,42.17,3.16,0,0,Double_Yellow,90.2,78.8,25.4,Good,5.24,9.1,Overdue,141,Healthy,Door_Malfunction,Moderate,2,Thursday,3,Summer,False,False,Completed,2025-03-20 03:45:10,2025-03-20 03:48:46,0.0,42.8,Weather,True,34.0
37120,Shatabdi 16,Shatabdi,Regional,NER,29.959168,82.321367,AGC,NDLS,BZA,SEC-NER-738,TRK-3,80.43,141.68,Down,2025-03-20 05:54:08,2025-03-20 05:57:08,18.17,29.5,1601.9,19,2025-03-20 05:55:08,33.06,77.3,12.0,Running,0,1568.84,1.2,11.7,9.1,18.3,16.6,1.6,83.5,17.1,90013,2.7,43.4,20.95,2,3.99,37.5,1,0,10.0,SIG01,Signal Failure,High,2025-03-20 04:00:08,22,Auto-Detected,Station_Master,32.1,6.1,28.9,16.2,4762.0,Clear,No_Impact,Excellent,10.44,3.43,75,0,Red,85.8,22.0,46.0,Good,5.6,3.9,Up_to_Date,359,Degraded,Bearing_Overheat,Moderate,5,Thursday,3,Summer,False,False,In_Transit,2025-03-20 06:19:26,,1221.7,13.3,No_Delay,True,11.5
66503,Mail 48,Mail,Premium,SECR,33.208919,77.946721,HWH,MGS,NDLS,SEC-SECR-184,TRK-1,101.08,26.83,Up,2025-03-20 11:33:31,2025-03-20 11:43:31,28.47,167.1,1832.7,4,2025-03-20 14:24:31,1576.36,126.6,-1.1,Halted_Signal,22,256.34,19.1,15.4,4.2,9.4,6.8,17.8,96.5,167.0,23372,-2.3,43.7,0.65,2,30.24,34.4,1,1,9.4,SIG01,Signal Failure,High,2025-03-20 13:49:31,175,Unconfirmed,Control_Office,38.5,5.7,42.9,7.8,6622.0,Fog,No_Impact,Fair,27.22,2.13,100,0,Green,76.4,60.2,58.3,Good,5.01,49.5,Up_to_Date,215,Degraded,No_Failure,No_Failure,14,Thursday,3,Summer,False,False,In_Transit,2025-03-20 11:33:31,,121.8,1.1,No_Delay,False,0.0
96685,Passenger 6,Passenger,Long-Distance,SR,17.718692,91.459204,NGP,AGC,BZA,SEC-SR-356,TRK-2,63.77,101.71,Up,2025-03-20 19:08:31,2025-03-20 19:26:31,26.77,106.6,1972.5,1,2025-03-20 21:31:31,1054.39,80.8,31.5,Terminated,0,918.11,9.6,23.4,-3.6,14.0,8.1,20.9,61.9,105.9,79518,-1.6,84.3,9.03,5,2.57,14.0,1,1,3.9,TRK02,Track Maintenance,Medium,2025-03-20 20:58:31,36,Auto-Detected,Manual_Report,8.1,1.0,69.3,7.1,7358.0,Cloudy,No_Impact,Excellent,34.16,4.43,60,0,Red,68.3,81.7,71.6,Excellent,4.3,46.8,Up_to_Date,211,Healthy,No_Failure,No_Failure,21,Thursday,3,Summer,False,False,In_Transit,2025-03-20 19:59:25,,687.6,19.4,Infrastructure,True,16.4
18398,Superfast 19,Superfast,Long-Distance,NCR,28.292086,87.820252,JP,BCT,MAS,SEC-NCR-426,TRK-3,85.07,93.75,Up,2025-03-21 10:51:22,2025-03-21 10:59:22,16.61,94.0,838.6,0,2025-03-21 12:19:22,669.55,77.0,9.8,Halted_Signal,5,169.05,11.8,14.9,12.1,17.0,9.8,0.0,47.6,91.3,99146,1.9,85.5,1.65,5,34.63,15.7,0,1,11.1,ANI09,Animal / Obstruction on Track,Medium,2025-03-21 10:53:22,15,Confirmed,Control_Office,39.8,2.4,54.4,19.9,132.0,Rain,No_Impact,Good,42.25,1.97,0,1,Green,76.7,75.3,49.4,Fair,5.22,7.1,Up_to_Date,288,Healthy,No_Failure,No_Failure,12,Friday,3,Summer,False,False,In_Transit,2025-03-21 10:56:04,,130.2,-5.1,Traffic,False,0.0
12237,Duronto 24,Duronto,Freight,SECR,8.929905,87.322889,ADI,JP,ALD,SEC-SECR-205,TRK-3,174.62,88.59,Down,2025-03-21 10:53:12,2025-03-21 10:55:12,19.94,151.3,745.1,6,2025-03-21 13:50:12,632.03,76.0,24.2,Halted_Signal,25,113.07,20.9,21.5,8.8,10.6,13.7,11.3,55.5,156.5,34109,7.3,96.2,19.43,0,31.32,4.3,1,1,30.6,MEC06,Mechanical Failure,High,2025-03-21 12:02:12,47,Confirmed,Manual_Report,30.0,0.7,40.4,23.1,6359.0,Fog,Low,Good,15.86,6.25,0,0,Green,50.4,72.6,48.9,Needs_Inspection,3.64,89.5,In_Progress,212,Healthy,No_Failure,No_Failure,13,Friday,3,Summer,False,False,Completed,2025-03-21 11:44:00,2025-03-21 11:40:12,0.0,26.6,Mechanical,True,19.3
58584,Duronto 33,Duronto,Regional,WCR,8.051137,74.824168,PNBE,SC,LKO,SEC-WCR-139,TRK-2,179.78,102.66,Down,2025-03-21 11:40:11,2025-03-21 11:56:11,8.6,56.8,2099.6,17,2025-03-21 14:39:11,1943.82,144.9,5.5,Slow_Running,0,155.78,17.3,4.8,17.1,7.8,17.0,24.4,58.5,59.2,47927,2.1,73.1,17.12,3,16.49,36.1,0,1,35.2,MEC06,Mechanical Failure,High,2025-03-21 12:41:11,25,Confirmed,Station_Master,37.4,0.0,73.5,13.7,3636.0,Clear,No_Impact,Excellent,51.53,4.49,0,0,Green,55.0,63.8,48.7,Good,5.23,30.5,Up_to_Date,207,Healthy,No_Failure,No_Failure,14,Friday,3,Summer,False,False,Completed,2025-03-21 12:00:41,2025-03-21 12:00:05,0.0,15.0,Mechanical,True,9.3
59040,Rajdhani 15,Rajdhani,Suburban,SER,25.651638,80.145122,PNBE,RTM,GWL,SEC-SER-452,TRK-2,152.2,92.4,Up,2025-03-22 07:11:41,2025-03-22 07:18:41,34.05,53.9,907.3,0,2025-03-22 07:25:41,287.75,20.8,1.5,Running,0,619.55,-3.7,22.1,10.4,20.4,16.7,19.6,64.4,54.8,18775,-5.0,81.3,14.37,4,6.15,6.1,1,1,17.4,NON00,No Delay Reported,No_Impact,,0,Not_Applicable,Not_Applicable,23.3,0.2,77.9,11.8,428.0,Fog,No_Impact,Excellent,20.15,3.2,60,0,Yellow,38.3,33.8,25.2,Good,4.78,79.4,Up_to_Date,145,Healthy,No_Failure,No_Failure,7,Saturday,3,Summer,True,True,Completed,2025-03-22 07:31:23,2025-03-22 07:32:41,0.0,18.2,No_Delay,True,10.4
24461,Freight 16,Freight,Long-Distance,NR,25.471826,89.28423,JHS,NDLS,DHN,SEC-NR-684,TRK-1,97.12,41.97,Up,2025-03-22 15:38:12,2025-03-22 15:52:12,22.32,121.4,1062.3,9,2025-03-22 17:03:12,14.21,78.8,124.1,Running,0,1048.09,18.2,10.1,25.8,25.8,0.0,16.8,87.7,127.6,37067,7.2,64.7,38.02,4,40.49,34.5,1,1,39.1,NON00,No Delay Reported,No_Impact,,0,Not_Applicable,Not_Applicable,25.1,4.5,44.0,16.8,20.0,Fog,No_Impact,Fair,40.7,5.84,0,0,Green,61.0,52.7,62.4,Fair,3.36,0.2,Due_Soon,58,Healthy,No_Failure,No_Failure,17,Saturday,3,Summer,True,True,Completed,2025-03-22 18:30:30,2025-03-22 18:29:24,0.0,48.2,No_Delay,True,37.2
64647,Duronto 15,Duronto,Long-Distance,ECR,22.665931,84.24222,HWH,NDLS,TDL,SEC-ECR-697,TRK-2,4.03,132.98,Down,2025-03-22 22:37:49,2025-03-22 22:50:49,33.72,27.0,1611.0,15,2025-03-22 22:28:49,939.17,52.9,-2.9,Running,0,671.83,28.9,6.0,17.6,18.8,10.6,16.0,45.8,23.9,91012,9.6,82.1,38.65,1,32.41,16.9,0,1,27.3,NON00,No Delay Reported,No_Impact,,0,Not_Applicable,Not_Applicable,35.3,1.1,33.6,20.0,8911.0,Cloudy,No_Impact,Excellent,53.04,3.0,0,0,Green,31.2,42.1,79.9,Good,6.18,78.2,Up_to_Date,354,Faulty,No_Failure,No_Failure,22,Saturday,3,Summer,True,False,Completed,2025-03-22 22:42:13,2025-03-22 22:46:43,0.0,7.3,No_Delay,False,0.0
49410,Superfast 43,Superfast,Suburban,SER,17.111123,84.029412,GAYA,ADI,RTM,SEC-SER-798,TRK-3,39.26,56.57,Up,2025-03-23 00:56:00,2025-03-23 01:13:00,2.05,171.4,202.4,19,2025-03-23 01:43:00,94.42,43.6,19.3,Running,0,107.98,14.0,9.1,3.1,15.6,1.2,12.0,69.5,168.3,28011,6.6,105.7,37.52,1,40.11,9.1,1,0,0.4,NON00,No Delay Reported,No_Impact,,0,Not_Applicable,Not_Applicable,39.5,9.2,52.3,23.7,8471.0,Cloudy,No_Impact,Good,14.32,0.0,100,0,Yellow,63.6,54.4,55.6,Excellent,5.21,33.2,In_Progress,303,Degraded,No_Failure,No_Failure,1,Sunday,3,Summer,True,False,Completed,2025-03-23 01:30:00,2025-03-23 01:29:30,0.0,14.7,No_Delay,True,10.6
97763,Mail 37,Mail,Regional,WCR,24.014144,74.244223,SC,RTM,KOTA,SEC-WCR-913,TRK-1,158.59,70.68,Down,2025-03-23 01:13:40,2025-03-23 01:31:40,24.16,24.4,1082.1,6,2025-03-23 02:26:40,6.04,61.1,0.4,Running,0,1076.06,23.1,-4.8,6.8,19.6,0.0,8.5,69.9,32.9,96441,15.3,76.7,17.76,3,43.63,26.0,0,0,34.8,MEC06,Mechanical Failure,High,2025-03-23 02:16:40,174,Unconfirmed,Station_Master,26.1,2.2,77.0,1.9,5548.0,Clear,No_Impact,Fair,46.53,1.47,0,0,Red,54.4,68.3,60.7,Fair,4.45,72.0,Up_to_Date,278,Healthy,Brake_Wear,Minor,2,Sunday,3,Summer,True,False,Completed,2025-03-23 01:27:28,2025-03-23 01:32:28,0.0,13.4,Mechanical,True,11.4
90271,Mail 47,Mail,Regional,ECR,19.64071,89.024003,BPL,JHS,JP,SEC-ECR-453,TRK-3,140.29,8.98,Up,2025-03-23 04:33:13,2025-03-23 04:42:13,32.3,127.7,1880.4,13,2025-03-23 06:16:13,162.78,89.8,11.9,Departed_Late,0,1717.62,31.1,11.5,14.6,20.7,6.5,3.9,80.7,133.5,48625,10.0,94.7,12.82,2,45.52,13.6,0,1,60.9,SIG01,Signal Failure,High,2025-03-23 05:22:13,13,Auto-Detected,IoT_Sensor,23.4,1.2,37.5,14.5,6360.0,Rain,No_Impact,Good,26.63,5.45,75,0,Green,72.3,53.5,48.5,Good,4.7,57.4,Up_to_Date,259,Healthy,No_Failure,No_Failure,6,Sunday,3,Summer,True,False,In_Transit,2025-03-23 04:57:31,,1151.4,12.4,No_Delay,True,10.4
17893,MEMU 2,MEMU,Premium,WR,14.596399,75.889617,MAS,JHS,PUNE,SEC-WR-549,TRK-2,139.96,15.18,Up,2025-03-24 19:19:37,2025-03-24 19:32:37,20.4,64.0,1652.0,19,2025-03-24 20:36:37,901.44,56.9,10.3,Running,0,750.56,20.1,6.7,11.0,32.6,2.2,11.6,72.8,58.9,60384,-5.0,48.2,30.53,0,34.96,26.7,1,0,8.2,TRK02,Track Maintenance,Medium,2025-03-24 19:36:37,96,Confirmed,Station_Master,26.9,6.7,73.1,4.1,5809.0,Clear,No_Impact,Fair,24.5,6.94,75,0,Green,62.6,68.1,64.5,Fair,4.3,4.7,Up_to_Date,244,Degraded,No_Failure,No_Failure,20,Monday,3,Summer,False,True,Completed,2025-03-24 19:14:55,2025-03-24 19:17:19,0.0,-15.0,Infrastructure,False,0.0
86600,Mail 29,Mail,Premium,CR,21.629462,88.556494,ASN,SBC,NDLS,SEC-CR-735,TRK-1,150.6,174.97,Up,2025-03-24 22:45:59,2025-03-24 22:58:59,20.53,26.2,294.6,7,2025-03-24 22:44:59,132.24,83.0,5.1,Halted_Signal,18,162.36,8.3,14.6,17.9,19.6,0.0,19.8,91.0,24.3,80759,5.9,67.1,25.14,2,11.36,42.1,0,1,10.3,TRK02,Track Maintenance,Medium,2025-03-24 21:46:59,64,Confirmed,Station_Master,32.1,9.3,70.8,10.0,9074.0,Fog,Moderate,Good,45.24,2.23,30,0,Green,73.2,40.7,48.3,Good,4.85,6.7,Up_to_Date,262,Healthy,Electrical_Fault,Minor,22,Monday,3,Summer,False,False,Completed,2025-03-24 23:09:53,2025-03-24 23:04:11,0.0,18.8,Infrastructure,True,14.8
16087,MEMU 47,MEMU,Premium,ER,22.547919,77.142586,CSTM,GWL,HWH,SEC-ER-958,TRK-2,10.5,135.2,Down,2025-03-25 14:25:56,2025-03-25 14:40:56,12.62,178.4,1258.1,0,2025-03-25 14:46:56,863.6,76.1,40.5,Stopped_at_Station,19,394.5,18.3,8.0,12.5,12.8,11.6,11.2,76.0,178.9,30367,3.4,65.4,4.07,5,32.05,41.1,1,0,47.9,LCB05,Late Crew Boarding,Low,2025-03-25 14:14:56,149,Confirmed,ML_Inference,22.6,0.0,62.1,26.4,10000.0,Clear,No_Impact,Fair,54.96,0.95,0,0,Green,72.8,49.7,84.6,Needs_Inspection,5.2,80.9,Overdue,301,Healthy,Bearing_Overheat,Critical,14,Tuesday,3,Summer,False,False,Completed,2025-03-25 15:36:08,2025-03-25 15:40:56,0.0,29.7,Operational,True,19.0
27979,Garib Rath 28,Garib Rath,Premium,ER,22.009554,79.30908,SBC,BRC,NGP,SEC-ER-482,TRK-3,85.62,174.96,Up,2025-03-26 02:17:17,2025-03-26 02:31:17,4.88,96.4,1494.6,8,2025-03-26 02:46:17,1486.11,82.6,0.1,Running,0,8.49,14.0,-5.0,8.4,20.8,10.9,7.3,76.2,107.8,63951,-2.7,68.7,15.48,2,44.3,35.9,1,0,23.8,SIG01,Signal Failure,High,2025-03-26 01:18:17,126,Auto-Detected,Manual_Report,17.7,5.6,70.6,9.6,6585.0,Cloudy,No_Impact,Excellent,16.45,1.84,0,0,Double_Yellow,79.0,56.9,66.6,Fair,3.66,15.4,Overdue,102,Degraded,No_Failure,No_Failure,2,Wednesday,3,Summer,False,False,Completed,2025-03-26 02:26:35,2025-03-26 02:23:53,0.0,9.2,No_Delay,False,0.0
51548,Freight 45,Freight,Long-Distance,ECoR,21.188974,86.502549,NDLS,ALD,PNBE,SEC-ECoR-455,TRK-3,94.16,165.4,Up,2025-03-26 04:45:18,2025-03-26 05:00:18,12.77,71.9,2100.5,1,2025-03-26 07:44:18,306.32,73.8,58.7,Departed_Late,0,1794.18,26.0,2.0,8.2,8.0,19.6,8.8,77.3,77.6,59914,26.5,78.1,7.98,3,26.31,41.6,1,1,38.8,MEC06,Mechanical Failure,High,2025-03-26 06:20:18,62,Confirmed,IoT_Sensor,29.1,0.0,55.1,18.6,4259.0,Fog,Moderate,Good,37.35,5.19,75,0,Green,27.1,29.9,42.3,Needs_Inspection,3.4,60.9,Overdue,293,Healthy,Door_Malfunction,Critical,7,Wednesday,3,Summer,False,True,Completed,2025-03-26 06:10:18,2025-03-26 06:11:42,0.0,26.3,Mechanical,True,13.1
14513,Express 7,Express,Long-Distance,NWR,8.656614,83.459946,CNB,BPL,HWH,SEC-NWR-139,TRK-1,54.26,113.94,Up,2025-03-26 08:51:08,2025-03-26 09:10:08,1.84,169.0,373.3,9,2025-03-26 09:14:08,146.86,85.1,-1.6,Slow_Running,0,226.44,11.9,1.9,-5.0,18.5,18.5,7.7,71.5,170.9,20820,-5.0,41.7,2.13,0,33.1,42.6,0,1,18.5,ANI09,Animal / Obstruction on Track,Medium,2025-03-26 09:01:08,26,Auto-Detected,Station_Master,27.4,4.3,60.0,2.4,20.0,Heavy_Rain,Low,Fair,31.66,1.71,0,0,Green,48.1,72.9,67.5,Excellent,4.1,41.7,In_Progress,65,Offline,No_Failure,No_Failure,9,Wednesday,3,Summer,False,True,Completed,2025-03-26 08:53:44,2025-03-26 08:45:32,0.0,4.2,Traffic,False,0.0
94487,Passenger 42,Passenger,Long-Distance,SECR,10.267277,92.828574,MGS,HWH,GAYA,SEC-SECR-492,TRK-1,140.09,73.12,Up,2025-03-26 09:29:05,2025-03-26 09:33:05,11.62,53.2,1170.4,10,2025-03-26 11:44:05,1058.25,88.3,14.9,Running,0,112.15,14.8,-5.0,2.0,6.9,7.3,13.3,94.4,46.2,53020,19.9,57.7,18.35,4,42.05,15.1,1,1,18.1,LCB05,Late Crew Boarding,Low,2025-03-26 10:33:05,150,Confirmed,Control_Office,31.9,4.0,56.9,29.3,485.0,Clear,Low,Excellent,39.78,2.43,0,0,Auto,76.1,71.8,26.1,Fair,5.22,34.2,Up_to_Date,256,Healthy,No_Failure,No_Failure,11,Wednesday,3,Summer,False,False,In_Transit,2025-03-26 10:04:35,,82.4,20.6,Operational,True,18.3
12259,Superfast 37,Superfast,Premium,NR,32.493679,75.250527,HWH,BRC,LKO,SEC-NR-289,TRK-1,69.64,143.37,Up,2025-03-26 17:32:20,2025-03-26 17:41:20,4.16,129.3,1034.0,19,2025-03-26 18:57:20,150.03,57.1,2.9,Running,0,883.97,5.6,14.7,13.8,0.0,3.2,3.4,99.0,137.5,12413,23.1,68.9,9.35,3,3.77,5.5,0,1,40.1,BLK08,Line Block / Engineering Work,High,2025-03-26 18:31:20,147,Auto-Detected,Manual_Report,34.8,14.5,36.6,23.6,2263.0,Fog,Low,Fair,33.98,5.09,0,0,Auto,72.8,63.2,52.7,Fair,5.71,17.0,Overdue,217,Healthy,No_Failure,No_Failure,18,Wednesday,3,Summer,False,True,Completed,2025-03-26 18:04:32,2025-03-26 18:08:38,0.0,29.3,Infrastructure,True,26.2
77393,Rajdhani 24,Rajdhani,Suburban,NWR,8.177968,77.824369,ASN,PUNE,HWH,SEC-NWR-866,TRK-2,127.73,27.47,Down,2025-03-26 19:40:54,2025-03-26 19:54:54,28.82,158.7,168.6,5,2025-03-26 22:37:54,52.66,56.2,1.7,Running,0,115.94,20.2,6.3,-5.0,21.2,17.2,8.9,37.9,155.1,12878,4.3,80.4,8.28,0,6.42,27.3,1,0,35.5,CNG04,Traffic Congestion,Medium,2025-03-26 21:14:54,74,Confirmed,Manual_Report,39.5,0.0,100.0,3.7,2901.0,Fog,Low,Excellent,28.08,5.93,0,0,Green,48.3,62.9,37.9,Good,4.1,56.3,Overdue,359,Healthy,Axle_Fault,Minor,22,Wednesday,3,Summer,False,False,Completed,2025-03-26 19:52:00,2025-03-26 19:55:24,0.0,9.4,Traffic,False,0.0
12044,Freight 48,Freight,Regional,NR,24.009556,81.597094,NDLS,TDL,JHS,SEC-NR-598,TRK-1,160.29,157.0,Up,2025-03-26 20:46:30,2025-03-26 21:03:30,32.26,130.3,516.5,16,2025-03-26 22:59:30,272.88,73.7,15.9,Stopped_at_Station,2,243.62,13.9,19.2,-5.0,32.9,12.1,26.9,64.8,130.5,70029,15.5,104.2,11.82,3,27.41,35.0,1,1,17.4,PSG07,Passenger Emergency,Medium,2025-03-26 22:55:30,58,Confirmed,IoT_Sensor,32.3,4.4,50.7,30.3,8824.0,Fog,No_Impact,Good,30.44,2.17,0,0,Green,64.8,103.3,53.5,Fair,3.2,20.8,Up_to_Date,230,Healthy,HVAC_Failure,Minor,22,Wednesday,3,Summer,False,False,Completed,2025-03-26 21:01:06,2025-03-26 21:01:42,0.0,-1.3,Operational,False,0.0
13889,Duronto 34,Duronto,Long-Distance,SER,19.337066,75.236646,NDLS,MGS,MAS,SEC-SER-116,TRK-3,159.87,63.66,Down,2025-03-27 00:41:08,2025-03-27 01:00:08,12.61,113.9,1627.5,4,2025-03-27 02:13:08,1172.69,79.7,36.7,Halted_Signal,34,454.81,15.9,14.0,0.9,0.0,16.8,9.7,59.8,112.8,22594,7.0,105.4,34.95,4,47.11,8.7,0,0,52.5,TRK02,Track Maintenance,Medium,2025-03-27 02:00:08,172,Confirmed,Manual_Report,25.7,4.9,38.6,27.4,5623.0,Cloudy,Moderate,Excellent,34.69,0.94,100,1,Red,78.4,70.3,70.2,Critical,4.56,79.2,In_Progress,53,Degraded,No_Failure,No_Failure,2,Thursday,3,Summer,False,False,Completed,2025-03-27 01:45:44,2025-03-27 01:45:14,0.0,27.9,Infrastructure,True,20.8
35324,MEMU 16,MEMU,Long-Distance,NER,23.861005,83.828166,CSTM,ALD,SBC,SEC-NER-982,TRK-2,170.88,144.57,Down,2025-03-27 01:37:55,2025-03-27 01:56:55,27.75,53.7,284.5,6,2025-03-27 02:59:55,223.24,95.1,6.1,Slow_Running,0,61.26,3.4,12.4,12.4,15.6,13.2,14.4,70.4,51.9,49457,22.6,43.7,19.09,1,42.57,4.3,1,1,34.1,WTH03,Adverse Weather,High,2025-03-27 01:29:55,72,Confirmed,Control_Office,26.6,5.1,53.2,24.7,6053.0,Heavy_Rain,Low,Excellent,56.06,3.73,75,1,Green,59.9,44.0,20.0,Good,5.11,15.3,Due_Soon,162,Healthy,No_Failure,No_Failure,2,Thursday,3,Summer,False,False,Completed,2025-03-27 01:56:25,2025-03-27 01:51:01,0.0,12.4,Weather,True,6.3
54458,Express 28,Express,Long-Distance,SER,22.654845,72.770236,TDL,BCT,HWH,SEC-SER-149,TRK-2,75.68,160.73,Down,2025-03-27 07:13:44,2025-03-27 07:29:44,6.01,98.0,639.8,10,2025-03-27 09:33:44,329.99,59.0,40.9,Running,0,309.81,22.6,-3.9,14.7,21.8,0.0,13.2,63.6,96.4,37976,10.8,44.3,37.8,2,36.6,4.0,0,0,20.5,WTH03,Adverse Weather,High,2025-03-27 08:27:44,102,Unconfirmed,ML_Inference,24.2,0.0,40.3,17.4,6715.0,Rain,Severe,Poor,43.7,4.24,0,0,Red,69.4,71.3,68.0,Needs_Inspection,4.68,68.0,Up_to_Date,206,Healthy,No_Failure,No_Failure,9,Thursday,3,Summer,False,True,Completed,2025-03-27 08:31:38,2025-03-27 08:27:44,0.0,37.0,Weather,True,18.3
73464,Rajdhani 14,Rajdhani,Long-Distance,SR,32.849194,83.279547,RTM,ST,VAPI,SEC-SR-714,TRK-3,30.9,67.22,Down,2025-03-27 16:53:04,2025-03-27 17:11:04,30.76,59.4,2148.6,13,2025-03-27 18:03:04,1837.76,79.4,4.3,Halted_Signal,22,310.84,9.3,3.9,21.2,14.9,9.6,6.5,86.2,64.1,81564,12.5,67.5,6.13,4,47.85,16.7,1,1,0.1,LCB05,Late Crew Boarding,Low,2025-03-27 17:23:04,128,Unconfirmed,ML_Inference,28.6,0.0,5.0,10.4,9971.0,Clear,Low,Good,60.58,4.53,0,0,Green,70.4,59.0,48.3,Good,5.46,79.9,Up_to_Date,195,Healthy,No_Failure,No_Failure,18,Thursday,3,Summer,False,True,In_Transit,2025-03-27 16:53:52,,233.8,-3.5,Operational,False,0.0
72178,Shatabdi 36,Shatabdi,Freight,SR,9.935594,92.962766,BCT,GAYA,HWH,SEC-SR-445,TRK-1,102.23,56.11,Up,2025-03-27 19:28:35,2025-03-27 19:32:35,28.36,44.8,722.8,10,2025-03-27 21:51:35,39.63,74.2,1.1,Halted_Signal,32,683.17,39.8,1.9,7.5,22.7,20.6,18.4,99.0,38.8,97263,23.2,28.5,5.94,3,22.26,28.4,0,1,12.0,CNG04,Traffic Congestion,Medium,2025-03-27 20:56:35,167,Auto-Detected,Control_Office,26.6,3.7,69.8,0.0,7280.0,Clear,No_Impact,Excellent,53.28,2.94,75,0,Yellow,91.8,39.9,59.0,Good,5.11,2.9,Up_to_Date,204,Healthy,Axle_Fault,Moderate,21,Thursday,3,Summer,False,False,Completed,2025-03-27 19:49:41,2025-03-27 19:55:05,0.0,20.0,Traffic,True,12.7
40202,Mail 3,Mail,Long-Distance,SECR,31.656711,76.594166,SBC,BZA,PNBE,SEC-SECR-724,TRK-1,99.8,9.83,Down,2025-03-28 08:11:53,2025-03-28 08:30:53,32.6,69.7,1237.8,11,2025-03-28 09:09:53,1169.82,70.6,2.3,Departed_Late,0,67.98,8.4,12.1,-1.8,0.0,21.0,4.2,88.4,65.7,72815,15.9,55.4,20.33,4,8.32,6.6,0,1,8.1,CNG04,Traffic Congestion,Medium,2025-03-28 08:42:53,161,Confirmed,Manual_Report,18.5,0.0,48.6,15.2,3733.0,Clear,Moderate,Poor,47.01,2.17,0,0,Yellow,56.9,75.0,41.8,Good,3.51,78.7,Up_to_Date,68,Healthy,No_Failure,No_Failure,9,Friday,3,Summer,True,True,Completed,2025-03-28 08:22:29,2025-03-28 08:10:23,0.0,8.3,Traffic,False,0.0
14985,Duronto 48,Duronto,Regional,CR,22.418599,69.344509,TDL,BPL,NGP,SEC-CR-146,TRK-2,26.8,90.91,Up,2025-03-28 09:02:59,2025-03-28 09:19:59,17.65,150.4,1818.0,19,2025-03-28 11:57:59,1445.71,86.6,27.0,Running,0,372.29,20.0,8.6,-5.0,12.8,7.9,11.7,81.5,148.0,84597,23.8,54.5,29.34,5,0.53,25.7,0,0,41.1,BLK08,Line Block / Engineering Work,High,2025-03-28 11:01:59,59,Confirmed,IoT_Sensor,42.5,3.5,90.7,10.3,6647.0,Clear,No_Impact,Fair,38.49,4.75,30,0,Double_Yellow,63.5,61.5,62.7,Needs_Inspection,3.27,67.0,Due_Soon,287,Faulty,No_Failure,No_Failure,11,Friday,3,Summer,False,False,Completed,2025-03-28 10:08:59,2025-03-28 10:05:47,0.0,39.0,Infrastructure,True,32.2
86600,Superfast 12,Superfast,Long-Distance,ECoR,32.23688,85.509864,PNBE,NDLS,JHS,SEC-ECoR-250,TRK-3,76.56,111.34,Down,2025-03-28 12:57:32,2025-03-28 13:14:32,17.05,80.8,642.6,8,2025-03-28 13:42:32,312.51,77.4,0.2,Running,0,330.09,6.5,11.8,12.6,4.3,16.6,7.2,61.6,80.9,62697,15.4,89.1,24.82,0,27.74,7.9,0,0,48.0,CNG04,Traffic Congestion,Medium,2025-03-28 13:20:32,31,Confirmed,Manual_Report,24.9,2.1,90.6,12.5,4596.0,Rain,No_Impact,Good,33.55,0.0,0,0,Green,85.6,42.8,23.2,Excellent,4.98,88.4,In_Progress,82,Healthy,No_Failure,No_Failure,13,Friday,3,Summer,False,False,Completed,2025-03-28 13:08:44,2025-03-28 13:13:44,0.0,11.0,Traffic,True,6.7
25717,MEMU 19,MEMU,Freight,SECR,13.969067,82.563938,BRC,HWH,PNBE,SEC-SECR-183,TRK-1,110.11,119.25,Up,2025-03-28 12:09:49,2025-03-28 12:14:49,26.37,156.4,1149.8,0,2025-03-28 15:07:49,45.83,45.2,30.1,Stopped_at_Station,35,1103.97,1.4,25.7,17.3,4.6,4.9,9.2,58.1,161.4,51691,19.1,61.3,36.1,4,36.5,27.2,1,1,35.5,PSG07,Passenger Emergency,Medium,2025-03-28 14:40:49,104,Confirmed,Station_Master,19.6,0.6,62.1,27.5,20.0,Clear,Low,Fair,18.51,0.58,60,0,Red,27.0,46.3,49.6,Fair,4.99,83.6,In_Progress,268,Healthy,Door_Malfunction,Moderate,15,Friday,3,Summer,False,False,Completed,2025-03-28 12:56:13,2025-03-28 13:02:49,0.0,16.3,Operational,True,11.2
66586,Mail 35,Mail,Regional,SCR,11.043119,88.963167,BCT,ASN,BZA,SEC-SCR-508,TRK-3,102.99,145.02,Down,2025-03-28 15:43:17,2025-03-28 15:50:17,30.61,103.1,2067.8,5,2025-03-28 17:00:17,155.68,59.4,-2.6,Running,0,1912.12,34.1,1.6,6.3,15.9,19.6,23.8,84.8,95.5,72182,17.0,71.7,35.4,2,10.43,13.8,1,1,42.6,NON00,No Delay Reported,No_Impact,,0,Not_Applicable,Not_Applicable,33.5,0.0,33.8,4.6,2218.0,Clear,No_Impact,Excellent,39.18,5.25,60,0,Green,70.5,37.2,77.6,Fair,5.46,65.1,Up_to_Date,353,Healthy,No_Failure,No_Failure,17,Friday,3,Summer,False,True,In_Transit,2025-03-28 15:36:11,,1930.1,-4.5,No_Delay,False,0.0
73812,Passenger 15,Passenger,Long-Distance,SR,31.553081,69.887022,ST,KOTA,GAYA,SEC-SR-496,TRK-3,21.75,4.66,Up,2025-03-28 17:37:33,2025-03-28 17:52:33,35.16,102.9,926.4,12,2025-03-28 19:28:33,420.97,97.3,1.2,Stopped_at_Station,26,505.43,10.2,13.7,2.3,14.9,8.7,12.5,91.0,98.6,85077,-1.0,58.6,8.45,4,29.15,29.8,0,0,25.0,CNG04,Traffic Congestion,Medium,2025-03-28 19:25:33,96,Confirmed,Control_Office,34.6,0.0,15.9,18.7,9502.0,Clear,No_Impact,Fair,30.74,2.93,0,1,Yellow,45.3,75.5,27.4,Fair,5.44,56.5,Due_Soon,53,Healthy,Door_Malfunction,Minor,19,Friday,3,Summer,False,True,Completed,2025-03-28 17:44:15,2025-03-28 17:41:51,0.0,5.5,Traffic,False,0.0
84940,MEMU 33,MEMU,Long-Distance,SER,28.694353,77.325083,BRC,SBC,HWH,SEC-SER-444,TRK-2,2.33,148.8,Up,2025-03-30 01:11:22,2025-03-30 01:27:22,27.41,118.0,1461.7,10,2025-03-30 02:34:22,1184.0,100.0,-1.6,Running,0,277.7,19.4,16.2,3.0,24.2,4.6,2.7,52.1,123.4,83089,22.6,118.8,24.35,3,42.0,36.3,1,1,37.7,NON00,No Delay Reported,No_Impact,,0,Not_Applicable,Not_Applicable,26.9,0.0,68.8,8.6,389.0,Rain,No_Impact,Good,37.36,8.11,0,0,Double_Yellow,64.5,66.5,51.7,Needs_Inspection,5.03,92.1,In_Progress,51,Faulty,Door_Malfunction,Moderate,2,Sunday,3,Summer,True,False,Completed,2025-03-30 01:04:40,2025-03-30 01:03:34,0.0,-5.1,No_Delay,False,0.0
56593,DEMU 22,DEMU,Premium,ER,27.352043,78.325837,RTM,CNB,LKO,SEC-ER-766,TRK-2,176.69,125.45,Down,2025-03-30 09:09:22,2025-03-30 09:27:22,33.81,159.0,986.9,2,2025-03-30 09:57:22,314.38,19.7,23.9,Running,0,672.52,17.0,9.0,17.5,28.6,13.4,18.8,99.0,162.8,32838,12.6,63.1,15.05,3,20.93,39.0,1,1,23.4,ANI09,Animal / Obstruction on Track,Medium,2025-03-30 08:01:22,171,Confirmed,Manual_Report,31.3,0.0,57.3,15.4,7437.0,Heavy_Rain,No_Impact,Excellent,47.12,5.97,0,0,Green,88.5,49.8,49.1,Good,5.5,30.1,Up_to_Date,252,Degraded,No_Failure,No_Failure,9,Sunday,3,Summer,True,True,Completed,2025-03-30 09:47:52,2025-03-30 09:41:04,0.0,14.6,Traffic,True,7.9
25839,Express 7,Express,Regional,WR,34.186675,82.797362,RTM,BPL,CNB,SEC-WR-213,TRK-2,177.3,150.94,Down,2025-03-30 11:06:42,2025-03-30 11:09:42,13.96,101.0,707.5,4,2025-03-30 11:53:42,439.22,41.0,-0.5,Slow_Running,0,268.28,27.4,18.7,11.9,17.6,4.8,17.1,90.3,102.2,75128,1.8,59.1,39.03,2,2.09,42.9,0,1,44.5,NON00,No Delay Reported,No_Impact,,0,Not_Applicable,Not_Applicable,32.1,1.5,39.8,17.5,10000.0,Rain,Low,Excellent,22.51,3.02,0,0,Green,39.6,56.0,61.4,Good,4.78,49.9,Overdue,265,Healthy,No_Failure,No_Failure,11,Sunday,3,Summer,True,False,Not_Started,,,397.2,15.3,No_Delay,True,12.1
47040,Superfast 31,Superfast,Suburban,ECR,29.541992,93.563887,JHS,BCT,SBC,SEC-ECR-130,TRK-1,89.22,141.2,Down,2025-03-30 10:37:31,2025-03-30 10:46:31,7.51,61.8,567.9,12,2025-03-30 13:27:31,139.88,75.5,11.5,Departed_Late,0,428.02,18.8,-2.5,14.5,30.8,4.9,4.6,92.5,68.8,16121,-0.8,36.0,15.91,3,48.17,39.7,1,0,31.2,NON00,No Delay Reported,No_Impact,,0,Not_Applicable,Not_Applicable,37.2,3.6,25.5,13.4,8259.0,Rain,No_Impact,Fair,56.45,1.52,60,0,Yellow,45.6,61.5,54.9,Excellent,5.81,0.3,Up_to_Date,317,Healthy,No_Failure,No_Failure,13,Sunday,3,Summer,True,False,Completed,2025-03-30 11:06:19,2025-03-30 11:00:31,0.0,17.3,No_Delay,True,11.9
82078,MEMU 24,MEMU,Long-Distance,ECR,10.505717,78.414314,HWH,GAYA,JP,SEC-ECR-162,TRK-3,177.34,17.81,Up,2025-03-30 15:14:47,2025-03-30 15:17:47,10.81,34.8,1047.1,8,2025-03-30 16:04:47,574.52,60.2,62.6,Running,0,472.58,14.8,5.9,6.7,18.0,8.4,22.8,89.9,31.1,70941,3.2,25.6,2.66,5,23.1,36.0,1,1,20.6,CNG04,Traffic Congestion,Medium,2025-03-30 15:13:47,107,Auto-Detected,Control_Office,26.7,0.7,54.9,9.6,4945.0,Rain,No_Impact,Poor,43.57,3.5,0,0,Green,68.5,76.8,30.8,Fair,4.78,48.2,In_Progress,348,Healthy,HVAC_Failure,Minor,16,Sunday,3,Summer,True,False,In_Transit,2025-03-30 16:44:17,,479.1,26.9,Traffic,True,16.7
10440,Express 10,Express,Regional,SER,26.03812,68.625426,ADI,MGS,NGP,SEC-SER-812,TRK-1,166.03,109.46,Up,2025-03-30 18:11:08,2025-03-30 18:19:08,32.31,159.8,194.0,9,2025-03-30 18:03:08,84.84,108.2,20.5,Running,0,109.16,1.7,5.2,-5.0,2.4,8.1,0.0,81.6,157.9,10011,23.5,51.8,22.89,3,31.56,35.4,1,1,12.7,SIG01,Signal Failure,High,2025-03-30 16:34:08,62,Auto-Detected,IoT_Sensor,28.4,4.8,52.2,16.4,8905.0,Cloudy,Low,Excellent,31.94,4.26,0,0,Green,58.5,40.1,72.6,Excellent,4.83,22.5,Due_Soon,364,Healthy,Bearing_Overheat,Moderate,18,Sunday,3,Summer,True,True,Completed,2025-03-30 18:38:38,2025-03-30 18:43:50,0.0,7.0,No_Delay,False,0.0
22593,Rajdhani 24,Rajdhani,Regional,ECR,25.544315,74.608845,TDL,ASN,SBC,SEC-ECR-178,TRK-2,163.53,142.7,Up,2025-03-30 18:16:33,2025-03-30 18:23:33,16.23,116.5,108.1,10,2025-03-30 18:24:33,84.16,59.6,-2.5,Running,0,23.94,12.4,8.0,17.5,6.6,12.4,19.0,42.6,105.3,84349,26.2,41.9,11.1,4,15.4,33.1,1,1,47.0,ANI09,Animal / Obstruction on Track,Medium,2025-03-30 17:25:33,80,Unconfirmed,IoT_Sensor,11.8,1.3,36.8,4.4,6992.0,Clear,Low,Excellent,41.4,6.3,0,0,Yellow,30.3,77.3,45.0,Good,4.98,70.0,In_Progress,265,Healthy,No_Failure,No_Failure,18,Sunday,3,Summer,True,True,Completed,2025-03-30 18:35:57,2025-03-30 18:34:03,0.0,21.9,Traffic,True,17.3
53798,Vande Bharat 18,Vande Bharat,Regional,NWR,8.890664,78.627886,KOTA,BCT,AGC,SEC-NWR-127,TRK-1,29.96,93.99,Down,2025-03-30 17:28:06,2025-03-30 17:36:06,26.87,177.6,1387.9,0,2025-03-30 19:02:06,1193.2,50.4,29.6,Slow_Running,0,194.7,21.5,1.2,13.6,23.2,10.1,11.7,79.1,173.7,34611,9.6,61.0,18.06,2,29.8,41.8,1,1,39.5,ANI09,Animal / Obstruction on Track,Medium,2025-03-30 17:20:06,120,Auto-Detected,IoT_Sensor,19.7,0.0,41.2,21.7,2884.0,Rain,Severe,Poor,39.62,4.77,0,0,Green,72.7,61.0,55.5,Fair,4.44,27.1,Up_to_Date,284,Degraded,No_Failure,No_Failure,19,Sunday,3,Summer,True,True,Completed,2025-03-30 18:21:54,2025-03-30 18:30:12,0.0,24.2,Traffic,True,18.5
34666,DEMU 3,DEMU,Premium,NCR,27.031658,72.22339,ST,BZA,HWH,SEC-NCR-275,TRK-3,3.58,56.08,Down,2025-03-30 17:23:47,2025-03-30 17:40:47,16.18,14.7,1111.0,2,2025-03-30 19:27:47,564.4,85.8,4.7,Running,0,546.6,3.8,3.3,20.6,11.7,6.9,13.4,56.0,11.2,41725,16.6,44.8,2.22,4,30.93,42.3,1,1,29.0,CNG04,Traffic Congestion,Medium,2025-03-30 19:16:47,178,Confirmed,IoT_Sensor,26.8,1.1,33.6,12.6,9310.0,Cloudy,No_Impact,Fair,67.57,6.96,0,0,Auto,66.1,61.3,54.8,Good,5.4,17.9,Up_to_Date,149,Healthy,No_Failure,No_Failure,19,Sunday,3,Summer,True,True,Completed,2025-03-30 17:26:47,2025-03-30 17:28:35,0.0,-1.7,Traffic,False,0.0
31054,Garib Rath 46,Garib Rath,Regional,SWR,26.860504,88.176631,VAPI,BCT,TDL,SEC-SWR-422,TRK-2,46.1,91.12,Up,2025-03-30 21:38:48,2025-03-30 21:40:48,12.7,138.9,1848.6,15,2025-03-30 22:28:48,535.14,64.8,59.6,Stopped_at_Station,7,1313.46,-5.0,17.9,-2.8,20.6,18.5,13.5,78.0,141.9,43350,3.8,87.0,15.37,1,20.96,27.3,0,1,18.0,SIG01,Signal Failure,High,2025-03-30 21:48:48,33,Auto-Detected,Control_Office,27.8,1.4,59.7,9.2,8408.0,Haze,Severe,Under_Repair,39.09,4.81,30,0,Green,29.2,49.3,31.8,Excellent,4.79,87.0,Due_Soon,237,Healthy,No_Failure,No_Failure,22,Sunday,3,Summer,True,False,Completed,2025-03-30 23:13:48,2025-03-30 23:16:42,0.0,35.4,No_Delay,True,19.0
17742,Express 2,Express,Regional,CR,27.013156,72.767425,JHS,HWH,CNB,SEC-CR-974,TRK-3,84.68,123.36,Up,2025-03-31 05:05:21,2025-03-31 05:21:21,10.46,103.3,639.2,14,2025-03-31 07:22:21,575.42,75.7,6.6,Running,0,63.78,-5.0,7.4,2.5,19.5,6.7,4.6,78.5,108.3,35408,13.1,81.6,34.42,2,36.85,23.4,1,1,13.4,MEC06,Mechanical Failure,High,2025-03-31 07:02:21,178,Unconfirmed,ML_Inference,27.9,0.3,50.2,16.5,6508.0,Fog,Low,Excellent,26.94,4.84,0,0,Auto,100.0,51.9,71.7,Good,5.53,59.3,In_Progress,34,Healthy,No_Failure,No_Failure,7,Monday,3,Summer,False,True,In_Transit,2025-03-31 05:28:39,,55.6,16.7,Mechanical,True,14.9
18150,Garib Rath 26,Garib Rath,Suburban,ECR,10.60539,80.681732,ASN,KOTA,ADI,SEC-ECR-942,TRK-1,2.93,43.2,Down,2025-03-31 17:31:59,2025-03-31 17:43:59,34.37,170.2,1852.3,10,2025-03-31 18:46:59,36.85,69.0,11.2,Running,0,1815.45,11.7,13.2,11.2,23.2,21.4,13.2,89.9,171.2,17821,13.5,63.7,30.82,4,8.03,6.4,1,1,27.7,NON00,No Delay Reported,No_Impact,,0,Not_Applicable,Not_Applicable,27.0,2.3,58.5,17.1,5944.0,Fog,Low,Excellent,36.98,3.31,30,0,Green,68.7,51.9,36.0,Needs_Inspection,3.96,2.2,Up_to_Date,161,Healthy,Bearing_Overheat,Minor,18,Monday,3,Summer,True,True,In_Transit,2025-03-31 17:49:23,,1580.5,6.2,No_Delay,False,0.0
65966,Shatabdi 27,Shatabdi,Long-Distance,NER,12.17644,84.703585,ST,DHN,RTM,SEC-NER-328,TRK-3,28.23,34.86,Down,2025-04-01 03:58:03,2025-04-01 04:13:03,33.58,131.9,770.1,16,2025-04-01 06:15:03,230.97,40.5,2.6,Running,0,539.13,9.8,14.9,6.6,19.3,8.3,7.0,72.0,135.2,38125,11.5,30.3,26.98,4,40.08,19.0,0,1,15.4,WTH03,Adverse Weather,High,2025-04-01 05:17:03,103,Confirmed,Manual_Report,17.1,4.4,70.3,25.4,4588.0,Clear,No_Impact,Good,56.7,0.82,60,1,Green,62.0,25.7,63.6,Needs_Inspection,5.61,19.1,Up_to_Date,171,Healthy,Door_Malfunction,Moderate,6,Tuesday,4,Summer,False,False,In_Transit,2025-04-01 04:04:09,,799.8,3.5,Weather,False,0.0
57382,Superfast 25,Superfast,Premium,SWR,15.762802,76.017902,LKO,RTM,DHN,SEC-SWR-670,TRK-1,53.27,107.23,Down,2025-04-01 05:26:09,2025-04-01 05:35:09,1.65,71.4,2105.7,18,2025-04-01 08:03:09,586.96,53.0,27.8,Running,0,1518.74,14.7,12.0,9.3,14.9,4.8,13.7,99.0,74.4,27897,8.3,83.8,13.92,3,37.94,9.4,1,1,20.2,ANI09,Animal / Obstruction on Track,Medium,2025-04-01 07:41:09,121,Confirmed,Station_Master,21.9,9.6,30.3,12.3,7443.0,Cloudy,Moderate,Good,34.41,6.31,0,0,Auto,90.5,66.2,59.4,Good,5.79,94.2,Up_to_Date,184,Healthy,No_Failure,No_Failure,8,Tuesday,4,Summer,False,True,Completed,2025-04-01 06:10:39,2025-04-01 06:16:33,0.0,16.7,Traffic,True,9.1
43871,Duronto 47,Duronto,Regional,NCR,24.712133,88.718268,BPL,PNBE,BZA,SEC-NCR-153,TRK-1,157.3,41.74,Down,2025-04-01 07:32:42,2025-04-01 07:44:42,28.47,100.6,271.4,13,2025-04-01 08:49:42,201.53,65.7,15.6,Running,0,69.87,-5.0,10.8,6.1,18.9,12.6,24.0,53.3,94.0,35374,10.4,70.6,16.81,1,9.28,29.8,1,0,36.0,TRK02,Track Maintenance,Medium,2025-04-01 07:12:42,56,Confirmed,IoT_Sensor,7.9,6.3,52.8,3.3,10000.0,Clear,No_Impact,Fair,32.54,5.11,0,0,Auto,64.0,62.5,42.7,Excellent,4.75,82.8,Due_Soon,133,Degraded,No_Failure,No_Failure,8,Tuesday,4,Summer,False,True,Completed,2025-04-01 07:46:36,2025-04-01 07:43:24,0.0,-1.7,Infrastructure,False,0.0
53281,DEMU 23,DEMU,Regional,NFR,12.676194,69.610325,MAS,PNBE,CSTM,SEC-NFR-619,TRK-2,122.3,26.52,Up,2025-04-01 07:48:11,2025-04-01 07:57:11,27.38,144.3,1016.8,6,2025-04-01 09:42:11,64.54,50.0,5.1,Running,0,952.26,16.9,8.7,14.8,10.7,15.4,20.4,67.4,153.8,59221,9.8,66.2,3.76,0,1.51,31.1,1,1,25.1,LCB05,Late Crew Boarding,Low,2025-04-01 08:46:11,43,Confirmed,ML_Inference,31.2,5.0,42.9,16.4,6908.0,Clear,No_Impact,Poor,42.66,1.34,0,0,Green,88.1,41.0,54.0,Excellent,4.05,45.4,Due_Soon,315,Degraded,No_Failure,No_Failure,9,Tuesday,4,Summer,False,True,Completed,2025-04-01 07:58:59,2025-04-01 07:53:53,0.0,5.7,Operational,False,0.0
67336,Express 46,Express,Long-Distance,CR,30.157068,96.932985,GAYA,MAS,ST,SEC-CR-581,TRK-3,178.56,152.26,Up,2025-04-01 11:40:34,2025-04-01 11:48:34,1.63,39.0,316.1,6,2025-04-01 14:10:34,294.47,63.0,17.8,Stopped_at_Station,40,21.63,17.4,19.4,3.3,23.3,14.8,16.2,70.5,44.4,88539,19.4,46.4,10.07,2,22.0,44.3,1,0,38.8,NON00,No Delay Reported,No_Impact,,0,Not_Applicable,Not_Applicable,35.2,0.9,47.5,20.1,7944.0,Clear,No_Impact,Good,34.97,1.19,0,0,Green,94.9,38.5,49.5,Good,4.18,90.6,Overdue,81,Healthy,HVAC_Failure,Moderate,14,Tuesday,4,Summer,False,False,Completed,2025-04-01 12:03:22,2025-04-01 12:05:10,0.0,5.0,No_Delay,False,0.0
57983,Rajdhani 27,Rajdhani,Long-Distance,ER,8.870993,73.712741,MAS,ASN,BZA,SEC-ER-147,TRK-3,71.59,47.23,Up,2025-04-01 12:08:39,2025-04-01 12:26:39,26.02,92.6,1334.8,2,2025-04-01 14:50:39,1035.64,66.2,22.0,Slow_Running,0,299.16,26.7,9.0,-1.7,7.1,3.1,16.8,42.9,87.8,67982,9.9,73.7,11.31,5,44.98,34.1,0,1,31.6,NON00,No Delay Reported,No_Impact,,0,Not_Applicable,Not_Applicable,24.9,0.1,37.9,19.0,7482.0,Cloudy,Moderate,Fair,45.13,4.48,30,0,Yellow,44.8,50.1,50.4,Good,5.81,19.4,In_Progress,344,Healthy,No_Failure,No_Failure,14,Tuesday,4,Summer,False,False,Completed,2025-04-01 12:34:33,2025-04-01 12:40:03,0.0,3.9,No_Delay,False,0.0
21243,Freight 11,Freight,Long-Distance,SCR,11.176797,85.157426,JHS,CNB,MGS,SEC-SCR-293,TRK-2,174.42,45.52,Down,2025-04-01 21:29:42,2025-04-01 21:32:42,24.87,29.1,753.2,18,2025-04-01 22:46:42,374.07,65.7,26.9,Running,0,379.13,21.6,10.0,7.5,19.3,2.1,15.4,75.5,28.3,33077,3.6,37.4,24.16,0,20.13,7.2,0,0,29.9,NON00,No Delay Reported,No_Impact,,0,Not_Applicable,Not_Applicable,27.4,2.6,32.1,21.2,4743.0,Clear,No_Impact,Poor,18.99,4.11,100,0,Yellow,53.4,71.5,55.3,Needs_Inspection,5.39,55.4,In_Progress,320,Healthy,No_Failure,No_Failure,22,Tuesday,4,Summer,False,False,In_Transit,2025-04-01 22:17:06,,352.4,20.5,No_Delay,True,11.8
68732,Rajdhani 44,Rajdhani,Premium,NWR,13.570103,91.375409,CSTM,ASN,CNB,SEC-NWR-285,TRK-1,64.32,161.76,Down,2025-04-02 06:51:28,2025-04-02 06:56:28,28.3,84.7,2158.9,12,2025-04-02 08:15:28,175.11,85.6,22.7,Departed_Late,0,1983.79,9.3,-5.0,12.3,19.7,0.0,17.8,72.5,75.1,95656,12.1,54.8,1.69,0,46.54,21.9,0,1,21.2,BLK08,Line Block / Engineering Work,High,2025-04-02 07:41:28,14,Confirmed,Control_Office,26.9,4.0,26.4,10.4,8940.0,Clear,Low,Fair,29.13,0.0,75,0,Double_Yellow,76.2,46.8,58.8,Excellent,6.0,37.5,Up_to_Date,205,Faulty,No_Failure,No_Failure,8,Wednesday,4,Summer,False,True,In_Transit,2025-04-02 07:37:28,,1397.5,23.3,Infrastructure,True,13.3
96424,Superfast 42,Superfast,Freight,SR,26.334811,92.503904,LKO,PNBE,CSTM,SEC-SR-954,TRK-2,54.53,2.79,Down,2025-04-02 18:03:34,2025-04-02 18:14:34,14.92,163.7,1680.6,5,2025-04-02 20:39:34,1468.44,68.9,17.9,Running,0,212.16,17.6,-5.0,-0.0,28.3,9.1,8.6,55.7,160.8,91516,21.5,50.5,24.06,3,9.52,34.1,1,1,47.7,PSG07,Passenger Emergency,Medium,2025-04-02 20:21:34,130,Auto-Detected,Manual_Report,41.7,1.6,65.1,11.7,2871.0,Clear,No_Impact,Poor,51.54,1.58,0,0,Green,84.9,43.5,51.9,Good,5.51,79.7,Overdue,302,Offline,No_Failure,No_Failure,20,Wednesday,4,Summer,False,True,In_Transit,2025-04-02 18:34:58,,188.8,13.5,Operational,True,6.9
21530,Passenger 36,Passenger,Freight,NCR,10.426336,81.403995,JP,BPL,ASN,SEC-NCR-658,TRK-3,30.98,66.18,Up,2025-04-02 20:38:07,2025-04-02 20:53:07,12.79,25.7,141.2,2,2025-04-02 22:08:07,75.98,71.1,10.6,Running,0,65.22,5.3,4.7,-5.0,15.4,12.3,13.7,61.5,33.5,74945,5.9,93.0,30.13,1,3.0,36.4,1,1,11.7,CNG04,Traffic Congestion,Medium,2025-04-02 21:50:07,167,Confirmed,IoT_Sensor,39.1,7.5,26.3,0.4,433.0,Cloudy,Moderate,Fair,22.91,4.16,100,0,Green,57.6,46.6,58.1,Needs_Inspection,5.51,28.2,Up_to_Date,254,Degraded,Door_Malfunction,Minor,22,Wednesday,4,Summer,False,False,In_Transit,2025-04-02 20:54:25,,56.7,5.7,Traffic,False,0.0
52674,Rajdhani 10,Rajdhani,Suburban,NFR,24.11997,96.538884,NDLS,JP,MAS,SEC-NFR-234,TRK-3,55.19,112.15,Down,2025-04-03 05:26:08,2025-04-03 05:31:08,30.31,37.2,622.1,13,2025-04-03 07:44:08,436.91,78.3,1.4,Slow_Running,0,185.19,8.1,19.5,-1.9,26.0,20.0,6.2,71.8,37.0,79292,11.7,95.7,27.39,3,33.62,15.6,1,0,26.6,CNG04,Traffic Congestion,Medium,2025-04-03 07:33:08,57,Confirmed,Manual_Report,23.9,2.6,38.0,0.0,3027.0,Clear,Low,Excellent,34.84,0.54,0,0,Double_Yellow,46.4,70.2,70.9,Good,6.65,23.0,Overdue,157,Healthy,Brake_Wear,Minor,7,Thursday,4,Summer,True,True,Completed,2025-04-03 05:28:50,2025-04-03 05:25:02,0.0,1.3,Traffic,False,0.0
10394,MEMU 25,MEMU,Suburban,WCR,11.798777,82.716624,DHN,JHS,PNBE,SEC-WCR-971,TRK-3,120.33,167.08,Up,2025-04-03 18:08:09,2025-04-03 18:17:09,9.27,29.7,679.2,3,2025-04-03 18:55:09,575.17,91.2,-1.5,Halted_Signal,21,104.03,-5.0,15.2,7.6,19.7,0.7,12.9,66.9,33.4,63946,-5.0,78.7,3.15,2,37.36,3.0,0,0,60.4,TRK02,Track Maintenance,Medium,2025-04-03 18:15:09,163,Unconfirmed,Control_Office,22.7,1.4,56.1,24.5,6944.0,Clear,No_Impact,Good,52.68,6.69,0,0,Yellow,65.2,74.6,42.1,Excellent,4.96,9.2,Up_to_Date,259,Healthy,Electrical_Fault,Minor,18,Thursday,4,Summer,False,True,Completed,2025-04-03 18:17:27,2025-04-03 18:19:03,0.0,10.8,Infrastructure,True,8.9
10892,Vande Bharat 28,Vande Bharat,Premium,CR,14.782386,96.923356,DHN,CSTM,LKO,SEC-CR-857,TRK-1,24.75,124.54,Up,2025-04-03 17:59:20,2025-04-03 18:09:20,5.05,27.7,658.7,4,2025-04-03 19:28:20,138.57,35.9,4.6,Running,0,520.13,3.6,12.2,7.2,10.5,13.9,17.5,63.5,31.9,99604,-5.0,55.4,8.27,3,10.71,38.2,1,0,18.3,WTH03,Adverse Weather,High,2025-04-03 19:08:20,141,Confirmed,Manual_Report,19.2,4.5,24.2,18.7,8987.0,Clear,No_Impact,Fair,51.34,2.98,0,0,Yellow,68.5,48.7,51.4,Good,5.22,51.6,Due_Soon,201,Healthy,No_Failure,No_Failure,19,Thursday,4,Summer,False,True,Not_Started,,,871.2,6.4,Weather,False,0.0
58853,DEMU 45,DEMU,Regional,ER,27.045276,68.848141,MGS,HWH,ADI,SEC-ER-478,TRK-3,141.18,41.93,Up,2025-04-03 22:46:36,2025-04-03 22:50:36,23.43,110.1,1354.2,12,2025-04-04 01:40:36,180.04,109.9,0.6,Stopped_at_Station,44,1174.16,9.9,14.5,9.7,21.4,0.0,10.6,99.0,111.2,39604,12.3,43.8,38.24,3,33.39,42.4,1,1,46.3,CNG04,Traffic Congestion,Medium,2025-04-04 00:43:36,39,Auto-Detected,Station_Master,24.5,1.8,51.0,20.3,1890.0,Cloudy,No_Impact,Poor,40.15,0.76,45,0,Yellow,65.8,76.3,59.8,Good,4.93,85.0,Up_to_Date,349,Healthy,No_Failure,No_Failure,1,Friday,4,Summer,False,False,Not_Started,,,647.2,20.7,Traffic,True,15.4
56439,Passenger 24,Passenger,Premium,ER,11.032801,89.182689,JP,ST,NGP,SEC-ER-376,TRK-3,178.62,173.26,Down,2025-04-04 11:41:51,2025-04-04 11:49:51,35.24,82.0,1467.6,9,2025-04-04 12:02:51,565.45,72.6,-1.1,Running,0,902.15,18.2,8.2,7.3,11.6,21.7,3.5,63.0,82.0,44000,20.5,41.6,4.57,2,13.78,13.9,1,0,12.4,TRK02,Track Maintenance,Medium,2025-04-04 10:37:51,104,Auto-Detected,Station_Master,40.6,2.1,40.9,14.9,5051.0,Clear,No_Impact,Good,5.0,5.32,0,0,Red,72.3,40.9,48.2,Excellent,3.75,48.4,Up_to_Date,253,Healthy,No_Failure,No_Failure,12,Friday,4,Summer,False,False,Completed,2025-04-04 11:45:15,2025-04-04 11:46:33,0.0,4.5,Infrastructure,False,0.0
59821,Vande Bharat 48,Vande Bharat,Regional,SER,31.879291,86.364263,BZA,KOTA,ST,SEC-SER-894,TRK-1,94.02,174.43,Up,2025-04-04 10:22:02,2025-04-04 10:31:02,26.64,155.0,148.3,16,2025-04-04 13:12:02,23.46,78.7,23.4,Stopped_at_Station,15,124.84,6.8,-3.7,15.6,20.3,0.0,13.1,60.6,158.6,86318,12.5,15.9,38.83,2,27.98,7.2,1,0,35.0,SIG01,Signal Failure,High,2025-04-04 11:42:02,168,Confirmed,Control_Office,17.2,0.0,67.1,13.4,963.0,Clear,No_Impact,Excellent,26.97,4.25,30,0,Green,100.0,75.1,50.6,Good,5.21,69.6,Up_to_Date,42,Offline,Axle_Fault,Minor,13,Friday,4,Summer,False,False,Completed,2025-04-04 11:02:20,2025-04-04 11:01:20,0.0,16.9,No_Delay,True,7.0
35404,Vande Bharat 36,Vande Bharat,Long-Distance,ER,16.136876,73.138367,ST,DHN,BPL,SEC-ER-508,TRK-1,120.18,57.41,Down,2025-04-05 00:26:25,2025-04-05 00:33:25,20.56,93.4,423.9,6,2025-04-05 02:49:25,8.44,63.2,0.1,Running,0,415.46,-5.0,-5.0,13.6,16.0,18.2,2.7,82.9,86.3,64547,18.2,68.6,38.95,0,23.42,4.3,0,1,22.1,NON00,No Delay Reported,No_Impact,,0,Not_Applicable,Not_Applicable,22.6,5.8,50.2,12.7,7637.0,Cloudy,No_Impact,Good,47.15,3.76,0,0,Green,75.5,64.5,51.6,Excellent,4.55,6.8,Up_to_Date,307,Healthy,No_Failure,No_Failure,2,Saturday,4,Summer,True,False,In_Transit,2025-04-05 00:20:25,,392.6,-6.1,No_Delay,False,0.0
40081,Shatabdi 12,Shatabdi,Long-Distance,ER,25.924435,90.611178,ADI,MGS,SBC,SEC-ER-690,TRK-1,52.01,150.1,Down,2025-04-05 09:39:09,2025-04-05 09:56:09,32.94,18.1,1901.8,17,2025-04-05 09:51:09,207.84,102.7,70.6,Stopped_at_Station,14,1693.96,17.1,10.3,17.3,37.5,0.0,15.7,79.4,11.4,57543,33.8,69.8,18.73,1,17.82,21.3,1,1,10.4,PSG07,Passenger Emergency,Medium,2025-04-05 09:39:09,114,Confirmed,Control_Office,26.5,0.0,16.2,4.2,6702.0,Clear,Moderate,Good,16.87,2.69,0,1,Red,67.4,69.5,62.1,Critical,5.53,23.2,Up_to_Date,157,Healthy,No_Failure,No_Failure,9,Saturday,4,Summer,True,True,Completed,2025-04-05 11:14:39,2025-04-05 11:10:39,0.0,24.9,Operational,True,15.2
44151,Mail 28,Mail,Freight,SR,19.01561,76.231311,ALD,PUNE,CSTM,SEC-SR-598,TRK-3,106.54,152.37,Down,2025-04-05 15:27:03,2025-04-05 15:44:03,19.25,106.0,1126.6,9,2025-04-05 17:30:03,116.39,93.5,26.6,Running,0,1010.21,2.7,28.9,-3.4,14.1,0.7,8.4,81.2,119.1,95088,28.8,87.7,3.75,1,30.02,31.8,0,1,28.7,CNG04,Traffic Congestion,Medium,2025-04-05 16:06:03,79,Unconfirmed,Station_Master,27.5,3.1,32.1,18.2,9629.0,Rain,No_Impact,Excellent,28.46,6.65,0,0,Green,16.3,74.0,56.7,Good,6.42,37.4,Overdue,111,Healthy,Electrical_Fault,Critical,17,Saturday,4,Summer,True,True,Completed,2025-04-05 15:59:45,2025-04-05 16:03:15,0.0,6.1,Traffic,False,0.0
92470,Rajdhani 25,Rajdhani,Long-Distance,SR,8.800564,68.526394,CNB,ADI,SBC,SEC-SR-682,TRK-1,170.03,148.92,Down,2025-04-05 18:53:34,2025-04-05 19:03:34,1.74,38.4,2081.5,15,2025-04-05 21:15:34,103.72,111.2,1.7,Departed_Late,0,1977.78,12.5,11.1,11.3,5.3,10.1,11.2,66.7,39.0,38827,20.8,42.1,28.51,4,19.45,40.6,1,1,5.3,MEC06,Mechanical Failure,High,2025-04-05 20:22:34,29,Confirmed,ML_Inference,33.2,9.6,43.7,17.2,6564.0,Clear,No_Impact,Excellent,30.45,2.87,0,0,Green,69.6,46.4,41.4,Fair,5.1,6.9,Overdue,128,Healthy,No_Failure,No_Failure,21,Saturday,4,Summer,True,False,In_Transit,2025-04-05 19:03:04,,1069.5,7.8,Mechanical,False,0.0
45426,Mail 16,Mail,Premium,SCR,22.659764,87.973384,VAPI,ADI,JP,SEC-SCR-484,TRK-2,105.44,6.14,Up,2025-04-06 00:36:41,2025-04-06 00:46:41,30.16,151.8,1870.0,16,2025-04-06 00:49:41,521.46,52.7,7.6,Running,0,1348.54,4.7,9.7,-0.6,6.9,17.0,21.9,96.4,157.0,27423,16.4,34.1,10.75,0,48.91,33.5,0,0,27.7,PSG07,Passenger Emergency,Medium,2025-04-05 22:56:41,130,Confirmed,Control_Office,22.9,4.0,44.5,30.2,4049.0,Cloudy,No_Impact,Good,49.39,2.18,0,1,Red,56.0,42.5,64.5,Good,3.08,88.4,Overdue,84,Healthy,HVAC_Failure,Minor,0,Sunday,4,Summer,True,False,In_Transit,2025-04-06 00:59:29,,1539.9,15.2,Operational,True,10.9
65120,Freight 6,Freight,Premium,NWR,33.215868,91.102764,DHN,AGC,JHS,SEC-NWR-424,TRK-3,102.58,125.43,Up,2025-04-06 00:45:19,2025-04-06 00:50:19,22.3,65.9,462.0,14,2025-04-06 02:35:19,196.42,48.8,2.1,Running,0,265.58,17.4,23.6,-4.9,28.1,2.9,8.4,83.1,71.8,17748,8.8,57.8,7.11,4,22.63,19.7,0,1,10.8,NON00,No Delay Reported,No_Impact,,0,Not_Applicable,Not_Applicable,30.0,0.4,51.2,11.2,9715.0,Rain,No_Impact,Excellent,5.0,3.41,0,0,Green,79.7,35.3,50.0,Excellent,5.1,44.8,Up_to_Date,247,Healthy,No_Failure,No_Failure,2,Sunday,4,Summer,True,False,In_Transit,2025-04-06 00:56:49,,329.4,9.4,No_Delay,False,0.0
49704,Express 34,Express,Long-Distance,ECoR,13.05427,94.053297,PNBE,BRC,KOTA,SEC-ECoR-148,TRK-2,131.34,94.01,Down,2025-04-06 02:21:30,2025-04-06 02:39:30,22.18,152.4,291.2,8,2025-04-06 05:12:30,150.84,64.5,14.1,Halted_Signal,38,140.36,8.8,15.9,7.8,14.0,8.5,10.8,74.5,153.5,48288,1.3,36.6,2.83,2,5.72,27.7,0,1,8.3,LCB05,Late Crew Boarding,Low,2025-04-06 04:20:30,178,Unconfirmed,Control_Office,30.1,0.0,37.8,4.2,7234.0,Clear,Low,Excellent,47.4,0.83,45,0,Green,62.3,67.9,55.8,Good,3.49,53.8,Up_to_Date,178,Healthy,HVAC_Failure,Moderate,5,Sunday,4,Summer,True,False,Completed,2025-04-06 02:40:18,2025-04-06 02:31:36,0.0,4.7,Operational,False,0.0
39687,Garib Rath 25,Garib Rath,Regional,NCR,20.957851,83.626557,BPL,SBC,HWH,SEC-NCR-951,TRK-2,149.57,5.59,Up,2025-04-06 05:01:16,2025-04-06 05:08:16,6.61,24.0,1941.7,9,2025-04-06 07:38:16,1311.4,62.9,106.1,Halted_Signal,8,630.3,3.3,13.0,2.9,18.2,15.2,9.3,41.9,17.9,26090,-4.7,86.1,21.69,5,23.35,6.8,1,1,15.6,SIG01,Signal Failure,High,2025-04-06 06:43:16,143,Unconfirmed,ML_Inference,34.4,8.6,58.6,20.8,2526.0,Clear,No_Impact,Excellent,27.92,3.7,0,0,Green,100.0,61.1,20.0,Fair,6.07,31.3,In_Progress,66,Healthy,No_Failure,No_Failure,7,Sunday,4,Summer,True,True,Completed,2025-04-06 07:35:04,2025-04-06 07:43:04,0.0,47.7,No_Delay,True,34.7
19474,Freight 41,Freight,Suburban,NWR,28.017346,77.059111,CNB,AGC,ADI,SEC-NWR-125,TRK-1,152.33,20.36,Up,2025-04-06 08:19:00,2025-04-06 08:21:00,7.6,79.5,1971.4,1,2025-04-06 08:25:00,42.42,16.1,0.7,Halted_Signal,32,1928.98,8.8,11.2,11.6,13.7,14.9,11.1,41.1,77.3,84329,-5.0,82.0,32.09,2,41.45,30.7,0,1,33.4,WTH03,Adverse Weather,High,2025-04-06 08:09:00,68,Auto-Detected,Manual_Report,48.0,0.0,71.3,5.4,8586.0,Fog,No_Impact,Poor,35.92,4.74,0,1,Yellow,86.6,71.7,47.3,Excellent,5.38,21.6,Due_Soon,137,Healthy,No_Failure,No_Failure,8,Sunday,4,Summer,True,True,Completed,2025-04-06 08:26:18,2025-04-06 08:33:12,0.0,6.6,Weather,False,0.0
65140,MEMU 19,MEMU,Regional,SR,21.582652,87.276278,KOTA,AGC,ST,SEC-SR-762,TRK-3,85.61,86.22,Down,2025-04-06 13:50:45,2025-04-06 14:09:45,23.34,151.2,834.7,7,2025-04-06 13:50:45,3.05,103.9,16.7,Running,0,831.65,12.1,26.8,-5.0,3.1,8.4,19.5,64.2,151.9,61268,10.2,58.3,8.81,5,27.3,7.3,1,1,15.6,PSG07,Passenger Emergency,Medium,2025-04-06 11:53:45,115,Confirmed,Station_Master,17.3,6.5,65.7,22.1,6181.0,Clear,No_Impact,Excellent,37.04,7.97,0,0,Green,35.6,48.6,75.0,Critical,4.81,55.8,Overdue,315,Degraded,No_Failure,No_Failure,13,Sunday,4,Summer,True,False,In_Transit,2025-04-06 14:25:51,,485.8,18.4,Operational,True,15.0
33621,MEMU 33,MEMU,Suburban,NCR,33.288109,69.246967,PNBE,GAYA,BPL,SEC-NCR-431,TRK-3,89.36,64.91,Down,2025-04-06 15:44:50,2025-04-06 15:48:50,12.32,63.8,1697.1,19,2025-04-06 16:07:50,1044.88,61.3,3.4,Running,0,652.22,18.1,6.8,14.6,14.2,21.8,16.6,54.8,60.9,97234,-2.9,70.6,37.96,5,19.25,22.5,0,1,8.6,WTH03,Adverse Weather,High,2025-04-06 15:35:50,123,Confirmed,Control_Office,17.0,8.9,40.3,14.2,4918.0,Cloudy,No_Impact,Good,31.82,5.15,0,0,Green,69.8,61.1,37.3,Fair,5.2,29.1,Overdue,216,Healthy,No_Failure,No_Failure,16,Sunday,4,Summer,True,False,Completed,2025-04-06 16:00:38,2025-04-06 16:02:38,0.0,12.4,Weather,True,6.8
79322,Rajdhani 6,Rajdhani,Regional,ER,21.549608,71.936457,CSTM,HWH,TDL,SEC-ER-832,TRK-2,62.92,92.2,Down,2025-04-06 18:09:32,2025-04-06 18:27:32,29.23,67.9,2084.2,2,2025-04-06 20:40:32,1534.13,51.2,-0.4,Halted_Signal,18,550.07,-2.8,14.0,8.7,12.4,10.4,23.2,96.1,84.5,73036,3.8,85.7,33.07,0,43.99,23.8,1,1,13.1,PSG07,Passenger Emergency,Medium,2025-04-06 20:25:32,44,Auto-Detected,Station_Master,25.1,0.0,51.7,11.8,5087.0,Rain,No_Impact,Fair,37.94,2.99,75,0,Double_Yellow,51.3,79.0,46.5,Good,6.58,3.5,Up_to_Date,152,Healthy,No_Failure,No_Failure,20,Sunday,4,Summer,True,True,Completed,2025-04-06 18:22:38,2025-04-06 18:19:26,0.0,13.5,Operational,True,8.3
59190,Passenger 37,Passenger,Freight,ECoR,24.359698,76.851574,BCT,MGS,GAYA,SEC-ECoR-743,TRK-1,122.63,66.68,Up,2025-04-06 21:52:42,2025-04-06 22:04:42,4.35,99.1,117.7,7,2025-04-07 00:07:42,24.9,57.6,5.5,Halted_Signal,15,92.8,25.2,-3.5,10.0,0.0,11.4,14.1,59.1,96.3,47814,17.1,40.1,34.75,2,37.54,43.8,1,0,45.3,NON00,No Delay Reported,No_Impact,,0,Not_Applicable,Not_Applicable,21.9,10.1,33.5,13.1,5278.0,Clear,Low,Good,33.5,7.21,0,0,Green,62.0,46.7,63.9,Excellent,3.53,93.0,Due_Soon,264,Healthy,No_Failure,No_Failure,0,Monday,4,Summer,False,False,Completed,2025-04-06 21:57:18,2025-04-06 21:56:54,0.0,-0.9,No_Delay,False,0.0
94092,Rajdhani 23,Rajdhani,Regional,NCR,21.408351,93.438165,GWL,NGP,PNBE,SEC-NCR-128,TRK-3,80.83,58.76,Down,2025-04-07 01:00:10,2025-04-07 01:06:10,12.3,86.4,953.4,15,2025-04-07 03:06:10,430.63,64.8,42.0,Halted_Signal,40,522.77,13.2,15.3,24.9,6.4,17.8,22.5,44.8,83.5,46960,-0.3,73.0,28.12,2,21.65,24.8,0,0,21.1,BLK08,Line Block / Engineering Work,High,2025-04-07 02:14:10,49,Confirmed,Station_Master,32.1,7.4,42.1,22.8,5435.0,Storm,No_Impact,Good,35.19,1.25,75,0,Green,91.7,42.7,41.3,Excellent,5.99,47.9,Up_to_Date,33,Healthy,Axle_Fault,Minor,3,Monday,4,Summer,False,False,Completed,2025-04-07 02:21:34,2025-04-07 02:27:22,0.0,39.4,Infrastructure,True,26.9
94652,Shatabdi 12,Shatabdi,Freight,SR,14.984066,72.881455,NDLS,BZA,MAS,SEC-SR-862,TRK-2,100.89,179.33,Down,2025-04-07 07:06:00,2025-04-07 07:10:00,18.7,141.1,870.3,4,2025-04-07 10:03:00,727.94,35.0,1.8,Departed_Late,0,142.36,18.9,21.3,3.0,19.8,5.9,2.1,48.6,133.5,58366,33.9,35.1,37.36,2,11.28,41.7,0,1,17.3,PSG07,Passenger Emergency,Medium,2025-04-07 08:14:00,107,Unconfirmed,IoT_Sensor,39.1,2.8,25.2,1.8,5533.0,Haze,No_Impact,Excellent,28.49,6.57,75,0,Green,74.5,70.7,68.6,Good,3.59,29.8,Up_to_Date,298,Faulty,No_Failure,No_Failure,10,Monday,4,Summer,False,False,Completed,2025-04-07 07:22:24,2025-04-07 07:24:54,0.0,14.6,Operational,True,10.3
63869,Shatabdi 45,Shatabdi,Premium,NER,9.291144,90.462366,PUNE,CNB,ST,SEC-NER-363,TRK-2,61.89,104.68,Up,2025-04-07 12:28:08,2025-04-07 12:45:08,1.72,75.3,1953.0,19,2025-04-07 15:27:08,1456.76,86.4,17.4,Running,0,496.24,3.4,8.8,-5.0,19.0,3.0,14.4,45.4,77.9,39938,15.5,81.5,19.42,3,11.61,28.2,0,0,1.6,WTH03,Adverse Weather,High,2025-04-07 15:05:08,179,Auto-Detected,Station_Master,25.3,2.8,55.7,17.3,7395.0,Heavy_Rain,Moderate,Good,42.79,2.52,0,1,Yellow,69.1,49.7,78.1,Needs_Inspection,4.88,1.7,Up_to_Date,202,Healthy,No_Failure,No_Failure,15,Monday,4,Summer,False,False,Completed,2025-04-07 13:02:08,2025-04-07 12:54:32,0.0,16.6,Weather,True,10.3
98203,Rajdhani 10,Rajdhani,Premium,CR,19.236453,74.248108,GWL,BRC,AGC,SEC-CR-171,TRK-1,140.25,48.99,Down,2025-04-07 23:49:16,2025-04-08 00:04:16,26.98,9.0,397.8,6,2025-04-08 01:18:16,107.58,79.2,1.5,Stopped_at_Station,20,290.22,21.2,17.7,3.2,9.6,12.6,0.0,66.7,11.4,48109,7.6,70.2,14.56,4,12.88,25.4,1,1,29.0,TRK02,Track Maintenance,Medium,2025-04-08 01:08:16,113,Confirmed,Manual_Report,25.5,0.0,84.7,5.0,8569.0,Cloudy,No_Impact,Fair,37.55,7.65,0,0,Auto,72.2,49.3,38.5,Fair,4.2,25.9,Overdue,320,Healthy,Bearing_Overheat,Critical,1,Tuesday,4,Summer,False,False,In_Transit,2025-04-08 00:05:04,,224.2,14.3,Infrastructure,True,9.4
91233,Passenger 10,Passenger,Regional,SCR,16.760915,88.009019,ALD,KOTA,DHN,SEC-SCR-906,TRK-2,9.05,3.42,Down,2025-04-08 00:05:23,2025-04-08 00:07:23,9.53,23.2,767.4,11,2025-04-08 02:46:23,286.05,81.0,15.3,Running,0,481.35,7.8,5.0,5.7,9.0,5.1,5.8,79.9,21.4,43382,9.5,100.3,9.55,5,36.87,14.2,1,1,30.8,NON00,No Delay Reported,No_Impact,,0,Not_Applicable,Not_Applicable,28.1,0.4,91.8,23.8,10000.0,Clear,No_Impact,Good,43.42,1.83,75,1,Green,51.9,96.2,33.3,Fair,4.46,59.0,Up_to_Date,258,Faulty,No_Failure,No_Failure,2,Tuesday,4,Summer,False,False,Completed,2025-04-08 00:21:41,2025-04-08 00:24:35,0.0,1.0,No_Delay,False,0.0
52039,DEMU 11,DEMU,Regional,ER,20.811919,80.035329,HWH,PNBE,ADI,SEC-ER-597,TRK-2,81.81,23.04,Down,2025-04-08 04:50:58,2025-04-08 04:52:58,12.9,82.7,1697.7,0,2025-04-08 05:33:58,1146.22,45.8,0.9,Departed_Late,0,551.48,16.1,15.2,11.7,12.7,15.6,11.3,53.3,91.2,83762,20.3,85.6,37.82,4,11.15,9.5,0,0,12.9,WTH03,Adverse Weather,High,2025-04-08 03:50:58,69,Confirmed,Manual_Report,26.2,1.8,66.3,14.7,4041.0,Clear,Moderate,Fair,51.82,2.72,0,0,Green,93.0,48.3,69.1,Good,5.71,66.2,Overdue,223,Degraded,No_Failure,No_Failure,5,Tuesday,4,Summer,False,False,Not_Started,,,727.0,15.2,Weather,True,7.4
89765,Mail 35,Mail,Freight,NWR,21.442089,85.330316,ASN,NDLS,CSTM,SEC-NWR-401,TRK-3,6.03,38.03,Down,2025-04-08 08:54:34,2025-04-08 09:04:34,14.01,98.3,948.9,16,2025-04-08 10:45:34,653.33,47.0,13.9,Running,0,295.57,8.9,15.7,13.5,22.1,10.0,9.2,96.7,108.0,12447,2.5,44.4,7.48,3,6.0,26.2,1,0,34.7,MEC06,Mechanical Failure,High,2025-04-08 09:46:34,50,Unconfirmed,Station_Master,20.6,3.1,40.4,13.6,1428.0,Cloudy,No_Impact,Poor,44.65,5.34,30,1,Double_Yellow,89.5,34.7,31.5,Good,5.68,87.0,Overdue,239,Healthy,Axle_Fault,Moderate,10,Tuesday,4,Summer,False,False,In_Transit,2025-04-08 09:29:16,,383.6,20.8,Mechanical,True,12.2
14676,Express 33,Express,Long-Distance,WR,27.145662,96.465974,RTM,PNBE,ALD,SEC-WR-550,TRK-3,38.91,172.39,Down,2025-04-08 15:00:42,2025-04-08 15:14:42,23.07,72.7,1684.7,17,2025-04-08 15:44:42,1577.53,107.4,28.3,Running,0,107.17,24.8,19.7,8.9,21.5,17.8,5.1,49.4,75.2,70768,12.6,52.0,9.07,1,3.59,7.0,1,1,53.1,WTH03,Adverse Weather,High,2025-04-08 14:12:42,80,Auto-Detected,Station_Master,27.0,16.1,61.8,15.9,5285.0,Cloudy,No_Impact,Fair,32.47,0.33,30,0,Auto,76.5,63.3,52.8,Excellent,4.85,77.5,Overdue,32,Healthy,Door_Malfunction,Minor,15,Tuesday,4,Summer,False,False,Completed,2025-04-08 15:54:30,2025-04-08 15:59:06,0.0,25.5,Weather,True,20.6
74750,Express 39,Express,Regional,SWR,11.512477,73.398277,ASN,JP,SC,SEC-SWR-715,TRK-2,50.78,106.98,Down,2025-04-09 03:31:04,2025-04-09 03:45:04,35.8,147.0,639.3,4,2025-04-09 06:30:04,603.4,104.8,-1.8,Running,0,35.9,3.7,15.7,10.1,17.2,7.4,24.0,83.4,144.0,86975,4.1,63.1,30.07,1,49.14,29.3,0,1,39.8,NON00,No Delay Reported,No_Impact,,0,Not_Applicable,Not_Applicable,37.6,10.2,83.1,11.0,3217.0,Haze,No_Impact,Poor,24.43,4.0,30,0,Green,55.2,35.8,63.8,Needs_Inspection,6.26,10.6,Up_to_Date,89,Healthy,Brake_Wear,Minor,6,Wednesday,4,Summer,False,False,In_Transit,2025-04-09 03:41:34,,24.2,12.3,No_Delay,True,9.5
61713,MEMU 4,MEMU,Long-Distance,NFR,26.255771,91.255317,RTM,BZA,HWH,SEC-NFR-178,TRK-2,75.18,170.97,Down,2025-04-09 09:39:02,2025-04-09 09:43:02,11.22,161.6,1581.9,10,2025-04-09 11:42:02,176.12,93.3,28.5,Running,0,1405.78,-4.7,5.0,11.7,29.0,17.6,2.7,61.8,160.3,84072,-3.2,69.0,6.34,2,16.43,21.3,1,1,7.3,WTH03,Adverse Weather,High,2025-04-09 10:11:02,133,Unconfirmed,IoT_Sensor,21.9,0.1,59.1,24.5,3501.0,Clear,No_Impact,Excellent,43.39,6.33,0,0,Double_Yellow,69.2,27.3,61.6,Excellent,5.02,64.9,Up_to_Date,346,Healthy,No_Failure,No_Failure,11,Wednesday,4,Summer,False,False,Completed,2025-04-09 10:35:32,2025-04-09 10:39:44,0.0,28.0,Weather,True,22.1
87787,Vande Bharat 8,Vande Bharat,Long-Distance,SWR,10.288531,73.822267,LKO,BRC,ST,SEC-SWR-336,TRK-3,135.27,120.28,Down,2025-04-09 14:56:38,2025-04-09 15:14:38,23.4,76.4,1060.4,13,2025-04-09 16:13:38,1020.74,21.8,20.2,Running,0,39.66,9.6,9.4,-2.9,7.4,0.8,16.6,65.3,84.9,13161,18.0,46.5,13.53,2,4.24,20.6,1,1,31.1,CNG04,Traffic Congestion,Medium,2025-04-09 14:53:38,16,Unconfirmed,Control_Office,25.6,0.9,36.6,16.9,6127.0,Cloudy,Moderate,Fair,37.64,2.99,75,0,Green,100.0,81.6,66.1,Excellent,4.88,2.3,Due_Soon,161,Offline,No_Failure,No_Failure,16,Wednesday,4,Summer,False,False,Completed,2025-04-09 15:29:14,2025-04-09 15:31:38,0.0,12.4,Traffic,True,9.2
59422,Passenger 32,Passenger,Long-Distance,ECR,19.211789,92.865936,NGP,ADI,CNB,SEC-ECR-404,TRK-2,170.54,82.11,Down,2025-04-09 19:18:46,2025-04-09 19:36:46,28.34,129.3,177.8,11,2025-04-09 19:56:46,128.88,86.9,-2.8,Running,0,48.92,14.6,13.6,24.6,13.1,17.5,0.0,70.4,137.1,56456,6.9,49.2,14.56,3,13.92,37.9,1,1,44.6,WTH03,Adverse Weather,High,2025-04-09 18:22:46,22,Confirmed,Manual_Report,15.2,0.0,100.0,9.4,5378.0,Clear,No_Impact,Excellent,14.73,6.28,0,0,Green,75.6,65.9,45.1,Fair,4.47,24.9,Due_Soon,28,Healthy,Door_Malfunction,Moderate,19,Wednesday,4,Summer,False,True,Completed,2025-04-09 19:20:28,2025-04-09 19:22:22,0.0,4.5,Weather,False,0.0
10662,Shatabdi 7,Shatabdi,Regional,ECR,28.162229,77.216361,BPL,NGP,RTM,SEC-ECR-703,TRK-3,177.85,71.78,Up,2025-04-09 20:38:34,2025-04-09 20:42:34,6.92,46.3,2041.6,7,2025-04-09 21:52:34,229.71,62.1,6.9,Halted_Signal,22,1811.89,15.5,13.6,6.2,6.8,6.6,13.5,82.9,45.2,32001,22.0,87.0,32.71,3,3.92,17.0,1,0,9.6,CNG04,Traffic Congestion,Medium,2025-04-09 20:29:34,37,Confirmed,Control_Office,26.6,12.7,50.2,27.5,2706.0,Clear,Moderate,Good,47.27,2.65,30,1,Green,46.7,73.2,34.6,Good,3.31,90.6,Due_Soon,334,Healthy,No_Failure,No_Failure,21,Wednesday,4,Summer,False,False,Completed,2025-04-09 20:58:46,2025-04-09 20:56:04,0.0,13.3,Traffic,True,11.1
84335,Duronto 8,Duronto,Regional,SCR,34.092095,92.193821,JHS,PUNE,BCT,SEC-SCR-123,TRK-3,27.16,90.88,Up,2025-04-09 19:35:24,2025-04-09 19:50:24,17.84,108.2,1835.4,3,2025-04-09 21:58:24,624.3,94.6,-2.0,Slow_Running,0,1211.1,35.3,9.1,16.7,8.2,6.6,26.0,80.7,95.3,93324,19.9,90.8,8.24,5,41.98,3.4,0,0,25.1,CNG04,Traffic Congestion,Medium,2025-04-09 21:34:24,131,Unconfirmed,IoT_Sensor,23.6,0.8,47.5,8.7,7698.0,Fog,No_Impact,Poor,31.1,3.68,0,0,Green,67.0,63.5,23.8,Needs_Inspection,5.16,6.5,Up_to_Date,241,Healthy,No_Failure,No_Failure,21,Wednesday,4,Summer,False,False,Completed,2025-04-09 19:29:24,2025-04-09 19:30:12,0.0,-4.0,Traffic,False,0.0
73861,Duronto 43,Duronto,Long-Distance,CR,25.715099,84.806654,CSTM,PNBE,NDLS,SEC-CR-897,TRK-1,110.67,37.77,Up,2025-04-10 01:59:16,2025-04-10 02:13:16,18.36,159.7,1973.1,11,2025-04-10 02:27:16,1208.08,104.6,7.3,Halted_Signal,38,765.02,4.1,18.9,24.1,31.9,24.2,8.9,62.1,157.4,70447,-5.0,64.7,20.09,3,14.26,3.9,0,1,66.8,PSG07,Passenger Emergency,Medium,2025-04-10 01:02:16,113,Unconfirmed,IoT_Sensor,37.7,5.5,66.0,16.1,4593.0,Fog,No_Impact,Fair,37.88,3.76,0,0,Green,82.1,46.6,31.1,Fair,4.79,94.0,Up_to_Date,96,Healthy,No_Failure,No_Failure,2,Thursday,4,Summer,False,False,Completed,2025-04-10 02:31:46,2025-04-10 02:32:22,0.0,25.2,Operational,True,15.3
71423,Garib Rath 43,Garib Rath,Long-Distance,SCR,18.342318,86.221192,JP,BRC,ADI,SEC-SCR-201,TRK-2,117.6,63.57,Down,2025-04-10 06:38:01,2025-04-10 06:49:01,16.07,149.7,645.5,14,2025-04-10 09:19:01,114.85,34.1,35.8,Running,0,530.65,19.1,11.5,4.9,20.7,4.2,5.9,41.2,147.6,53314,-5.0,38.5,28.15,4,35.51,33.1,0,1,19.8,BLK08,Line Block / Engineering Work,High,2025-04-10 07:29:01,91,Confirmed,IoT_Sensor,19.6,1.5,64.8,15.0,6726.0,Clear,No_Impact,Good,43.41,3.8,0,0,Yellow,68.5,71.2,51.6,Fair,5.3,97.8,Up_to_Date,132,Healthy,No_Failure,No_Failure,9,Thursday,4,Summer,False,True,Completed,2025-04-10 07:32:07,2025-04-10 07:32:01,0.0,18.3,Infrastructure,True,8.6
21899,Freight 1,Freight,Long-Distance,WCR,9.071446,93.520543,VAPI,GWL,ADI,SEC-WCR-610,TRK-3,14.27,141.97,Up,2025-04-11 00:43:20,2025-04-11 00:51:20,22.47,129.5,1445.9,8,2025-04-11 01:33:20,322.34,86.5,4.3,Stopped_at_Station,32,1123.56,13.9,4.6,24.1,17.8,9.3,12.2,79.2,129.4,33424,16.5,64.8,9.07,5,36.49,14.0,1,0,16.8,WTH03,Adverse Weather,High,2025-04-10 23:52:20,117,Confirmed,IoT_Sensor,22.9,1.6,42.2,3.7,1059.0,Rain,No_Impact,Excellent,20.49,3.83,75,0,Green,25.8,49.5,53.1,Fair,5.27,30.7,Due_Soon,60,Healthy,No_Failure,No_Failure,1,Friday,4,Summer,False,False,Completed,2025-04-11 01:00:26,2025-04-11 01:01:08,0.0,12.8,Weather,True,6.9
37085,MEMU 1,MEMU,Long-Distance,NCR,12.978252,77.468604,RTM,ADI,ST,SEC-NCR-276,TRK-1,22.86,42.82,Up,2025-04-11 02:16:17,2025-04-11 02:30:17,16.88,66.9,2020.4,17,2025-04-11 02:51:17,1192.04,57.4,1.9,Stopped_at_Station,23,828.36,16.8,11.6,-3.0,11.5,11.0,10.6,66.6,62.5,82443,13.3,112.2,26.84,2,36.95,13.7,0,1,37.5,CNG04,Traffic Congestion,Medium,2025-04-11 00:53:17,44,Confirmed,IoT_Sensor,14.2,0.3,49.1,24.3,9624.0,Clear,No_Impact,Poor,50.97,4.87,75,0,Green,56.9,46.3,63.3,Excellent,5.32,46.1,In_Progress,285,Healthy,No_Failure,No_Failure,2,Friday,4,Summer,False,False,Completed,2025-04-11 02:36:29,2025-04-11 02:27:53,0.0,18.3,Traffic,True,12.1
38384,Passenger 35,Passenger,Premium,NER,19.004957,92.515503,VAPI,SBC,BRC,SEC-NER-874,TRK-3,118.11,105.79,Down,2025-04-11 19:33:42,2025-04-11 19:47:42,19.23,24.3,218.9,5,2025-04-11 20:26:42,60.34,64.4,10.2,Running,0,158.56,8.5,20.5,11.6,27.3,17.1,8.7,66.5,9.9,21553,13.1,71.9,25.74,0,35.95,23.4,0,1,25.6,NON00,No Delay Reported,No_Impact,,0,Not_Applicable,Not_Applicable,34.5,0.4,28.1,12.4,6097.0,Cloudy,Low,Good,59.01,3.78,0,1,Green,66.2,41.6,60.1,Excellent,4.35,81.6,Due_Soon,355,Degraded,No_Failure,No_Failure,20,Friday,4,Summer,False,True,Not_Started,,,151.9,14.0,No_Delay,True,5.8
85319,Shatabdi 5,Shatabdi,Long-Distance,NR,18.341854,68.953615,ADI,BRC,ALD,SEC-NR-845,TRK-3,169.54,153.05,Up,2025-04-11 19:30:28,2025-04-11 19:35:28,11.73,22.4,1217.6,3,2025-04-11 20:33:28,1084.23,41.5,2.0,Stopped_at_Station,22,133.37,0.7,18.6,-5.0,6.2,14.2,2.6,66.1,17.6,32725,19.3,30.1,2.51,4,7.61,16.3,0,0,13.8,NON00,No Delay Reported,No_Impact,,0,Not_Applicable,Not_Applicable,17.6,5.2,45.7,14.0,6077.0,Clear,Moderate,Fair,40.05,3.88,75,0,Double_Yellow,72.0,62.1,47.4,Excellent,5.24,61.9,Up_to_Date,224,Healthy,No_Failure,No_Failure,20,Friday,4,Summer,False,True,Completed,2025-04-11 19:46:04,2025-04-11 19:40:40,0.0,13.6,No_Delay,True,9.8
44291,DEMU 13,DEMU,Suburban,WR,30.897973,72.316596,MAS,AGC,PNBE,SEC-WR-829,TRK-3,47.67,155.65,Up,2025-04-12 16:05:50,2025-04-12 16:14:50,11.73,63.6,1305.0,9,2025-04-12 16:01:50,352.75,99.9,8.4,Running,0,952.25,19.1,11.2,6.4,8.3,20.0,5.5,52.3,68.9,75670,10.8,44.4,27.47,4,18.33,40.6,1,1,8.0,BLK08,Line Block / Engineering Work,High,2025-04-12 14:16:50,75,Auto-Detected,Station_Master,31.2,12.2,72.1,16.3,3784.0,Cloudy,Low,Fair,35.31,1.6,0,1,Double_Yellow,60.3,58.6,30.6,Critical,5.0,36.2,Up_to_Date,316,Offline,No_Failure,No_Failure,16,Saturday,4,Summer,True,False,Completed,2025-04-12 16:18:20,2025-04-12 16:23:14,0.0,4.1,Infrastructure,False,0.0
77027,Vande Bharat 28,Vande Bharat,Suburban,NER,19.710378,88.554256,CSTM,GAYA,BZA,SEC-NER-199,TRK-2,45.4,26.95,Down,2025-04-12 13:51:50,2025-04-12 13:56:50,13.22,19.8,2049.5,19,2025-04-12 16:35:50,733.25,74.3,0.2,Halted_Signal,26,1316.25,5.6,23.1,9.0,31.9,8.0,9.9,61.7,6.8,14305,25.0,74.5,32.16,4,31.28,12.9,1,0,42.1,WTH03,Adverse Weather,High,2025-04-12 15:21:50,142,Confirmed,ML_Inference,37.5,0.0,5.0,26.9,20.0,Rain,No_Impact,Excellent,57.66,2.39,0,0,Green,39.5,65.2,46.4,Fair,5.05,66.8,Up_to_Date,298,Healthy,No_Failure,No_Failure,16,Saturday,4,Summer,True,False,In_Transit,2025-04-12 14:04:26,,1066.6,12.4,Weather,True,5.9
21137,Shatabdi 28,Shatabdi,Premium,ECoR,22.891434,84.669776,VAPI,CNB,CSTM,SEC-ECoR-846,TRK-2,172.61,53.87,Down,2025-04-12 17:15:12,2025-04-12 17:23:12,11.01,79.4,107.9,16,2025-04-12 18:28:12,64.28,43.5,-3.0,Halted_Signal,44,43.62,11.7,0.4,-3.2,7.1,8.0,19.6,47.4,81.9,26388,-5.0,63.5,15.86,5,2.9,22.7,1,1,29.5,TRK02,Track Maintenance,Medium,2025-04-12 17:09:12,98,Confirmed,Control_Office,25.3,10.8,25.3,2.0,2155.0,Clear,No_Impact,Good,25.8,3.33,45,1,Green,59.7,65.1,34.2,Good,5.51,33.8,In_Progress,12,Degraded,No_Failure,No_Failure,18,Saturday,4,Summer,True,True,Completed,2025-04-12 17:29:48,2025-04-12 17:40:18,0.0,17.6,Infrastructure,True,9.4
95421,Garib Rath 36,Garib Rath,Long-Distance,NWR,17.138944,75.216252,GWL,KOTA,JP,SEC-NWR-507,TRK-2,175.67,46.65,Up,2025-04-13 14:19:28,2025-04-13 14:35:28,24.88,140.0,1810.9,4,2025-04-13 15:04:28,1132.47,64.9,22.7,Departed_Late,0,678.43,11.0,14.7,1.5,14.4,23.9,29.5,64.0,137.3,93120,18.3,42.6,6.17,2,16.76,33.3,1,0,23.6,WTH03,Adverse Weather,High,2025-04-13 13:47:28,153,Unconfirmed,Control_Office,34.0,3.6,58.0,7.8,7231.0,Cloudy,No_Impact,Fair,42.36,0.0,0,0,Yellow,75.1,59.2,59.9,Good,5.14,91.6,Up_to_Date,19,Offline,No_Failure,No_Failure,15,Sunday,4,Summer,True,False,In_Transit,2025-04-13 14:35:58,,625.3,-6.2,Weather,False,0.0
11311,Duronto 11,Duronto,Suburban,SR,29.068226,72.004667,NDLS,GAYA,ADI,SEC-SR-380,TRK-1,104.98,57.2,Up,2025-04-13 13:49:11,2025-04-13 14:01:11,25.69,66.8,1984.2,3,2025-04-13 15:54:11,1240.82,84.6,18.5,Running,0,743.38,15.3,19.9,0.4,18.2,11.6,16.1,64.2,64.9,92819,9.6,62.8,6.88,2,3.89,9.2,1,1,32.8,MEC06,Mechanical Failure,High,2025-04-13 14:53:11,150,Confirmed,Station_Master,38.8,0.0,54.6,0.0,3826.0,Rain,Moderate,Excellent,41.5,4.74,75,0,Green,77.5,85.1,55.4,Excellent,4.78,43.7,In_Progress,217,Healthy,No_Failure,No_Failure,15,Sunday,4,Summer,True,False,Completed,2025-04-13 14:31:29,2025-04-13 14:23:29,0.0,23.8,Mechanical,True,20.7
80232,Duronto 38,Duronto,Freight,SECR,16.78407,88.792029,BCT,TDL,ADI,SEC-SECR-668,TRK-3,41.58,92.21,Up,2025-04-13 21:42:58,2025-04-13 21:47:58,23.27,10.0,543.5,16,2025-04-13 23:18:58,521.88,32.0,2.5,Running,0,21.62,18.6,12.5,2.5,8.4,11.0,20.0,42.2,5.8,14318,12.3,88.6,24.87,4,4.12,21.9,1,1,18.9,NON00,No Delay Reported,No_Impact,,0,Not_Applicable,Not_Applicable,5.8,0.0,35.8,7.2,5670.0,Clear,No_Impact,Poor,32.51,2.72,60,0,Red,65.4,61.9,46.5,Excellent,5.84,95.0,In_Progress,353,Healthy,No_Failure,No_Failure,23,Sunday,4,Summer,True,False,Completed,2025-04-13 22:07:28,2025-04-13 22:04:34,0.0,22.0,No_Delay,True,11.3
18406,Mail 2,Mail,Regional,SER,19.2737,74.992618,SBC,BCT,GAYA,SEC-SER-713,TRK-2,169.71,86.69,Up,2025-04-13 23:56:50,2025-04-14 00:04:50,15.77,144.6,766.6,1,2025-04-14 02:32:50,251.52,106.9,-1.5,Running,0,515.08,4.3,10.7,-4.1,14.1,11.6,7.9,94.3,134.9,17861,-0.1,35.7,32.85,3,10.65,8.3,0,1,45.7,TRK02,Track Maintenance,Medium,2025-04-14 00:45:50,19,Confirmed,Manual_Report,17.4,12.7,41.4,11.1,8461.0,Clear,Moderate,Excellent,39.53,4.03,0,0,Yellow,80.8,37.9,49.9,Good,4.81,90.0,Up_to_Date,125,Faulty,No_Failure,No_Failure,2,Monday,4,Summer,False,False,Completed,2025-04-14 00:09:20,2025-04-14 00:09:14,0.0,14.0,Infrastructure,True,10.3
51019,MEMU 8,MEMU,Long-Distance,WCR,29.514559,68.901697,DHN,PUNE,LKO,SEC-WCR-790,TRK-1,89.75,177.9,Up,2025-04-15 01:53:59,2025-04-15 02:03:59,4.78,48.8,534.8,2,2025-04-15 04:22:59,351.04,6.8,12.4,Running,0,183.76,-3.8,5.4,9.1,14.2,4.3,0.0,46.5,46.7,31422,-5.0,54.7,24.75,4,27.42,42.9,1,1,36.3,SIG01,Signal Failure,High,2025-04-15 03:16:59,22,Confirmed,ML_Inference,26.5,1.0,62.9,1.3,3298.0,Clear,Moderate,Fair,18.23,1.53,0,0,Double_Yellow,67.3,51.9,31.7,Needs_Inspection,5.45,88.5,Overdue,234,Healthy,Brake_Wear,Critical,4,Tuesday,4,Summer,False,False,In_Transit,2025-04-15 02:30:17,,1628.6,23.9,No_Delay,True,21.5
49304,MEMU 20,MEMU,Regional,ECoR,17.978276,91.177696,ALD,MAS,MGS,SEC-ECoR-978,TRK-3,4.57,54.58,Down,2025-04-15 14:14:08,2025-04-15 14:27:08,18.4,32.3,1944.0,0,2025-04-15 14:09:08,810.24,77.6,10.7,Running,0,1133.76,-5.0,4.3,-5.0,12.8,12.4,10.6,67.1,33.7,15804,5.6,74.9,30.39,3,29.18,40.6,1,1,46.2,BLK08,Line Block / Engineering Work,High,2025-04-15 13:18:08,134,Auto-Detected,ML_Inference,30.3,2.3,41.7,14.0,5543.0,Storm,No_Impact,Good,47.41,2.93,60,1,Green,43.1,70.8,42.7,Needs_Inspection,5.78,51.7,Up_to_Date,352,Healthy,Bearing_Overheat,Critical,14,Tuesday,4,Summer,False,False,In_Transit,2025-04-15 14:48:14,,883.6,23.4,Infrastructure,True,11.0
51664,Garib Rath 20,Garib Rath,Suburban,CR,29.617736,80.46027,ASN,NGP,MGS,SEC-CR-652,TRK-3,144.85,76.36,Up,2025-04-17 12:27:52,2025-04-17 12:37:52,23.2,173.0,568.3,11,2025-04-17 14:28:52,400.09,57.2,33.7,Slow_Running,0,168.21,5.7,2.3,12.1,16.7,6.8,17.1,54.5,164.6,94791,5.5,93.1,34.4,0,25.77,20.5,0,1,55.4,PSG07,Passenger Emergency,Medium,2025-04-17 13:08:52,130,Confirmed,Control_Office,30.0,0.0,50.5,14.9,8825.0,Cloudy,No_Impact,Good,24.0,4.49,60,0,Yellow,58.1,60.4,64.9,Fair,5.8,47.4,Up_to_Date,351,Faulty,Electrical_Fault,Minor,14,Thursday,4,Summer,False,False,Completed,2025-04-17 13:46:46,2025-04-17 13:51:28,0.0,45.2,Operational,True,30.1
56146,Superfast 33,Superfast,Long-Distance,WR,12.779374,86.034056,SC,MGS,PNBE,SEC-WR-955,TRK-1,39.77,139.28,Down,2025-04-17 14:48:44,2025-04-17 14:53:44,25.89,164.5,386.1,8,2025-04-17 15:26:44,93.92,100.8,-1.2,Slow_Running,0,292.18,2.3,12.4,19.8,9.5,7.6,18.8,59.0,165.3,41571,19.5,91.5,16.77,4,5.32,16.7,1,1,21.3,BLK08,Line Block / Engineering Work,High,2025-04-17 14:32:44,122,Confirmed,Manual_Report,24.6,0.5,42.9,29.0,9127.0,Fog,No_Impact,Poor,56.95,2.86,45,1,Red,84.8,52.8,55.3,Excellent,5.24,99.3,Up_to_Date,30,Healthy,Brake_Wear,Critical,15,Thursday,4,Summer,False,False,Completed,2025-04-17 14:50:02,2025-04-17 14:59:14,0.0,2.5,Infrastructure,False,0.0
58625,Vande Bharat 27,Vande Bharat,Suburban,SWR,12.092783,72.530792,VAPI,GAYA,JHS,SEC-SWR-946,TRK-3,66.17,95.06,Up,2025-04-18 14:50:34,2025-04-18 14:52:34,4.82,153.4,892.1,2,2025-04-18 14:52:34,129.55,61.0,4.0,Departed_Late,0,762.55,-3.9,21.4,1.2,10.4,11.6,20.1,72.1,148.1,55155,6.3,25.2,12.26,4,15.93,19.9,0,0,23.7,WTH03,Adverse Weather,High,2025-04-18 14:21:34,62,Confirmed,IoT_Sensor,20.1,1.7,69.1,20.0,7735.0,Cloudy,No_Impact,Poor,32.62,4.5,0,0,Green,56.5,54.3,20.0,Needs_Inspection,7.02,68.7,Up_to_Date,210,Healthy,No_Failure,No_Failure,14,Friday,4,Summer,False,False,In_Transit,2025-04-18 14:58:46,,751.3,4.2,Weather,False,0.0
46362,Superfast 46,Superfast,Long-Distance,ECR,12.919929,70.020503,DHN,ALD,BRC,SEC-ECR-672,TRK-2,170.8,69.82,Down,2025-04-18 18:35:34,2025-04-18 18:50:34,5.12,118.9,2074.3,5,2025-04-18 19:36:34,496.86,67.1,27.0,Running,0,1577.44,9.5,32.9,13.7,16.9,13.9,0.0,83.4,114.6,78731,1.0,79.5,33.89,1,10.7,8.3,1,1,37.7,ANI09,Animal / Obstruction on Track,Medium,2025-04-18 18:01:34,86,Auto-Detected,ML_Inference,24.8,11.3,69.0,21.0,7965.0,Haze,Low,Poor,45.28,2.16,0,0,Auto,80.4,92.9,41.5,Fair,6.65,35.1,Up_to_Date,135,Degraded,No_Failure,No_Failure,19,Friday,4,Summer,False,True,Completed,2025-04-18 19:22:22,2025-04-18 19:16:04,0.0,19.8,Traffic,True,10.1
69548,Express 41,Express,Long-Distance,NWR,8.9621,71.886585,BRC,GAYA,KOTA,SEC-NWR-850,TRK-3,157.71,148.1,Down,2025-04-18 20:11:59,2025-04-18 20:20:59,5.57,81.1,2061.2,5,2025-04-18 20:27:59,1392.79,71.5,21.9,Running,0,668.41,8.7,12.1,11.7,4.4,12.7,22.1,78.0,91.1,57075,8.8,69.2,38.28,5,8.94,21.4,1,1,11.6,TRK02,Track Maintenance,Medium,2025-04-18 18:39:59,71,Unconfirmed,ML_Inference,16.7,0.0,53.6,25.4,5242.0,Cloudy,Low,Fair,32.63,1.89,60,0,Yellow,81.4,47.0,70.6,Needs_Inspection,5.71,32.6,Up_to_Date,75,Healthy,No_Failure,No_Failure,20,Friday,4,Summer,False,True,Completed,2025-04-18 20:53:41,2025-04-18 21:01:53,0.0,19.8,Infrastructure,True,13.2
32165,Duronto 45,Duronto,Premium,SWR,34.246718,94.702812,LKO,PUNE,JHS,SEC-SWR-570,TRK-3,172.24,178.84,Up,2025-04-19 04:02:30,2025-04-19 04:17:30,19.53,61.6,806.8,12,2025-04-19 05:14:30,453.21,99.7,3.4,Stopped_at_Station,3,353.59,11.6,0.3,18.3,7.5,5.2,8.1,95.8,58.0,47164,20.6,69.7,18.76,2,11.3,12.7,1,0,39.0,SIG01,Signal Failure,High,2025-04-19 04:30:30,135,Confirmed,Control_Office,38.5,0.7,53.5,9.8,6824.0,Clear,No_Impact,Good,44.59,3.46,60,0,Green,41.5,42.4,59.2,Critical,5.14,98.4,Up_to_Date,302,Healthy,No_Failure,No_Failure,5,Saturday,4,Summer,True,False,Completed,2025-04-19 04:34:12,2025-04-19 04:34:42,0.0,28.3,No_Delay,True,13.2
71603,Vande Bharat 10,Vande Bharat,Long-Distance,SR,22.947903,82.969702,GAYA,NDLS,KOTA,SEC-SR-440,TRK-1,47.22,103.9,Down,2025-04-19 05:18:09,2025-04-19 05:29:09,1.96,147.2,833.6,17,2025-04-19 06:59:09,162.74,44.0,18.9,Slow_Running,0,670.86,23.3,12.3,9.5,17.5,13.4,7.8,63.7,135.7,88802,9.5,95.6,14.9,4,33.58,23.1,1,1,28.6,NON00,No Delay Reported,No_Impact,,0,Not_Applicable,Not_Applicable,31.5,4.3,63.4,19.4,10000.0,Storm,Low,Fair,63.25,4.04,0,0,Green,68.9,62.1,42.3,Excellent,5.14,36.7,Due_Soon,12,Faulty,No_Failure,No_Failure,6,Saturday,4,Summer,True,False,Completed,2025-04-19 05:48:09,2025-04-19 05:47:45,0.0,11.1,No_Delay,True,5.8
34889,Freight 48,Freight,Long-Distance,NFR,34.394418,69.454282,JP,GAYA,BRC,SEC-NFR-217,TRK-1,12.22,161.27,Down,2025-04-19 04:47:50,2025-04-19 05:01:50,12.67,77.9,1452.0,16,2025-04-19 07:15:50,719.6,41.7,-2.7,Slow_Running,0,732.4,21.4,5.1,20.7,33.1,4.2,23.3,80.9,72.5,37284,20.2,104.4,31.67,5,31.96,33.1,1,0,52.8,CNG04,Traffic Congestion,Medium,2025-04-19 06:58:50,12,Auto-Detected,Manual_Report,25.3,2.2,36.7,6.9,5278.0,Fog,No_Impact,Fair,40.6,1.81,60,1,Green,98.8,44.9,40.1,Critical,6.8,30.3,Due_Soon,356,Healthy,No_Failure,No_Failure,7,Saturday,4,Summer,True,True,Completed,2025-04-19 05:02:08,2025-04-19 04:57:20,0.0,17.0,Traffic,True,11.2
15743,Vande Bharat 42,Vande Bharat,Long-Distance,ER,26.711612,79.692674,BPL,TDL,GWL,SEC-ER-704,TRK-3,43.06,65.16,Down,2025-04-19 10:20:05,2025-04-19 10:38:05,34.39,86.7,1368.8,11,2025-04-19 12:21:05,225.12,62.0,41.5,Running,0,1143.68,5.0,18.8,15.5,24.6,12.3,9.9,68.4,85.8,18756,21.8,107.3,31.87,0,17.24,16.0,1,0,6.0,WTH03,Adverse Weather,High,2025-04-19 11:41:05,25,Confirmed,ML_Inference,17.4,18.4,74.5,0.0,6181.0,Haze,Moderate,Good,43.49,3.79,0,0,Green,58.7,45.9,69.2,Excellent,5.09,78.7,Due_Soon,217,Healthy,No_Failure,No_Failure,12,Saturday,4,Summer,True,False,Completed,2025-04-19 11:17:35,2025-04-19 11:20:17,0.0,16.0,Weather,True,6.7
60804,Passenger 13,Passenger,Freight,SECR,24.133407,72.952875,MAS,ALD,GWL,SEC-SECR-280,TRK-1,112.67,23.35,Up,2025-04-19 15:22:01,2025-04-19 15:41:01,11.11,155.5,272.9,17,2025-04-19 15:16:01,124.87,5.3,10.5,Running,0,148.03,33.1,28.8,13.1,21.9,6.8,19.2,74.1,153.4,27529,1.6,47.6,21.62,1,19.38,25.8,1,1,33.8,MEC06,Mechanical Failure,High,2025-04-19 14:28:01,51,Auto-Detected,IoT_Sensor,22.7,0.0,63.4,15.7,5927.0,Rain,Low,Excellent,31.77,0.0,0,1,Auto,69.2,42.4,39.3,Good,4.29,13.9,Up_to_Date,231,Healthy,No_Failure,No_Failure,15,Saturday,4,Summer,True,False,Completed,2025-04-19 15:59:07,2025-04-19 15:59:19,0.0,26.6,Mechanical,True,10.8
78964,Mail 3,Mail,Premium,SWR,12.201046,93.639422,NDLS,GAYA,TDL,SEC-SWR-461,TRK-2,84.16,88.81,Down,2025-04-19 22:23:16,2025-04-19 22:34:16,15.81,135.9,736.5,7,2025-04-19 22:52:16,404.18,78.5,18.1,Halted_Signal,44,332.32,29.7,4.3,18.6,15.7,33.4,16.3,48.4,129.2,53019,8.2,77.2,38.41,0,28.4,7.1,1,0,18.5,WTH03,Adverse Weather,High,2025-04-19 21:52:16,47,Auto-Detected,Control_Office,22.9,2.2,91.7,28.6,2165.0,Clear,Low,Good,41.39,1.63,0,0,Green,87.6,47.4,73.7,Excellent,4.74,52.1,Up_to_Date,87,Healthy,No_Failure,No_Failure,22,Saturday,4,Summer,True,False,Completed,2025-04-19 22:59:58,2025-04-19 23:05:10,0.0,18.6,Weather,True,13.7
52440,Freight 14,Freight,Long-Distance,SCR,12.947341,94.586806,AGC,BZA,MGS,SEC-SCR-671,TRK-3,48.33,176.68,Up,2025-04-19 22:29:50,2025-04-19 22:47:50,12.33,76.0,1632.9,19,2025-04-20 00:11:50,42.14,55.8,-1.4,Running,0,1590.76,2.9,0.8,7.3,20.7,14.3,13.8,43.4,78.0,14377,24.6,84.6,0.85,2,31.89,43.5,1,1,30.8,NON00,No Delay Reported,No_Impact,,0,Not_Applicable,Not_Applicable,27.5,1.8,52.5,10.7,8015.0,Cloudy,Moderate,Poor,52.38,4.8,75,0,Green,39.8,88.7,33.3,Good,4.46,87.9,Overdue,91,Degraded,Brake_Wear,Moderate,0,Sunday,4,Summer,True,False,Completed,2025-04-19 22:27:44,2025-04-19 22:30:32,0.0,-0.7,No_Delay,False,0.0
53008,Rajdhani 20,Rajdhani,Premium,NR,15.354045,95.250404,RTM,BRC,HWH,SEC-NR-219,TRK-3,172.88,41.96,Up,2025-04-20 23:08:32,2025-04-20 23:26:32,20.15,56.4,1273.0,13,2025-04-21 01:11:32,343.74,54.3,10.0,Running,0,929.26,19.1,13.1,-2.7,17.8,6.2,6.7,57.2,48.7,76013,-5.0,69.1,0.98,5,36.95,37.9,0,1,32.6,LCB05,Late Crew Boarding,Low,2025-04-21 00:03:32,117,Confirmed,IoT_Sensor,27.0,0.4,44.8,15.2,1563.0,Clear,Low,Poor,44.77,3.03,0,1,Green,61.3,64.1,30.3,Good,3.91,13.9,In_Progress,314,Faulty,No_Failure,No_Failure,1,Monday,4,Summer,False,False,Completed,2025-04-20 23:18:50,2025-04-20 23:20:32,0.0,0.3,Operational,False,0.0
94312,Superfast 22,Superfast,Suburban,ECoR,30.956308,77.622986,NGP,BCT,VAPI,SEC-ECoR-128,TRK-3,168.85,23.83,Down,2025-04-21 04:51:53,2025-04-21 05:04:53,25.22,41.6,1694.0,1,2025-04-21 05:33:53,64.69,101.1,54.8,Stopped_at_Station,15,1629.31,-5.0,8.5,-2.5,12.0,11.0,8.8,67.6,40.6,65241,3.2,58.6,19.57,1,44.73,33.0,1,1,21.3,PSG07,Passenger Emergency,Medium,2025-04-21 03:56:53,19,Auto-Detected,ML_Inference,34.4,3.8,39.8,22.6,3570.0,Clear,No_Impact,Fair,33.49,4.43,0,0,Double_Yellow,100.0,41.9,57.0,Excellent,2.86,39.1,Up_to_Date,323,Healthy,No_Failure,No_Failure,5,Monday,4,Summer,False,False,Completed,2025-04-21 05:59:29,2025-04-21 05:52:23,0.0,12.8,Operational,True,5.8
88749,Garib Rath 43,Garib Rath,Long-Distance,SR,32.534818,89.137056,SBC,JP,PUNE,SEC-SR-281,TRK-3,179.1,71.08,Down,2025-04-21 08:40:47,2025-04-21 08:51:47,21.04,72.7,1809.9,11,2025-04-21 10:39:47,1674.94,85.9,3.3,Departed_Late,0,134.96,-4.3,14.2,5.3,13.9,0.0,3.4,59.1,75.4,99338,25.3,53.6,31.94,5,20.9,40.0,1,1,10.2,PSG07,Passenger Emergency,Medium,2025-04-21 09:43:47,49,Confirmed,ML_Inference,27.0,0.0,59.1,14.8,8354.0,Clear,No_Impact,Excellent,44.61,3.0,0,0,Green,87.1,77.0,49.6,Good,5.65,96.5,Overdue,281,Healthy,No_Failure,No_Failure,10,Monday,4,Summer,False,False,Completed,2025-04-21 08:48:05,2025-04-21 08:47:47,0.0,4.0,Operational,False,0.0
73046,Express 37,Express,Long-Distance,SER,28.265192,72.355535,BZA,ST,CSTM,SEC-SER-586,TRK-2,57.92,80.71,Down,2025-04-21 15:28:30,2025-04-21 15:36:30,4.36,36.4,1341.0,11,2025-04-21 18:13:30,459.12,55.3,4.7,Terminated,0,881.88,9.4,27.8,1.1,12.1,6.2,10.5,70.2,33.4,21014,-1.0,43.4,22.81,0,30.61,29.6,1,1,46.8,LCB05,Late Crew Boarding,Low,2025-04-21 16:35:30,35,Unconfirmed,Manual_Report,19.5,6.3,62.6,15.8,2494.0,Haze,Severe,Good,20.29,3.96,0,1,Green,95.0,59.4,67.8,Good,5.03,5.3,In_Progress,194,Healthy,HVAC_Failure,Minor,18,Monday,4,Summer,True,True,Completed,2025-04-21 15:26:12,2025-04-21 15:22:30,0.0,-7.0,Operational,False,0.0
11417,Rajdhani 8,Rajdhani,Regional,NFR,32.616645,79.724291,BZA,CSTM,ADI,SEC-NFR-555,TRK-3,44.67,27.49,Up,2025-04-22 07:12:35,2025-04-22 07:16:35,18.6,65.4,1373.1,14,2025-04-22 09:03:35,826.73,52.7,-1.1,Running,0,546.37,5.3,7.6,22.0,17.5,17.2,5.2,52.2,63.1,49789,8.5,43.1,0.69,2,26.41,24.2,1,1,17.2,TRK02,Track Maintenance,Medium,2025-04-22 08:27:35,170,Auto-Detected,Station_Master,25.9,2.4,39.8,12.3,4654.0,Clear,No_Impact,Excellent,32.45,2.33,100,1,Auto,66.1,54.8,63.4,Fair,4.53,49.7,In_Progress,292,Degraded,No_Failure,No_Failure,9,Tuesday,4,Summer,False,True,Completed,2025-04-22 07:09:41,2025-04-22 07:09:41,0.0,-1.8,Infrastructure,False,0.0
72531,Express 27,Express,Long-Distance,ECR,19.12498,80.142725,MAS,RTM,ST,SEC-ECR-181,TRK-1,72.71,171.72,Up,2025-04-22 13:55:32,2025-04-22 14:09:32,23.2,71.1,470.2,18,2025-04-22 16:42:32,329.26,52.4,-1.9,Running,0,140.94,16.6,-5.0,20.4,28.1,14.9,6.6,58.8,77.9,31148,5.1,77.0,3.22,3,22.28,12.8,0,0,10.8,NON00,No Delay Reported,No_Impact,,0,Not_Applicable,Not_Applicable,40.2,7.0,11.6,8.2,10000.0,Fog,No_Impact,Poor,43.21,2.34,30,1,Green,81.1,72.3,55.4,Excellent,5.11,23.8,Due_Soon,46,Healthy,No_Failure,No_Failure,16,Tuesday,4,Summer,False,False,In_Transit,2025-04-22 13:50:56,,160.6,-2.7,No_Delay,False,0.0
70155,Shatabdi 47,Shatabdi,Suburban,NER,16.807994,91.249037,CNB,PNBE,ALD,SEC-NER-921,TRK-2,108.99,132.39,Up,2025-04-22 20:22:22,2025-04-22 20:26:22,28.34,103.0,1173.6,1,2025-04-22 21:48:22,542.9,46.0,0.7,Running,0,630.7,6.3,17.0,17.9,6.8,12.4,13.3,70.3,115.6,68338,21.9,49.2,28.87,5,46.68,8.5,0,1,47.6,ANI09,Animal / Obstruction on Track,Medium,2025-04-22 19:54:22,113,Confirmed,Manual_Report,30.0,0.0,49.4,9.9,10000.0,Cloudy,No_Impact,Excellent,36.97,1.94,0,0,Green,72.2,50.1,37.8,Good,5.62,10.7,Due_Soon,177,Healthy,Brake_Wear,Moderate,21,Tuesday,4,Summer,False,False,In_Transit,2025-04-22 20:34:04,,826.0,11.0,Traffic,True,6.6
21046,Rajdhani 38,Rajdhani,Long-Distance,WCR,32.723971,94.614608,BZA,ADI,NDLS,SEC-WCR-512,TRK-1,86.8,80.0,Up,2025-04-23 03:04:55,2025-04-23 03:12:55,35.91,136.1,2086.3,16,2025-04-23 03:01:55,2035.19,24.5,16.5,Departed_Late,0,51.11,26.3,20.4,-4.7,21.7,14.1,1.1,51.1,130.9,99058,-1.4,41.1,2.68,1,46.11,13.4,1,0,25.1,WTH03,Adverse Weather,High,2025-04-23 02:36:55,112,Auto-Detected,IoT_Sensor,30.0,0.0,71.9,17.4,6911.0,Clear,Low,Good,40.85,2.43,0,0,Yellow,86.9,80.9,55.6,Good,5.62,69.7,Due_Soon,348,Healthy,Axle_Fault,Minor,3,Wednesday,4,Summer,False,False,Completed,2025-04-23 03:29:25,2025-04-23 03:32:01,0.0,8.0,Weather,False,0.0
13122,MEMU 9,MEMU,Long-Distance,ECR,27.479632,69.390368,BPL,ADI,AGC,SEC-ECR-293,TRK-2,123.89,78.3,Up,2025-04-23 04:40:10,2025-04-23 04:57:10,6.17,115.2,664.5,13,2025-04-23 05:03:10,468.5,103.5,3.4,Running,0,196.0,-5.0,16.8,21.2,4.8,14.0,12.6,58.5,122.1,67517,8.2,31.0,12.74,5,20.97,39.4,0,0,7.0,NON00,No Delay Reported,No_Impact,,0,Not_Applicable,Not_Applicable,15.7,5.3,42.5,16.9,4736.0,Clear,No_Impact,Fair,26.71,3.9,0,0,Double_Yellow,43.4,42.6,62.4,Needs_Inspection,5.64,97.9,Due_Soon,70,Healthy,No_Failure,No_Failure,5,Wednesday,4,Summer,False,False,Completed,2025-04-23 04:50:04,2025-04-23 04:52:10,0.0,6.5,No_Delay,False,0.0
25416,Duronto 42,Duronto,Long-Distance,SER,26.134104,79.147344,VAPI,JP,NGP,SEC-SER-854,TRK-3,64.71,88.99,Up,2025-04-23 06:02:04,2025-04-23 06:13:04,10.45,133.1,1728.2,5,2025-04-23 07:25:04,264.36,58.7,4.4,Running,0,1463.84,16.8,22.6,19.6,22.3,3.3,19.0,62.9,142.2,86230,0.9,106.8,3.53,4,43.56,29.6,1,1,22.6,CNG04,Traffic Congestion,Medium,2025-04-23 05:50:04,116,Auto-Detected,ML_Inference,15.7,6.7,64.9,9.0,8359.0,Rain,Severe,Fair,23.25,3.43,30,1,Red,64.9,34.7,20.0,Excellent,5.22,86.6,Up_to_Date,245,Healthy,Bearing_Overheat,Minor,7,Wednesday,4,Summer,False,True,Completed,2025-04-23 06:13:52,2025-04-23 06:15:22,0.0,7.4,Traffic,False,0.0
12773,Express 2,Express,Freight,NFR,9.505668,92.895168,VAPI,ALD,DHN,SEC-NFR-914,TRK-1,71.84,145.95,Up,2025-04-23 10:36:36,2025-04-23 10:39:36,28.65,52.8,1248.9,7,2025-04-23 11:19:36,1009.98,51.8,1.3,Stopped_at_Station,40,238.92,0.8,8.6,5.3,27.3,13.0,21.8,84.1,49.1,93958,-4.6,85.3,9.16,2,6.47,12.5,0,1,24.0,WTH03,Adverse Weather,High,2025-04-23 09:48:36,44,Confirmed,ML_Inference,46.1,2.2,80.4,7.4,7959.0,Haze,Low,Excellent,48.85,6.6,30,0,Yellow,67.0,42.4,37.1,Good,4.99,86.1,Due_Soon,101,Faulty,No_Failure,No_Failure,11,Wednesday,4,Summer,False,False,Completed,2025-04-23 10:45:36,2025-04-23 10:47:12,0.0,7.7,Weather,False,0.0
87463,Vande Bharat 48,Vande Bharat,Long-Distance,SWR,11.407595,78.199817,HWH,BZA,PUNE,SEC-SWR-723,TRK-2,24.18,149.1,Down,2025-04-23 10:35:20,2025-04-23 10:42:20,11.96,137.8,1448.5,12,2025-04-23 12:53:20,333.25,42.8,12.9,Stopped_at_Station,28,1115.25,7.5,16.9,2.6,27.2,12.3,4.2,77.7,137.2,74167,30.3,76.5,24.25,1,44.34,36.1,1,1,28.7,BLK08,Line Block / Engineering Work,High,2025-04-23 11:19:20,36,Unconfirmed,Control_Office,32.8,1.7,59.5,30.3,3983.0,Haze,Low,Good,38.19,4.62,0,1,Yellow,73.2,62.3,68.0,Needs_Inspection,4.57,70.4,Up_to_Date,7,Healthy,No_Failure,No_Failure,12,Wednesday,4,Summer,False,False,In_Transit,2025-04-23 10:59:50,,1566.9,11.6,Infrastructure,True,8.5
89127,DEMU 15,DEMU,Premium,NFR,11.645243,87.907548,MGS,ADI,GAYA,SEC-NFR-268,TRK-3,101.72,88.96,Up,2025-04-23 17:09:14,2025-04-23 17:24:14,25.01,38.7,1912.9,0,2025-04-23 17:55:14,379.27,87.1,21.3,Terminated,0,1533.63,11.1,16.9,7.0,8.3,16.3,13.0,65.0,35.4,79049,19.6,87.4,7.72,4,26.15,15.5,1,0,60.2,MEC06,Mechanical Failure,High,2025-04-23 17:08:14,152,Auto-Detected,Manual_Report,33.7,1.1,40.6,20.0,8699.0,Clear,No_Impact,Good,36.89,4.71,0,0,Yellow,79.6,43.2,29.1,Good,4.7,16.1,Due_Soon,157,Healthy,No_Failure,No_Failure,17,Wednesday,4,Summer,False,True,In_Transit,2025-04-23 17:33:44,,1057.4,3.2,Mechanical,False,0.0
69835,Mail 7,Mail,Long-Distance,ECoR,25.130317,89.244401,AGC,MAS,VAPI,SEC-ECoR-298,TRK-3,134.65,95.99,Up,2025-04-24 02:40:33,2025-04-24 02:49:33,32.73,174.7,1192.6,13,2025-04-24 04:44:33,332.9,87.5,22.9,Terminated,0,859.7,10.0,-5.0,13.8,16.1,15.0,9.2,74.9,176.6,23659,15.0,83.8,28.54,3,31.3,22.4,0,1,31.5,PSG07,Passenger Emergency,Medium,2025-04-24 03:31:33,33,Confirmed,Control_Office,26.7,2.1,65.3,21.8,3927.0,Clear,No_Impact,Excellent,58.05,0.8,0,0,Green,77.9,48.3,50.7,Good,4.69,60.2,Up_to_Date,216,Healthy,HVAC_Failure,Moderate,4,Thursday,4,Summer,False,False,Completed,2025-04-24 03:17:45,2025-04-24 03:15:15,0.0,14.3,Operational,True,8.7
82682,Duronto 20,Duronto,Regional,SWR,17.347739,70.903829,RTM,TDL,ST,SEC-SWR-175,TRK-2,159.6,44.15,Up,2025-04-24 04:54:58,2025-04-24 05:06:58,24.06,83.7,1692.4,2,2025-04-24 07:34:58,1090.88,84.2,8.0,Running,0,601.52,18.6,-2.1,7.3,25.9,10.1,19.7,71.9,74.6,52155,0.1,65.0,19.31,2,24.46,31.9,0,0,45.6,SIG01,Signal Failure,High,2025-04-24 05:55:58,57,Unconfirmed,Station_Master,29.8,0.0,42.7,2.5,10000.0,Fog,Severe,Fair,46.33,1.89,0,1,Double_Yellow,74.7,58.6,34.2,Good,3.67,67.6,Up_to_Date,56,Healthy,Axle_Fault,Minor,7,Thursday,4,Summer,False,True,Completed,2025-04-24 05:17:52,2025-04-24 05:18:52,0.0,14.9,No_Delay,True,6.9
57029,Mail 18,Mail,Long-Distance,CR,21.670275,81.100029,JP,HWH,BRC,SEC-CR-762,TRK-1,100.41,104.58,Down,2025-04-24 09:03:49,2025-04-24 09:11:49,28.18,84.6,1885.9,13,2025-04-24 11:56:49,1065.47,97.8,31.5,Halted_Signal,15,820.43,10.3,2.6,12.5,25.0,6.4,17.9,69.2,83.2,75642,16.1,42.3,10.79,3,24.7,39.0,0,1,31.1,LCB05,Late Crew Boarding,Low,2025-04-24 10:16:49,87,Confirmed,IoT_Sensor,31.2,6.1,36.4,12.0,9922.0,Rain,Low,Fair,29.64,5.93,0,0,Green,89.4,64.8,50.5,Good,5.67,82.8,Overdue,105,Healthy,No_Failure,No_Failure,11,Thursday,4,Summer,False,False,Completed,2025-04-24 09:53:43,2025-04-24 09:55:07,0.0,18.4,Operational,True,10.0
28246,Garib Rath 3,Garib Rath,Regional,SER,15.746963,83.071202,ST,HWH,TDL,SEC-SER-672,TRK-1,33.01,153.4,Down,2025-04-24 13:30:50,2025-04-24 13:37:50,18.79,95.0,1183.3,18,2025-04-24 16:13:50,408.63,78.1,47.0,Running,0,774.67,17.9,-1.6,30.6,2.5,10.1,8.9,75.9,80.9,95679,8.8,66.4,31.76,3,19.8,16.4,1,1,18.9,BLK08,Line Block / Engineering Work,High,2025-04-24 15:14:50,77,Unconfirmed,Control_Office,35.9,9.0,73.6,14.0,8244.0,Cloudy,Severe,Good,53.8,4.17,0,0,Yellow,58.2,55.9,48.8,Excellent,5.01,4.4,Up_to_Date,27,Faulty,Electrical_Fault,Minor,16,Thursday,4,Summer,False,False,Completed,2025-04-24 14:47:14,2025-04-24 14:49:14,0.0,29.4,Infrastructure,True,22.2
10706,Freight 35,Freight,Regional,SER,16.778835,70.963751,KOTA,GAYA,NDLS,SEC-SER-918,TRK-3,113.4,93.05,Up,2025-04-24 17:15:44,2025-04-24 17:30:44,15.02,138.3,1438.6,11,2025-04-24 17:14:44,1287.82,114.0,10.5,Halted_Signal,26,150.78,17.9,-4.9,3.9,16.6,14.5,8.6,77.9,135.6,62923,7.6,68.0,1.1,0,45.34,21.7,0,1,13.7,NON00,No Delay Reported,No_Impact,,0,Not_Applicable,Not_Applicable,34.6,5.9,57.9,8.5,5653.0,Rain,No_Impact,Good,56.34,3.45,0,1,Auto,39.5,52.5,52.4,Fair,5.31,9.9,Up_to_Date,12,Healthy,HVAC_Failure,Moderate,17,Thursday,4,Summer,False,True,Completed,2025-04-24 17:40:14,2025-04-24 17:48:32,0.0,14.0,No_Delay,True,11.4
11757,Freight 46,Freight,Regional,SR,21.735063,89.371075,ASN,BZA,ALD,SEC-SR-405,TRK-1,69.35,178.81,Up,2025-04-24 21:45:38,2025-04-24 21:49:38,9.91,82.7,344.9,16,2025-04-24 21:41:38,225.46,88.2,31.5,Running,0,119.44,6.1,5.9,2.2,6.5,12.3,7.3,61.3,75.6,43557,18.6,57.2,18.46,0,20.98,39.2,1,1,43.1,TRK02,Track Maintenance,Medium,2025-04-24 21:07:38,48,Confirmed,Manual_Report,38.3,18.4,68.0,12.6,5616.0,Clear,Low,Poor,35.24,5.5,30,0,Green,83.9,44.8,66.4,Excellent,5.0,59.4,Overdue,347,Healthy,No_Failure,No_Failure,21,Thursday,4,Summer,False,False,Not_Started,,,88.2,23.2,Infrastructure,True,20.9
23061,Passenger 27,Passenger,Premium,ECoR,32.458001,93.573629,MAS,GWL,KOTA,SEC-ECoR-333,TRK-2,38.18,49.0,Up,2025-04-25 04:16:17,2025-04-25 04:24:17,19.67,170.0,82.0,11,2025-04-25 06:56:17,1.94,109.5,0.5,Stopped_at_Station,33,80.06,24.5,-5.0,0.5,15.6,6.7,15.9,65.1,169.1,75267,29.7,67.7,12.95,0,29.87,8.3,1,1,57.5,SIG01,Signal Failure,High,2025-04-25 05:13:17,84,Unconfirmed,Manual_Report,14.1,0.0,89.6,18.0,8329.0,Cloudy,No_Impact,Fair,52.36,6.43,75,0,Green,60.7,69.0,59.2,Good,5.37,80.9,Up_to_Date,340,Healthy,No_Failure,No_Failure,6,Friday,4,Summer,False,False,Completed,2025-04-25 04:36:23,2025-04-25 04:35:17,0.0,19.6,No_Delay,True,9.8
63106,Shatabdi 21,Shatabdi,Suburban,SECR,9.255682,82.137063,BCT,KOTA,NDLS,SEC-SECR-293,TRK-1,45.66,123.48,Down,2025-04-25 04:13:28,2025-04-25 04:31:28,30.3,62.0,252.2,19,2025-04-25 07:12:28,61.75,22.5,21.8,Running,0,190.45,26.8,19.9,4.1,25.6,11.5,8.1,61.3,61.9,11877,-5.0,92.4,8.72,0,26.49,33.4,1,1,4.9,NON00,No Delay Reported,No_Impact,,0,Not_Applicable,Not_Applicable,29.3,5.6,82.3,23.4,6147.0,Cloudy,No_Impact,Good,37.21,5.24,75,0,Green,77.8,75.5,58.5,Fair,5.57,39.9,Up_to_Date,32,Healthy,No_Failure,No_Failure,7,Friday,4,Summer,False,True,Completed,2025-04-25 04:39:10,2025-04-25 04:38:58,0.0,3.9,No_Delay,False,0.0
49158,Mail 23,Mail,Regional,ECR,16.717007,69.980646,TDL,GWL,ALD,SEC-ECR-338,TRK-2,108.35,30.18,Up,2025-04-25 07:06:52,2025-04-25 07:15:52,10.0,70.2,643.8,16,2025-04-25 09:06:52,402.43,87.0,11.4,Running,0,241.37,28.2,5.4,-4.0,20.5,5.8,14.3,69.5,68.8,41670,5.9,68.7,27.0,4,23.78,12.4,0,0,58.5,PSG07,Passenger Emergency,Medium,2025-04-25 07:14:52,136,Confirmed,Manual_Report,23.8,3.1,62.3,11.7,6420.0,Clear,No_Impact,Fair,27.3,1.35,100,0,Green,76.8,62.5,23.8,Excellent,5.32,81.2,Up_to_Date,92,Healthy,No_Failure,No_Failure,9,Friday,4,Summer,False,True,Completed,2025-04-25 07:22:16,2025-04-25 07:14:22,0.0,4.0,Operational,False,0.0
25684,Rajdhani 26,Rajdhani,Premium,NR,25.459423,79.081494,ST,RTM,HWH,SEC-NR-792,TRK-3,67.6,21.17,Up,2025-04-25 17:27:44,2025-04-25 17:31:44,19.01,124.0,606.6,19,2025-04-25 18:13:44,280.57,40.1,56.8,Running,0,326.03,4.9,18.1,20.5,15.0,7.7,20.6,95.9,120.4,92257,13.7,47.5,3.84,5,11.22,19.0,1,1,27.7,BLK08,Line Block / Engineering Work,High,2025-04-25 17:51:44,32,Confirmed,Station_Master,28.3,3.2,73.4,0.1,7897.0,Clear,No_Impact,Good,42.43,3.25,0,0,Green,98.8,38.2,64.2,Fair,3.79,12.5,Up_to_Date,192,Healthy,No_Failure,No_Failure,18,Friday,4,Summer,False,True,Completed,2025-04-25 18:59:56,2025-04-25 18:51:02,0.0,35.4,Infrastructure,True,14.6
62129,Freight 46,Freight,Regional,SECR,13.163199,73.529043,PUNE,SBC,TDL,SEC-SECR-473,TRK-3,65.94,46.62,Up,2025-04-25 18:39:40,2025-04-25 18:44:40,24.39,123.3,290.9,0,2025-04-25 21:25:40,56.26,82.4,16.7,Departed_Late,0,234.64,7.4,0.8,-5.0,31.4,16.7,16.1,56.9,121.3,74789,-1.2,110.2,8.29,5,31.39,25.9,1,0,11.2,NON00,No Delay Reported,No_Impact,,0,Not_Applicable,Not_Applicable,30.6,13.8,51.5,10.4,1159.0,Clear,No_Impact,Fair,10.41,0.56,30,1,Green,95.2,46.0,33.5,Good,5.21,99.8,Up_to_Date,311,Healthy,Door_Malfunction,Moderate,21,Friday,4,Summer,False,False,Completed,2025-04-25 19:16:52,2025-04-25 19:20:22,0.0,20.5,No_Delay,True,13.6
87009,Express 17,Express,Long-Distance,CR,8.021852,75.624622,MGS,JP,SC,SEC-CR-932,TRK-1,59.37,153.25,Down,2025-04-25 19:57:37,2025-04-25 20:16:37,6.11,145.1,1336.3,8,2025-04-25 22:52:37,393.86,111.3,4.9,Running,0,942.44,9.7,11.2,28.2,24.1,20.9,19.3,91.7,154.7,69192,18.4,35.7,16.95,1,43.53,33.8,0,1,14.3,NON00,No Delay Reported,No_Impact,,0,Not_Applicable,Not_Applicable,22.0,19.0,39.8,14.8,1468.0,Storm,Low,Excellent,31.34,4.28,0,0,Green,45.9,87.7,30.0,Good,5.39,23.5,Due_Soon,203,Healthy,No_Failure,No_Failure,22,Friday,4,Summer,False,False,In_Transit,2025-04-25 19:50:01,,504.3,-12.5,No_Delay,False,0.0
18675,Vande Bharat 49,Vande Bharat,Suburban,NFR,8.344324,70.528311,NGP,DHN,ASN,SEC-NFR-390,TRK-2,11.99,17.35,Down,2025-04-26 02:12:14,2025-04-26 02:19:14,26.79,51.5,1644.3,4,2025-04-26 04:47:14,452.9,46.1,11.1,Running,0,1191.4,17.5,2.0,-3.3,17.2,7.7,18.5,83.0,52.4,12581,-1.3,69.1,27.48,1,12.91,39.7,0,1,45.0,WTH03,Adverse Weather,High,2025-04-26 04:37:14,19,Auto-Detected,IoT_Sensor,27.6,0.0,72.1,9.4,3588.0,Storm,Low,Excellent,44.15,0.43,75,0,Auto,70.7,74.6,65.2,Needs_Inspection,5.52,80.7,In_Progress,187,Healthy,No_Failure,No_Failure,4,Saturday,4,Summer,True,False,Completed,2025-04-26 02:34:08,2025-04-26 02:35:02,0.0,10.8,Weather,True,7.9
76216,Duronto 8,Duronto,Suburban,NER,28.194935,94.998395,MAS,NDLS,ST,SEC-NER-425,TRK-2,91.11,46.55,Up,2025-04-26 07:14:15,2025-04-26 07:25:15,10.4,137.1,1438.5,8,2025-04-26 09:39:15,460.39,101.0,54.0,Stopped_at_Station,37,978.11,7.5,23.7,9.0,4.1,4.3,10.2,65.0,139.0,57231,16.2,83.9,27.45,4,16.73,38.2,1,1,56.7,NON00,No Delay Reported,No_Impact,,0,Not_Applicable,Not_Applicable,17.3,10.5,78.5,0.0,5501.0,Clear,Moderate,Good,33.26,2.32,45,0,Yellow,78.4,54.7,51.2,Good,5.14,69.2,Up_to_Date,127,Healthy,No_Failure,No_Failure,9,Saturday,4,Summer,True,True,In_Transit,2025-04-26 08:40:33,,590.7,32.3,No_Delay,True,25.3
55837,MEMU 33,MEMU,Long-Distance,NR,16.243192,74.795047,MAS,ASN,BRC,SEC-NR-892,TRK-1,102.58,11.64,Up,2025-04-26 14:00:41,2025-04-26 14:11:41,6.27,121.0,1819.2,9,2025-04-26 13:55:41,7.88,67.8,-0.5,Stopped_at_Station,39,1811.32,2.0,21.1,9.2,19.4,8.2,11.6,94.6,126.5,10985,-4.7,65.3,30.5,4,30.14,40.9,1,0,39.9,BLK08,Line Block / Engineering Work,High,2025-04-26 12:37:41,47,Auto-Detected,Manual_Report,17.4,2.5,58.1,15.3,8972.0,Fog,Low,Fair,46.49,0.64,0,0,Double_Yellow,82.2,44.1,34.4,Excellent,3.77,50.1,Due_Soon,202,Degraded,No_Failure,No_Failure,13,Saturday,4,Summer,True,False,Completed,2025-04-26 14:28:41,2025-04-26 14:32:11,0.0,28.5,Infrastructure,True,17.9
42997,Shatabdi 8,Shatabdi,Regional,NER,14.47861,73.104196,NDLS,NGP,LKO,SEC-NER-788,TRK-3,156.34,12.21,Down,2025-04-26 18:29:34,2025-04-26 18:38:34,27.24,144.6,2196.0,2,2025-04-26 19:31:34,145.16,86.6,1.9,Departed_Late,0,2050.84,19.7,18.0,25.3,17.7,19.7,16.6,86.2,141.8,52738,17.2,45.2,20.45,4,49.38,40.3,1,1,11.7,BLK08,Line Block / Engineering Work,High,2025-04-26 19:06:34,110,Unconfirmed,IoT_Sensor,13.0,0.3,49.6,25.4,4384.0,Cloudy,No_Impact,Excellent,29.79,2.51,0,0,Yellow,63.5,73.0,56.9,Fair,3.89,43.0,In_Progress,348,Healthy,No_Failure,No_Failure,19,Saturday,4,Summer,True,True,Completed,2025-04-26 18:46:28,2025-04-26 18:44:10,0.0,15.0,Infrastructure,True,7.6
71747,Shatabdi 3,Shatabdi,Regional,NER,11.388883,89.863493,PNBE,SBC,DHN,SEC-NER-234,TRK-3,101.78,160.73,Up,2025-04-26 19:09:21,2025-04-26 19:11:21,34.87,25.2,384.8,13,2025-04-26 22:05:21,260.95,88.3,14.8,Running,0,123.85,-5.0,2.8,15.9,14.0,10.6,12.5,65.8,36.3,86122,3.5,80.1,9.35,2,3.09,34.8,0,1,44.6,WTH03,Adverse Weather,High,2025-04-26 21:51:21,95,Auto-Detected,Station_Master,1.6,2.3,40.0,16.5,7704.0,Cloudy,No_Impact,Excellent,16.49,6.18,60,0,Yellow,51.0,56.9,69.5,Good,5.2,23.5,In_Progress,110,Faulty,No_Failure,No_Failure,22,Saturday,4,Summer,True,False,Completed,2025-04-26 19:49:21,2025-04-26 19:43:57,0.0,25.2,Weather,True,10.3
86876,Passenger 10,Passenger,Regional,NFR,29.619584,82.002381,HWH,MAS,GAYA,SEC-NFR-657,TRK-1,42.55,59.24,Down,2025-04-27 01:09:27,2025-04-27 01:17:27,7.83,118.7,149.5,10,2025-04-27 01:41:27,79.2,42.7,29.9,Stopped_at_Station,38,70.3,8.5,10.1,12.6,13.9,14.7,1.6,66.8,124.2,75621,21.3,94.6,12.75,5,32.85,42.5,1,1,34.9,PSG07,Passenger Emergency,Medium,2025-04-26 23:50:27,81,Auto-Detected,IoT_Sensor,29.6,4.1,55.1,15.2,6025.0,Clear,No_Impact,Fair,38.83,2.75,0,0,Double_Yellow,58.7,55.0,37.6,Excellent,4.26,32.1,In_Progress,88,Healthy,No_Failure,No_Failure,1,Sunday,4,Summer,True,False,In_Transit,2025-04-27 02:03:51,,106.1,24.5,Operational,True,10.2
96569,DEMU 9,DEMU,Regional,ECoR,32.692557,71.417324,JP,NDLS,CSTM,SEC-ECoR-639,TRK-3,22.09,41.21,Down,2025-04-27 02:08:39,2025-04-27 02:20:39,20.13,18.5,1219.3,13,2025-04-27 05:02:39,1140.92,65.8,22.6,Running,0,78.38,18.5,7.4,2.6,11.9,0.0,14.8,39.3,16.9,64286,-5.0,81.1,18.66,5,10.39,31.0,1,1,25.9,NON00,No Delay Reported,No_Impact,,0,Not_Applicable,Not_Applicable,37.9,4.7,41.7,9.0,9336.0,Cloudy,No_Impact,Good,5.0,2.96,60,0,Green,66.0,28.0,28.7,Fair,4.5,39.3,Up_to_Date,31,Healthy,Bearing_Overheat,Critical,5,Sunday,4,Summer,True,False,Completed,2025-04-27 02:52:09,2025-04-27 02:55:39,0.0,20.9,No_Delay,True,13.5
78227,Mail 44,Mail,Long-Distance,CR,32.49343,89.974766,ST,NDLS,GAYA,SEC-CR-153,TRK-1,3.33,171.8,Down,2025-04-27 09:42:51,2025-04-27 09:48:51,20.56,176.2,2151.1,1,2025-04-27 10:06:51,1074.85,52.4,-1.3,Departed_Late,0,1076.25,21.5,11.6,7.7,24.5,21.1,23.0,75.7,177.9,85815,3.3,73.2,6.8,1,39.07,19.7,0,0,27.0,TRK02,Track Maintenance,Medium,2025-04-27 08:30:51,178,Confirmed,IoT_Sensor,20.7,2.3,72.1,4.6,5472.0,Cloudy,No_Impact,Good,27.37,3.64,100,1,Yellow,54.2,47.8,42.2,Excellent,4.69,88.7,Due_Soon,41,Faulty,No_Failure,No_Failure,10,Sunday,4,Summer,True,False,In_Transit,2025-04-27 09:41:33,,1232.3,0.0,Infrastructure,False,0.0
68430,Freight 22,Freight,Long-Distance,SCR,8.95466,75.650924,CNB,MGS,JP,SEC-SCR-558,TRK-2,82.9,90.0,Down,2025-04-27 17:17:40,2025-04-27 17:24:40,24.98,158.9,1777.0,11,2025-04-27 19:18:40,587.9,66.4,-2.0,Running,0,1189.1,10.6,16.7,19.4,31.1,21.9,14.4,69.7,157.2,95059,16.8,89.1,8.8,4,45.76,6.8,1,1,21.4,SIG01,Signal Failure,High,2025-04-27 17:59:40,153,Confirmed,ML_Inference,20.6,1.1,24.4,22.3,9541.0,Clear,No_Impact,Poor,35.78,2.18,0,0,Green,60.0,75.0,38.5,Good,3.52,61.6,Due_Soon,330,Healthy,No_Failure,No_Failure,19,Sunday,4,Summer,True,True,Completed,2025-04-27 17:18:34,2025-04-27 17:21:22,0.0,2.9,No_Delay,False,0.0
37355,Rajdhani 34,Rajdhani,Long-Distance,WR,28.167072,69.080502,VAPI,ADI,GAYA,SEC-WR-669,TRK-2,87.22,6.34,Down,2025-04-27 17:35:58,2025-04-27 17:54:58,24.5,45.0,1437.1,10,2025-04-27 20:02:58,575.23,86.3,-2.3,Running,0,861.87,2.4,14.7,10.1,0.4,25.8,11.9,59.2,37.9,86938,7.1,33.0,24.22,0,37.87,40.7,1,1,34.7,SIG01,Signal Failure,High,2025-04-27 19:33:58,145,Confirmed,IoT_Sensor,21.7,6.5,15.3,23.1,7995.0,Clear,No_Impact,Excellent,46.84,7.03,0,0,Green,73.8,20.0,55.1,Fair,6.43,76.6,Up_to_Date,138,Healthy,No_Failure,No_Failure,20,Sunday,4,Summer,True,True,Completed,2025-04-27 17:37:40,2025-04-27 17:36:46,0.0,4.0,No_Delay,False,0.0
72762,Express 19,Express,Long-Distance,NWR,34.47456,83.300446,BPL,JHS,BCT,SEC-NWR-795,TRK-2,104.11,131.21,Down,2025-04-27 20:50:01,2025-04-27 21:06:01,33.79,37.0,1638.6,3,2025-04-27 21:47:01,690.21,119.6,20.4,Running,0,948.39,2.8,14.6,25.7,14.8,21.9,1.3,43.5,48.2,42053,23.5,80.9,17.45,5,24.71,20.0,1,0,43.2,PSG07,Passenger Emergency,Medium,2025-04-27 20:03:01,145,Unconfirmed,Manual_Report,30.1,0.0,38.5,0.0,4085.0,Clear,Low,Good,25.32,6.93,30,0,Auto,99.9,53.1,38.6,Good,5.48,9.0,Overdue,159,Healthy,No_Failure,No_Failure,21,Sunday,4,Summer,True,False,Completed,2025-04-27 21:38:01,2025-04-27 21:38:37,0.0,27.6,Operational,True,11.2
71782,Passenger 35,Passenger,Premium,CR,31.030935,69.328541,ST,LKO,MAS,SEC-CR-402,TRK-1,171.24,11.29,Up,2025-04-28 08:35:04,2025-04-28 08:42:04,22.46,101.0,1092.5,14,2025-04-28 09:21:04,991.2,85.7,1.8,Stopped_at_Station,40,101.3,17.0,14.7,16.4,16.2,9.6,7.8,97.5,100.4,85976,22.7,35.1,22.07,4,47.32,15.8,1,1,49.3,NON00,No Delay Reported,No_Impact,,0,Not_Applicable,Not_Applicable,21.2,0.8,51.9,10.6,4313.0,Cloudy,Low,Excellent,31.82,3.43,0,1,Green,95.4,61.1,54.6,Good,4.66,82.4,Due_Soon,160,Healthy,No_Failure,No_Failure,9,Monday,4,Summer,False,True,Completed,2025-04-28 08:45:46,2025-04-28 08:47:58,0.0,8.9,No_Delay,False,0.0
34347,Rajdhani 47,Rajdhani,Long-Distance,ECR,21.535047,76.648861,CSTM,DHN,LKO,SEC-ECR-138,TRK-2,47.03,62.1,Up,2025-04-28 14:36:52,2025-04-28 14:41:52,6.93,48.7,2111.5,19,2025-04-28 16:28:52,1383.92,49.1,54.3,Terminated,0,727.58,1.1,19.3,-1.8,8.2,0.8,14.2,54.8,44.9,83955,13.3,105.9,10.25,3,27.02,44.8,1,0,15.5,NON00,No Delay Reported,No_Impact,,0,Not_Applicable,Not_Applicable,28.6,1.4,64.0,1.2,761.0,Heavy_Rain,No_Impact,Good,46.55,3.96,0,0,Green,100.0,56.9,20.7,Good,6.18,32.4,Up_to_Date,198,Healthy,No_Failure,No_Failure,16,Monday,4,Summer,False,False,Completed,2025-04-28 15:55:16,2025-04-28 15:57:46,0.0,24.1,No_Delay,True,17.2
57137,Garib Rath 23,Garib Rath,Long-Distance,WCR,14.801911,70.753472,RTM,GWL,VAPI,SEC-WCR-585,TRK-2,124.49,33.15,Up,2025-04-28 18:32:55,2025-04-28 18:50:55,28.47,69.1,1588.5,9,2025-04-28 18:30:55,1255.6,58.7,-1.7,Stopped_at_Station,29,332.9,19.4,0.1,23.9,17.2,2.3,18.7,74.9,67.8,19500,10.3,65.1,6.34,0,26.76,28.6,1,1,37.0,TRK02,Track Maintenance,Medium,2025-04-28 18:19:55,108,Confirmed,ML_Inference,38.2,0.5,49.2,17.9,7348.0,Clear,No_Impact,Fair,40.54,4.42,75,0,Green,64.5,46.9,41.0,Excellent,4.91,66.5,Up_to_Date,294,Healthy,No_Failure,No_Failure,18,Monday,4,Summer,False,True,Completed,2025-04-28 18:34:49,2025-04-28 18:33:55,0.0,3.6,Infrastructure,False,0.0
52063,Duronto 11,Duronto,Long-Distance,CR,18.851812,69.65422,KOTA,DHN,MGS,SEC-CR-763,TRK-3,12.06,61.93,Up,2025-04-29 19:44:39,2025-04-29 19:58:39,30.63,82.2,1858.8,6,2025-04-29 22:13:39,161.7,65.0,4.0,Running,0,1697.1,19.1,5.6,17.3,0.7,0.0,0.5,50.7,79.5,43052,28.5,53.1,8.4,2,17.73,9.3,1,1,70.0,NON00,No Delay Reported,No_Impact,,0,Not_Applicable,Not_Applicable,31.3,8.8,50.9,9.8,10000.0,Rain,No_Impact,Under_Repair,39.44,1.9,0,0,Yellow,52.8,59.7,70.0,Needs_Inspection,4.5,92.0,Overdue,13,Healthy,Door_Malfunction,Moderate,22,Tuesday,4,Summer,False,False,Completed,2025-04-29 19:48:15,2025-04-29 19:47:21,0.0,-0.4,No_Delay,False,0.0
40440,MEMU 48,MEMU,Long-Distance,SER,31.456816,92.709662,TDL,BRC,ALD,SEC-SER-643,TRK-1,47.78,3.96,Up,2025-04-30 02:35:43,2025-04-30 02:37:43,22.89,65.1,1857.7,17,2025-04-30 04:40:43,613.76,75.4,18.8,Stopped_at_Station,12,1243.94,19.1,19.9,11.5,0.0,4.5,19.8,68.2,62.7,86383,18.2,82.5,13.08,5,14.18,25.0,1,1,24.2,SIG01,Signal Failure,High,2025-04-30 03:14:43,86,Confirmed,ML_Inference,24.1,0.7,36.5,27.6,2251.0,Fog,No_Impact,Fair,36.85,2.5,100,0,Green,53.1,60.7,31.5,Good,5.97,10.0,Due_Soon,255,Healthy,HVAC_Failure,Moderate,4,Wednesday,4,Summer,False,False,Completed,2025-04-30 03:02:07,2025-04-30 03:08:49,0.0,7.6,No_Delay,False,0.0
48887,Shatabdi 14,Shatabdi,Long-Distance,SWR,15.548914,93.242413,GWL,ASN,NDLS,SEC-SWR-752,TRK-2,61.66,34.12,Down,2025-04-30 06:52:50,2025-04-30 06:55:50,34.1,71.8,1135.7,4,2025-04-30 09:38:50,1096.94,50.1,69.6,Stopped_at_Station,35,38.76,7.7,6.2,9.4,13.3,6.1,13.4,47.6,59.4,95532,17.9,62.4,29.97,3,47.43,45.0,0,1,11.8,NON00,No Delay Reported,No_Impact,,0,Not_Applicable,Not_Applicable,26.9,28.8,41.7,19.0,3201.0,Rain,Low,Fair,44.47,1.1,60,0,Green,28.7,38.5,41.2,Good,4.05,30.5,In_Progress,287,Healthy,No_Failure,No_Failure,9,Wednesday,4,Summer,False,True,Completed,2025-04-30 08:40:44,2025-04-30 08:45:56,0.0,38.3,No_Delay,True,27.1
96558,Superfast 22,Superfast,Regional,SECR,17.001055,78.565853,TDL,AGC,GAYA,SEC-SECR-697,TRK-2,175.9,119.57,Up,2025-05-01 09:02:48,2025-05-01 09:14:48,4.79,89.3,806.1,10,2025-05-01 10:21:48,86.69,87.8,18.2,Departed_Late,0,719.41,25.2,9.2,4.6,19.5,18.8,10.2,72.2,93.9,84724,15.3,87.1,25.41,5,39.96,24.0,1,1,17.6,SIG01,Signal Failure,High,2025-05-01 10:20:48,85,Confirmed,Control_Office,20.6,2.0,57.9,21.7,9653.0,Clear,Moderate,Excellent,31.32,2.37,0,1,Green,88.1,38.7,74.7,Excellent,4.84,42.3,Up_to_Date,3,Healthy,No_Failure,No_Failure,10,Thursday,5,Summer,False,False,Completed,2025-05-01 09:41:48,2025-05-01 09:44:00,0.0,20.8,No_Delay,True,11.6
91055,Superfast 31,Superfast,Regional,WR,8.115636,87.138635,BZA,ADI,JHS,SEC-WR-390,TRK-1,140.16,73.91,Down,2025-05-01 19:24:54,2025-05-01 19:38:54,9.54,100.4,324.4,13,2025-05-01 19:18:54,287.49,68.3,7.7,Running,0,36.91,23.1,14.9,6.4,10.6,9.0,10.5,87.2,104.8,69810,11.9,60.6,25.85,2,17.04,13.1,1,1,8.8,SIG01,Signal Failure,High,2025-05-01 18:57:54,97,Auto-Detected,Control_Office,27.4,0.0,56.7,12.3,8560.0,Cloudy,No_Impact,Under_Repair,41.78,4.07,0,0,Green,100.0,62.2,53.0,Critical,5.59,13.8,Up_to_Date,106,Healthy,No_Failure,No_Failure,19,Thursday,5,Summer,False,True,Completed,2025-05-01 19:39:18,2025-05-01 19:35:48,0.0,6.7,No_Delay,False,0.0
76513,Garib Rath 39,Garib Rath,Regional,NR,21.282042,96.617817,PUNE,BCT,BRC,SEC-NR-676,TRK-1,87.51,168.71,Down,2025-05-01 21:14:13,2025-05-01 21:27:13,15.7,163.9,1649.2,13,2025-05-01 22:25:13,1418.72,67.1,37.1,Running,0,230.48,15.3,9.0,13.7,19.3,0.0,17.4,78.9,168.6,69360,15.1,81.8,33.85,4,7.56,12.0,1,0,16.6,SIG01,Signal Failure,High,2025-05-01 21:13:13,165,Auto-Detected,Control_Office,29.5,2.0,42.6,0.4,7989.0,Heavy_Rain,Low,Good,14.0,0.0,0,1,Green,90.3,63.4,45.9,Excellent,6.3,48.9,In_Progress,284,Degraded,Door_Malfunction,Critical,22,Thursday,5,Summer,False,False,Completed,2025-05-01 22:01:31,2025-05-01 22:04:19,0.0,10.2,No_Delay,True,6.3
97146,Freight 43,Freight,Regional,SWR,25.196164,73.844646,MAS,HWH,BRC,SEC-SWR-788,TRK-3,20.04,133.63,Up,2025-05-01 21:28:12,2025-05-01 21:46:12,16.51,31.5,285.1,1,2025-05-02 00:00:12,122.34,60.0,-0.2,Running,0,162.76,9.8,20.5,11.3,13.6,11.2,17.6,51.6,33.0,24693,9.9,40.2,9.12,0,29.12,44.5,0,1,33.0,SIG01,Signal Failure,High,2025-05-01 23:34:12,105,Confirmed,ML_Inference,34.6,1.1,54.4,10.6,9902.0,Rain,No_Impact,Good,52.32,2.56,0,1,Green,77.9,45.5,34.3,Good,5.03,58.0,Up_to_Date,64,Healthy,No_Failure,No_Failure,0,Friday,5,Summer,False,False,Completed,2025-05-01 21:53:00,2025-05-01 21:57:24,0.0,25.0,No_Delay,True,13.7
85670,Superfast 24,Superfast,Regional,NCR,8.541739,69.78083,GAYA,MGS,BPL,SEC-NCR-428,TRK-2,2.43,81.45,Up,2025-05-02 02:48:52,2025-05-02 03:01:52,34.89,137.3,1935.2,3,2025-05-02 03:49:52,1485.84,40.9,19.8,Running,0,449.36,11.1,9.6,12.5,15.4,5.4,2.6,78.0,140.0,89136,20.2,74.2,25.38,4,33.39,35.2,0,1,46.8,LCB05,Late Crew Boarding,Low,2025-05-02 03:34:52,68,Confirmed,ML_Inference,34.9,3.8,81.8,24.9,10000.0,Haze,Severe,Fair,31.41,1.31,0,0,Green,64.0,32.2,63.4,Good,4.22,7.5,Overdue,148,Healthy,No_Failure,No_Failure,3,Friday,5,Summer,False,False,Completed,2025-05-02 03:30:10,2025-05-02 03:30:52,0.0,21.5,Operational,True,17.1
34386,Superfast 20,Superfast,Regional,NWR,28.087559,76.356465,KOTA,TDL,ST,SEC-NWR-523,TRK-2,57.8,10.24,Down,2025-05-02 02:57:37,2025-05-02 03:08:37,12.2,117.5,1909.5,17,2025-05-02 04:43:37,644.18,60.0,19.3,Running,0,1265.32,13.8,-4.4,1.9,15.9,27.8,20.1,36.8,121.8,41514,18.5,72.3,1.71,2,5.14,7.5,1,1,41.1,CNG04,Traffic Congestion,Medium,2025-05-02 04:35:37,109,Confirmed,Manual_Report,22.1,3.3,48.1,9.9,3051.0,Clear,No_Impact,Good,47.45,0.85,60,0,Yellow,60.4,71.3,66.9,Fair,4.92,70.1,Up_to_Date,183,Healthy,No_Failure,No_Failure,4,Friday,5,Summer,True,False,Not_Started,,,1266.8,4.8,Traffic,False,0.0
35949,Rajdhani 39,Rajdhani,Regional,CR,9.258048,77.711408,BZA,MAS,ALD,SEC-CR-149,TRK-3,139.56,88.28,Up,2025-05-02 08:19:58,2025-05-02 08:27:58,27.28,88.3,1457.1,7,2025-05-02 09:12:58,543.48,55.2,29.3,Running,0,913.62,9.1,-0.2,18.7,15.3,4.9,7.9,78.3,95.9,40713,21.3,65.6,3.95,2,2.48,19.1,1,0,31.8,NON00,No Delay Reported,No_Impact,,0,Not_Applicable,Not_Applicable,18.0,1.9,17.0,7.0,2869.0,Cloudy,No_Impact,Good,12.55,4.21,0,0,Green,64.4,61.1,71.1,Needs_Inspection,4.24,83.2,Up_to_Date,99,Healthy,Brake_Wear,Minor,9,Friday,5,Summer,False,True,Completed,2025-05-02 09:06:16,2025-05-02 09:06:16,0.0,17.0,No_Delay,True,14.6
34501,Shatabdi 20,Shatabdi,Regional,ER,27.819392,73.787439,ASN,BZA,BPL,SEC-ER-158,TRK-3,6.76,88.83,Down,2025-05-02 09:26:06,2025-05-02 09:29:06,10.41,34.2,148.0,10,2025-05-02 11:28:06,22.72,116.4,16.7,Slow_Running,0,125.28,12.3,4.5,8.1,14.0,0.0,7.2,49.6,29.8,82465,-0.7,70.6,28.31,0,10.98,42.7,1,1,10.5,WTH03,Adverse Weather,High,2025-05-02 11:27:06,143,Confirmed,ML_Inference,12.6,7.6,64.1,7.3,6080.0,Clear,Moderate,Fair,41.6,5.72,0,0,Green,98.4,49.9,49.1,Excellent,5.19,36.3,In_Progress,179,Healthy,No_Failure,No_Failure,11,Friday,5,Summer,False,False,Completed,2025-05-02 09:53:12,2025-05-02 09:47:12,0.0,10.4,Weather,True,6.7
20972,Freight 42,Freight,Regional,ECoR,13.994006,85.181332,SBC,CNB,PNBE,SEC-ECoR-918,TRK-2,33.58,172.07,Up,2025-05-03 03:40:53,2025-05-03 03:51:53,9.78,128.0,1802.2,12,2025-05-03 06:21:53,10.17,75.8,3.5,Running,0,1792.03,-5.0,-3.0,10.1,11.3,11.5,17.1,57.1,122.0,36977,28.2,45.4,11.44,2,20.48,7.0,1,0,16.6,LCB05,Late Crew Boarding,Low,2025-05-03 05:47:53,169,Auto-Detected,Manual_Report,23.8,1.3,73.4,20.1,7094.0,Cloudy,No_Impact,Good,53.37,4.01,0,0,Auto,68.4,49.4,47.1,Good,5.41,54.7,Due_Soon,32,Healthy,No_Failure,No_Failure,6,Saturday,5,Summer,True,False,In_Transit,2025-05-03 03:44:05,,1418.4,-0.3,Operational,False,0.0
52812,Shatabdi 20,Shatabdi,Long-Distance,SER,32.030392,80.088047,BZA,BRC,SC,SEC-SER-839,TRK-2,95.37,100.8,Down,2025-05-04 03:56:23,2025-05-04 04:07:23,15.36,150.6,531.1,0,2025-05-04 04:43:23,171.16,80.1,27.1,Running,0,359.94,17.3,23.5,19.7,0.0,20.2,8.2,80.7,156.2,18045,8.7,71.3,1.5,5,4.02,36.3,0,0,10.3,NON00,No Delay Reported,No_Impact,,0,Not_Applicable,Not_Applicable,30.6,10.6,49.5,0.0,9029.0,Clear,Moderate,Good,52.78,5.26,0,1,Green,66.4,95.1,39.9,Fair,5.11,67.6,Up_to_Date,118,Healthy,Bearing_Overheat,Minor,4,Sunday,5,Summer,True,False,In_Transit,2025-05-04 04:31:17,,272.0,7.8,No_Delay,False,0.0
80226,Freight 27,Freight,Premium,NCR,28.935789,76.265925,NGP,KOTA,GAYA,SEC-NCR-396,TRK-1,129.17,77.53,Down,2025-05-04 14:12:51,2025-05-04 14:27:51,19.11,114.8,90.6,5,2025-05-04 16:45:51,50.61,63.4,42.3,Running,0,39.99,-5.0,3.3,17.7,11.6,8.3,7.8,56.7,115.6,42914,19.4,81.2,39.58,0,22.11,14.6,1,1,9.0,ANI09,Animal / Obstruction on Track,Medium,2025-05-04 15:59:51,2,Unconfirmed,Manual_Report,32.1,9.4,85.3,4.2,4425.0,Rain,No_Impact,Poor,18.07,6.21,100,0,Green,67.8,44.2,49.2,Good,4.39,75.9,Overdue,359,Degraded,No_Failure,No_Failure,16,Sunday,5,Summer,True,False,Completed,2025-05-04 15:23:15,2025-05-04 15:30:39,0.0,28.1,Traffic,True,18.3
51938,Duronto 43,Duronto,Premium,SECR,27.456169,78.372592,BRC,JHS,BZA,SEC-SECR-334,TRK-2,134.63,65.81,Down,2025-05-05 05:44:17,2025-05-05 05:49:17,32.68,46.4,1662.7,19,2025-05-05 07:49:17,1211.27,77.1,10.8,Halted_Signal,19,451.43,6.8,6.7,15.1,21.7,10.1,12.5,64.3,42.7,40377,13.2,107.3,21.7,1,37.15,23.0,0,1,33.4,WTH03,Adverse Weather,High,2025-05-05 06:57:17,132,Auto-Detected,Station_Master,24.7,21.0,44.5,26.0,6699.0,Clear,No_Impact,Fair,21.21,4.7,0,0,Auto,96.0,60.6,54.7,Fair,5.59,28.9,Up_to_Date,353,Healthy,Axle_Fault,Critical,7,Monday,5,Summer,False,True,In_Transit,2025-05-05 06:16:47,,357.8,21.7,Weather,True,14.8
68673,Superfast 5,Superfast,Long-Distance,ER,23.118493,81.46812,LKO,CNB,NGP,SEC-ER-870,TRK-2,45.8,128.6,Up,2025-05-05 20:38:11,2025-05-05 20:41:11,25.79,130.3,271.0,1,2025-05-05 21:00:11,34.14,120.5,12.5,Running,0,236.86,22.8,8.5,-5.0,12.7,23.4,6.1,75.1,128.3,10737,21.4,87.3,0.85,2,17.41,22.3,0,1,46.3,NON00,No Delay Reported,No_Impact,,0,Not_Applicable,Not_Applicable,24.2,0.5,35.9,15.1,6538.0,Cloudy,Low,Fair,59.15,2.47,30,1,Green,75.8,43.4,53.9,Good,5.14,11.7,In_Progress,168,Healthy,No_Failure,No_Failure,21,Monday,5,Summer,False,False,In_Transit,2025-05-05 21:01:29,,121.2,10.8,No_Delay,True,6.8
75747,MEMU 29,MEMU,Premium,SR,14.757963,87.931292,ALD,GWL,PNBE,SEC-SR-857,TRK-2,66.2,148.11,Up,2025-05-05 20:00:45,2025-05-05 20:05:45,5.31,170.5,1502.1,13,2025-05-05 21:12:45,1068.75,43.5,6.9,Halted_Signal,29,433.35,12.9,16.0,12.3,11.1,9.3,8.5,71.5,171.0,58828,-4.2,98.2,32.2,4,43.47,42.8,0,1,44.2,NON00,No Delay Reported,No_Impact,,0,Not_Applicable,Not_Applicable,29.3,3.5,43.0,9.4,5928.0,Cloudy,Low,Good,46.28,6.58,0,0,Green,100.0,65.2,90.4,Needs_Inspection,4.49,51.8,Due_Soon,85,Degraded,No_Failure,No_Failure,21,Monday,5,Summer,False,False,Completed,2025-05-05 20:25:57,2025-05-05 20:25:39,0.0,18.3,No_Delay,True,13.4
20775,Vande Bharat 19,Vande Bharat,Long-Distance,NCR,19.431029,85.954697,MGS,BRC,NGP,SEC-NCR-134,TRK-3,124.35,127.91,Down,2025-05-05 23:53:20,2025-05-06 00:04:20,8.89,172.1,1127.4,17,2025-05-06 00:42:20,296.0,75.0,35.0,Slow_Running,0,831.4,22.5,4.2,3.4,11.0,8.0,6.2,81.4,169.3,18274,7.3,43.0,21.51,1,33.11,11.2,0,1,45.2,MEC06,Mechanical Failure,High,2025-05-05 23:03:20,39,Unconfirmed,Manual_Report,17.9,10.0,46.1,9.9,7140.0,Cloudy,No_Impact,Excellent,26.76,0.99,0,0,Green,85.4,56.2,49.4,Excellent,5.49,5.5,Due_Soon,18,Degraded,Axle_Fault,Minor,0,Tuesday,5,Summer,False,False,Completed,2025-05-06 00:40:14,2025-05-06 00:42:44,0.0,11.9,Mechanical,True,7.2
61054,Passenger 32,Passenger,Long-Distance,SER,16.712818,92.11902,JHS,BCT,MGS,SEC-SER-776,TRK-1,40.77,52.65,Up,2025-05-06 04:02:27,2025-05-06 04:09:27,12.66,154.5,1172.8,0,2025-05-06 05:46:27,922.3,78.8,13.0,Departed_Late,0,250.5,3.7,21.1,22.9,1.9,11.2,18.4,69.3,151.1,19863,19.6,65.8,26.69,5,28.02,4.4,1,1,7.1,MEC06,Mechanical Failure,High,2025-05-06 05:32:27,140,Auto-Detected,Control_Office,19.5,6.1,67.8,16.8,5251.0,Cloudy,No_Impact,Good,35.77,2.09,30,1,Auto,76.0,20.5,34.0,Excellent,5.33,46.3,Due_Soon,364,Healthy,Electrical_Fault,Minor,5,Tuesday,5,Summer,False,False,Completed,2025-05-06 04:19:09,2025-05-06 04:24:57,0.0,3.7,Mechanical,False,0.0
42470,MEMU 11,MEMU,Suburban,SCR,9.547981,80.994602,ADI,NGP,TDL,SEC-SCR-192,TRK-1,28.84,55.55,Down,2025-05-06 10:25:42,2025-05-06 10:27:42,8.34,127.1,416.3,17,2025-05-06 13:08:42,307.81,26.6,9.9,Slow_Running,0,108.49,9.9,3.6,21.5,17.2,21.4,19.9,33.4,124.1,87917,-5.0,78.8,31.94,3,6.17,6.0,1,1,26.3,SIG01,Signal Failure,High,2025-05-06 12:43:42,57,Confirmed,Control_Office,29.4,6.8,45.4,11.5,1679.0,Haze,No_Impact,Excellent,31.88,8.01,0,0,Auto,88.8,61.6,46.4,Good,4.89,43.8,Up_to_Date,31,Healthy,No_Failure,No_Failure,13,Tuesday,5,Summer,False,False,In_Transit,2025-05-06 10:45:30,,247.7,9.9,No_Delay,False,0.0
16318,Vande Bharat 40,Vande Bharat,Premium,NFR,11.53764,93.830451,MGS,GWL,SBC,SEC-NFR-502,TRK-1,141.6,162.24,Up,2025-05-06 12:09:02,2025-05-06 12:26:02,22.54,41.4,2116.3,8,2025-05-06 13:17:02,1697.12,37.7,21.3,Running,0,419.18,18.4,28.3,1.4,16.6,20.8,8.7,49.3,43.0,80072,11.5,33.6,2.98,4,41.63,18.3,1,1,13.4,CNG04,Traffic Congestion,Medium,2025-05-06 12:27:02,42,Confirmed,Manual_Report,21.1,11.7,76.7,14.2,4718.0,Rain,Low,Fair,61.4,3.34,0,0,Green,69.4,54.1,69.5,Fair,4.93,19.6,Up_to_Date,54,Healthy,HVAC_Failure,Moderate,13,Tuesday,5,Summer,False,False,Completed,2025-05-06 12:27:32,2025-05-06 12:22:20,0.0,-2.8,Traffic,False,0.0
88095,Passenger 13,Passenger,Regional,SECR,8.065665,92.737289,JP,BZA,CSTM,SEC-SECR-623,TRK-1,34.13,63.71,Down,2025-05-06 21:40:07,2025-05-06 21:52:07,16.13,8.1,365.7,3,2025-05-06 22:34:07,116.42,56.2,11.1,Terminated,0,249.28,-3.9,21.0,7.5,25.2,5.6,23.9,61.7,11.8,57633,-4.1,51.8,37.87,1,37.16,30.2,1,1,31.4,NON00,No Delay Reported,No_Impact,,0,Not_Applicable,Not_Applicable,34.3,10.0,41.8,13.3,5164.0,Clear,Severe,Excellent,29.59,1.74,0,1,Red,47.8,46.1,42.8,Good,5.89,4.6,Due_Soon,11,Healthy,Axle_Fault,Minor,22,Tuesday,5,Summer,False,False,Completed,2025-05-06 21:47:25,2025-05-06 21:47:01,0.0,-3.8,No_Delay,False,0.0
85609,Shatabdi 48,Shatabdi,Premium,SWR,26.412155,82.361215,NDLS,KOTA,JHS,SEC-SWR-232,TRK-3,50.72,4.88,Down,2025-05-07 05:03:10,2025-05-07 05:22:10,20.94,121.0,1718.7,19,2025-05-07 05:09:10,1643.44,86.0,8.7,Running,0,75.26,1.2,-4.1,-0.8,10.7,13.9,13.8,64.7,119.6,42564,-2.4,61.6,36.58,0,20.81,33.0,1,1,7.5,WTH03,Adverse Weather,High,2025-05-07 03:42:10,119,Confirmed,Manual_Report,19.2,0.0,100.0,17.2,3577.0,Rain,No_Impact,Fair,15.88,1.69,0,0,Yellow,46.9,64.3,68.7,Good,7.22,33.1,Up_to_Date,284,Degraded,No_Failure,No_Failure,5,Wednesday,5,Summer,False,False,In_Transit,2025-05-07 05:34:46,,59.4,22.9,Weather,True,19.9
38684,DEMU 4,DEMU,Long-Distance,NER,21.408057,89.400328,VAPI,SBC,LKO,SEC-NER-772,TRK-3,130.66,40.19,Up,2025-05-07 11:12:28,2025-05-07 11:25:28,5.23,103.9,1803.3,13,2025-05-07 13:49:28,224.45,80.5,-2.7,Running,0,1578.85,25.3,18.8,17.1,6.8,13.0,12.6,74.2,104.9,53046,13.3,93.9,36.89,4,25.92,24.7,1,1,24.0,CNG04,Traffic Congestion,Medium,2025-05-07 12:58:28,42,Confirmed,IoT_Sensor,33.5,4.5,5.0,16.8,3479.0,Clear,Low,Good,25.92,2.6,100,0,Green,67.9,35.1,41.1,Good,4.1,41.6,Overdue,334,Healthy,No_Failure,No_Failure,13,Wednesday,5,Summer,False,False,Completed,2025-05-07 11:22:16,2025-05-07 11:23:52,0.0,12.5,Traffic,True,11.1
90019,MEMU 22,MEMU,Long-Distance,WR,33.79374,73.071309,NDLS,BPL,JHS,SEC-WR-474,TRK-2,36.72,103.86,Down,2025-05-07 22:57:29,2025-05-07 23:11:29,13.58,83.2,1131.6,0,2025-05-07 23:57:29,996.64,33.9,26.0,Running,0,134.96,9.5,2.1,9.2,0.0,7.6,17.7,84.2,83.5,78892,12.6,4.4,29.3,1,16.92,3.8,1,1,16.0,CNG04,Traffic Congestion,Medium,2025-05-07 23:25:29,20,Confirmed,IoT_Sensor,36.3,10.7,41.7,18.4,10000.0,Heavy_Rain,No_Impact,Good,23.08,2.58,0,0,Green,64.7,73.8,50.8,Excellent,4.89,20.1,Up_to_Date,334,Healthy,Bearing_Overheat,Moderate,23,Wednesday,5,Summer,False,False,In_Transit,2025-05-07 23:16:29,,236.8,-7.0,Traffic,False,0.0
75106,Freight 6,Freight,Regional,ER,27.553215,95.407281,ST,JP,CSTM,SEC-ER-930,TRK-2,78.01,157.4,Up,2025-05-08 14:28:54,2025-05-08 14:45:54,17.49,91.8,1037.3,18,2025-05-08 15:02:54,753.65,42.5,7.8,Running,0,283.65,17.4,4.1,13.8,5.8,11.3,15.8,75.8,99.5,95753,15.7,64.3,3.88,3,24.57,39.1,1,1,14.3,SIG01,Signal Failure,High,2025-05-08 14:36:54,121,Confirmed,Station_Master,32.3,4.2,55.7,24.5,6208.0,Cloudy,Severe,Good,38.9,3.34,0,0,Green,91.3,57.3,68.6,Excellent,4.06,24.7,Due_Soon,350,Healthy,No_Failure,No_Failure,15,Thursday,5,Summer,False,False,In_Transit,2025-05-08 14:48:00,,403.8,11.3,No_Delay,True,6.4
53936,Passenger 29,Passenger,Premium,SER,26.804917,85.74754,CNB,MGS,JHS,SEC-SER-181,TRK-2,141.14,13.26,Up,2025-05-08 17:59:21,2025-05-08 18:11:21,7.7,141.3,333.2,18,2025-05-08 20:43:21,313.46,55.2,16.9,Running,0,19.74,32.0,16.6,12.4,15.6,19.5,20.5,58.9,139.5,39574,-5.0,76.4,31.38,0,45.23,26.0,1,0,5.3,LCB05,Late Crew Boarding,Low,2025-05-08 19:35:21,69,Confirmed,IoT_Sensor,24.9,2.8,57.6,0.0,8401.0,Fog,No_Impact,Excellent,60.32,5.47,0,0,Green,82.3,62.8,39.2,Excellent,6.11,82.4,In_Progress,94,Healthy,No_Failure,No_Failure,20,Thursday,5,Summer,False,True,Completed,2025-05-08 18:09:27,2025-05-08 18:09:15,0.0,-6.8,Operational,False,0.0
57669,Garib Rath 38,Garib Rath,Regional,CR,14.299431,85.471742,KOTA,BPL,BCT,SEC-CR-544,TRK-1,16.62,162.28,Up,2025-05-08 22:02:32,2025-05-08 22:10:32,22.87,55.9,691.2,18,2025-05-08 23:22:32,352.22,89.9,-1.3,Running,0,338.98,25.6,5.7,22.1,13.7,7.8,19.5,74.9,59.6,10230,21.4,47.4,3.75,0,46.55,41.9,1,1,7.6,CNG04,Traffic Congestion,Medium,2025-05-08 22:42:32,21,Unconfirmed,ML_Inference,30.8,2.5,66.0,6.6,10000.0,Clear,No_Impact,Good,36.05,0.48,0,0,Green,100.0,52.0,34.6,Critical,5.68,81.5,Due_Soon,222,Healthy,No_Failure,No_Failure,23,Thursday,5,Summer,False,False,Completed,2025-05-08 22:07:56,2025-05-08 22:08:26,0.0,6.7,Traffic,False,0.0
31299,Vande Bharat 6,Vande Bharat,Regional,WCR,15.368962,77.659919,NDLS,RTM,ASN,SEC-WCR-481,TRK-3,7.74,58.76,Down,2025-05-09 16:03:04,2025-05-09 16:05:04,15.29,117.0,999.4,9,2025-05-09 16:26:04,297.32,132.1,-0.6,Running,0,702.08,26.9,8.9,6.4,21.6,1.5,11.6,68.2,116.9,95596,-0.1,38.3,9.3,0,37.75,14.7,0,1,1.6,LCB05,Late Crew Boarding,Low,2025-05-09 15:16:04,86,Auto-Detected,Station_Master,20.9,0.0,75.1,23.6,7755.0,Clear,No_Impact,Good,33.77,2.26,60,0,Auto,68.6,25.2,30.2,Needs_Inspection,3.83,74.0,Due_Soon,8,Healthy,No_Failure,No_Failure,16,Friday,5,Summer,False,False,Completed,2025-05-09 16:06:28,2025-05-09 16:05:10,0.0,4.0,Operational,False,0.0
18571,Freight 25,Freight,Premium,WCR,9.451514,81.755405,ST,CNB,KOTA,SEC-WCR-860,TRK-1,99.41,88.15,Up,2025-05-09 15:07:46,2025-05-09 15:24:46,17.16,85.5,736.5,18,2025-05-09 16:41:46,547.64,104.9,36.2,Running,0,188.86,20.3,19.0,9.3,20.4,3.0,14.3,78.1,85.0,33584,29.9,44.9,26.97,2,26.87,44.8,1,1,27.9,NON00,No Delay Reported,No_Impact,,0,Not_Applicable,Not_Applicable,30.1,0.0,39.0,15.7,9462.0,Clear,Low,Excellent,27.54,7.13,0,1,Yellow,84.7,48.6,54.0,Needs_Inspection,5.46,14.3,In_Progress,102,Degraded,No_Failure,No_Failure,16,Friday,5,Summer,False,False,In_Transit,2025-05-09 16:07:58,,115.2,24.0,No_Delay,True,17.1
94626,Freight 41,Freight,Regional,SCR,13.881735,79.029925,ADI,ALD,AGC,SEC-SCR-514,TRK-2,105.96,128.94,Down,2025-05-09 21:56:05,2025-05-09 22:04:05,7.02,71.8,1721.5,11,2025-05-09 22:00:05,1342.0,57.8,56.8,Stopped_at_Station,12,379.5,13.6,11.5,13.2,16.9,9.7,21.7,87.3,72.9,76095,2.5,58.5,3.48,5,12.94,37.4,1,1,10.9,CNG04,Traffic Congestion,Medium,2025-05-09 20:12:05,177,Confirmed,Manual_Report,29.7,2.3,58.0,4.4,6672.0,Rain,No_Impact,Good,39.21,8.53,0,0,Green,72.0,49.9,66.2,Needs_Inspection,4.73,4.7,Due_Soon,257,Degraded,No_Failure,No_Failure,22,Friday,5,Summer,False,False,Completed,2025-05-09 23:34:11,2025-05-09 23:33:59,0.0,41.3,Traffic,True,27.3
20235,DEMU 41,DEMU,Long-Distance,NWR,10.955316,88.332545,NGP,ST,ADI,SEC-NWR-224,TRK-1,126.1,21.82,Down,2025-05-10 04:11:32,2025-05-10 04:30:32,2.75,167.2,2074.1,2,2025-05-10 04:05:32,1553.28,116.8,14.3,Halted_Signal,44,520.82,21.8,12.6,-4.5,10.2,26.6,25.4,81.1,161.1,20796,6.9,80.9,29.39,1,1.23,36.1,1,1,31.6,MEC06,Mechanical Failure,High,2025-05-10 03:24:32,74,Auto-Detected,ML_Inference,30.1,2.7,53.5,16.6,5166.0,Storm,Low,Good,48.19,5.26,0,1,Yellow,57.9,46.5,47.1,Fair,4.54,22.8,Up_to_Date,171,Healthy,Brake_Wear,Moderate,4,Saturday,5,Summer,True,False,Completed,2025-05-10 04:31:38,2025-05-10 04:31:20,0.0,5.8,Mechanical,False,0.0
96005,Freight 32,Freight,Freight,SER,28.048495,82.446737,MAS,ST,PNBE,SEC-SER-458,TRK-3,130.75,44.91,Up,2025-05-10 07:23:02,2025-05-10 07:38:02,19.3,11.9,1096.5,15,2025-05-10 09:49:02,419.02,83.9,32.3,Running,0,677.48,26.8,-5.0,10.9,5.2,23.5,26.1,76.0,20.9,76351,17.9,84.1,5.32,4,33.49,6.0,1,0,44.7,BLK08,Line Block / Engineering Work,High,2025-05-10 08:49:02,126,Unconfirmed,Manual_Report,16.6,0.1,70.7,5.7,158.0,Clear,No_Impact,Good,34.14,5.78,0,0,Yellow,89.4,49.3,34.4,Good,4.82,14.6,Up_to_Date,223,Healthy,No_Failure,No_Failure,9,Saturday,5,Summer,True,True,Completed,2025-05-10 08:28:02,2025-05-10 08:25:32,0.0,32.7,Infrastructure,True,15.3
92809,DEMU 25,DEMU,Freight,ECoR,30.582749,84.657482,JHS,HWH,SC,SEC-ECoR-362,TRK-3,3.13,127.32,Up,2025-05-10 09:39:27,2025-05-10 09:41:27,30.09,63.7,640.0,3,2025-05-10 10:12:27,128.23,53.3,-2.5,Slow_Running,0,511.77,9.6,12.5,26.5,25.9,7.7,8.3,79.1,59.8,23186,19.6,92.2,32.17,5,0.93,17.2,1,1,33.3,NON00,No Delay Reported,No_Impact,,0,Not_Applicable,Not_Applicable,23.3,0.9,5.0,8.4,5941.0,Cloudy,No_Impact,Good,16.24,1.22,45,0,Auto,57.5,65.6,47.8,Excellent,6.01,78.4,Up_to_Date,136,Healthy,Bearing_Overheat,Moderate,10,Saturday,5,Summer,True,False,Completed,2025-05-10 09:43:39,2025-05-10 09:38:57,0.0,6.7,No_Delay,False,0.0
31488,MEMU 23,MEMU,Suburban,SWR,11.797419,70.483914,GAYA,MGS,CNB,SEC-SWR-296,TRK-2,7.68,18.96,Up,2025-05-10 15:06:56,2025-05-10 15:14:56,6.53,75.6,1696.2,13,2025-05-10 16:28:56,865.08,91.1,25.8,Terminated,0,831.12,-5.0,15.9,9.2,34.5,20.0,6.5,50.7,78.1,66842,17.1,69.6,18.75,4,13.92,35.8,1,0,5.7,ANI09,Animal / Obstruction on Track,Medium,2025-05-10 16:26:56,35,Confirmed,Manual_Report,19.1,0.8,62.2,27.6,6742.0,Clear,Moderate,Excellent,27.62,1.42,0,0,Green,63.1,58.8,39.9,Fair,5.16,55.2,Up_to_Date,275,Healthy,No_Failure,No_Failure,16,Saturday,5,Summer,True,False,Completed,2025-05-10 15:49:38,2025-05-10 15:48:14,0.0,16.9,Traffic,True,10.5
80445,Garib Rath 3,Garib Rath,Long-Distance,SWR,22.134003,92.916996,PNBE,ST,SC,SEC-SWR-614,TRK-3,144.06,119.03,Down,2025-05-10 21:53:20,2025-05-10 22:09:20,2.04,153.0,583.9,8,2025-05-10 22:15:20,253.76,99.1,5.5,Departed_Late,0,330.14,19.4,18.5,13.6,1.2,11.1,25.9,69.0,155.8,91135,8.9,68.6,31.97,3,39.08,39.7,1,1,34.7,MEC06,Mechanical Failure,High,2025-05-10 20:49:20,79,Auto-Detected,Station_Master,27.8,3.2,33.7,18.8,7354.0,Cloudy,No_Impact,Excellent,21.7,2.92,75,1,Double_Yellow,38.0,51.0,53.6,Good,6.16,72.0,Up_to_Date,341,Healthy,HVAC_Failure,Minor,22,Saturday,5,Summer,True,False,In_Transit,2025-05-10 22:25:32,,207.9,26.7,Mechanical,True,19.4
75313,Freight 30,Freight,Suburban,SR,31.27534,72.555065,VAPI,ASN,CNB,SEC-SR-746,TRK-1,179.56,124.24,Down,2025-05-10 22:09:16,2025-05-10 22:20:16,5.59,92.3,1970.6,17,2025-05-11 00:48:16,707.83,94.6,51.6,Slow_Running,0,1262.77,17.1,9.0,9.1,14.7,0.0,0.0,74.7,85.6,80367,21.6,50.4,14.18,2,43.83,33.7,1,0,7.5,SIG01,Signal Failure,High,2025-05-10 23:21:16,73,Confirmed,Control_Office,36.1,0.0,53.1,0.0,7432.0,Clear,No_Impact,Excellent,51.55,2.08,0,0,Green,77.4,26.9,70.9,Fair,3.68,64.8,Up_to_Date,53,Healthy,No_Failure,No_Failure,0,Sunday,5,Summer,True,False,Completed,2025-05-10 23:24:04,2025-05-10 23:25:34,0.0,23.2,No_Delay,True,18.2
20438,MEMU 38,MEMU,Suburban,SR,16.339548,89.724044,AGC,DHN,ALD,SEC-SR-606,TRK-3,14.02,12.33,Down,2025-05-11 00:20:46,2025-05-11 00:33:46,22.68,35.0,376.0,10,2025-05-11 01:41:46,328.16,71.0,-0.2,Departed_Late,0,47.84,-4.9,22.1,17.6,9.1,15.6,12.1,99.0,29.5,43619,19.2,17.0,6.21,5,37.08,36.2,1,1,14.1,SIG01,Signal Failure,High,2025-05-11 01:18:46,131,Confirmed,Manual_Report,33.8,7.2,43.4,17.8,2765.0,Haze,No_Impact,Good,34.2,2.56,0,0,Green,75.5,31.0,34.2,Excellent,5.78,21.6,Due_Soon,99,Healthy,No_Failure,No_Failure,1,Sunday,5,Summer,True,False,In_Transit,2025-05-11 00:15:04,,38.8,-5.5,No_Delay,False,0.0
32093,Vande Bharat 27,Vande Bharat,Freight,SWR,15.171183,77.562558,ASN,AGC,JP,SEC-SWR-331,TRK-2,33.69,107.97,Up,2025-05-11 22:19:36,2025-05-11 22:29:36,11.01,9.5,924.5,13,2025-05-12 00:54:36,575.56,112.6,28.0,Running,0,348.94,-1.6,2.6,13.8,22.0,1.5,24.9,59.1,19.1,44095,19.5,79.5,3.19,4,16.54,23.3,1,0,16.1,NON00,No Delay Reported,No_Impact,,0,Not_Applicable,Not_Applicable,19.0,1.9,22.4,6.5,5944.0,Rain,Low,Poor,39.33,3.26,100,0,Yellow,76.7,44.3,72.5,Excellent,4.89,42.3,In_Progress,239,Healthy,No_Failure,No_Failure,0,Monday,5,Summer,False,False,Completed,2025-05-11 23:04:06,2025-05-11 22:59:54,0.0,16.5,No_Delay,True,7.4
15990,Rajdhani 26,Rajdhani,Premium,NFR,12.562523,77.008454,ST,JHS,AGC,SEC-NFR-412,TRK-3,71.76,143.03,Down,2025-05-12 07:11:39,2025-05-12 07:18:39,16.99,58.1,1908.3,14,2025-05-12 09:37:39,925.43,95.0,22.6,Stopped_at_Station,27,982.87,10.3,8.1,-1.0,25.4,10.7,17.1,45.1,54.7,99151,22.9,80.2,26.8,5,33.85,25.0,1,1,34.3,WTH03,Adverse Weather,High,2025-05-12 08:28:39,173,Confirmed,ML_Inference,13.6,0.0,32.8,9.4,10000.0,Clear,No_Impact,Excellent,12.79,3.23,60,0,Green,30.6,80.0,72.8,Excellent,4.66,55.0,Overdue,49,Healthy,No_Failure,No_Failure,9,Monday,5,Summer,False,True,Not_Started,,,629.7,29.9,Weather,True,23.4
80571,Vande Bharat 9,Vande Bharat,Long-Distance,NFR,24.298146,87.742365,JP,ADI,NGP,SEC-NFR-568,TRK-2,90.58,60.05,Up,2025-05-12 17:00:46,2025-05-12 17:19:46,3.31,93.3,2179.2,13,2025-05-12 17:21:46,142.79,88.8,11.6,Slow_Running,0,2036.41,14.2,6.1,-0.3,19.2,2.6,6.6,76.8,86.2,37047,11.9,41.6,8.24,0,11.79,22.9,1,1,51.4,NON00,No Delay Reported,No_Impact,,0,Not_Applicable,Not_Applicable,39.3,2.7,83.4,4.7,111.0,Rain,No_Impact,Fair,20.3,0.0,0,1,Green,40.3,53.5,70.4,Fair,4.09,1.5,In_Progress,299,Healthy,No_Failure,No_Failure,17,Monday,5,Summer,False,True,Completed,2025-05-12 17:45:58,2025-05-12 17:46:40,0.0,33.6,No_Delay,True,19.4
47131,Passenger 11,Passenger,Regional,CR,29.633462,78.691549,ST,GAYA,HWH,SEC-CR-679,TRK-1,168.14,81.52,Down,2025-05-13 03:39:51,2025-05-13 03:53:51,14.59,50.1,1931.2,13,2025-05-13 03:42:51,38.28,64.0,4.5,Slow_Running,0,1892.92,0.7,13.2,6.9,2.9,2.1,12.5,57.6,65.7,96179,4.7,49.0,13.82,5,3.77,21.4,1,1,13.3,BLK08,Line Block / Engineering Work,High,2025-05-13 02:54:51,94,Confirmed,Station_Master,24.5,0.0,55.1,12.8,1377.0,Rain,Low,Poor,38.46,1.62,45,0,Green,32.8,68.3,67.8,Good,6.55,67.9,Up_to_Date,283,Healthy,No_Failure,No_Failure,3,Tuesday,5,Summer,False,False,Completed,2025-05-13 03:51:15,2025-05-13 03:50:57,0.0,6.9,Infrastructure,False,0.0
26150,Duronto 25,Duronto,Suburban,CR,33.741014,78.197359,DHN,VAPI,CNB,SEC-CR-407,TRK-1,130.64,172.29,Up,2025-05-13 04:37:41,2025-05-13 04:42:41,32.95,114.8,461.0,12,2025-05-13 06:58:41,91.2,40.2,28.7,Running,0,369.8,17.4,-3.1,9.0,14.7,0.0,11.5,64.8,120.6,11652,7.9,86.3,38.21,4,3.64,7.5,1,0,36.6,ANI09,Animal / Obstruction on Track,Medium,2025-05-13 06:08:41,138,Auto-Detected,Control_Office,17.3,1.5,61.9,4.0,7733.0,Clear,Low,Good,35.55,4.0,0,1,Red,80.2,59.4,32.5,Good,5.73,4.7,Up_to_Date,87,Degraded,Door_Malfunction,Critical,6,Tuesday,5,Summer,False,False,Completed,2025-05-13 05:21:35,2025-05-13 05:18:23,0.0,15.2,Traffic,True,11.7
14030,DEMU 47,DEMU,Regional,ECoR,9.981711,73.63975,MAS,GAYA,SC,SEC-ECoR-291,TRK-2,44.52,118.68,Up,2025-05-13 09:47:59,2025-05-13 09:59:59,10.82,74.8,181.5,6,2025-05-13 12:41:59,144.04,63.5,17.6,Running,0,37.46,-1.5,14.9,28.3,23.0,3.2,20.6,66.0,84.6,43710,22.5,74.2,3.13,0,40.02,6.2,0,1,51.2,SIG01,Signal Failure,High,2025-05-13 11:35:59,23,Confirmed,Manual_Report,22.3,0.3,71.3,7.1,10000.0,Clear,Low,Fair,47.38,3.66,0,0,Red,72.9,41.1,70.2,Fair,3.71,91.0,Up_to_Date,263,Healthy,No_Failure,No_Failure,12,Tuesday,5,Summer,False,False,Completed,2025-05-13 10:30:05,2025-05-13 10:29:35,0.0,24.5,No_Delay,True,12.5
86150,Mail 5,Mail,Regional,WCR,33.1552,87.373068,AGC,CNB,DHN,SEC-WCR-803,TRK-2,137.82,15.73,Down,2025-05-13 14:07:05,2025-05-13 14:10:05,14.57,52.6,1518.0,9,2025-05-13 15:17:05,1172.43,91.7,-0.6,Running,0,345.57,9.1,20.3,12.9,13.1,13.6,17.0,73.8,59.4,74328,6.2,98.0,24.39,1,9.54,27.2,1,0,32.3,PSG07,Passenger Emergency,Medium,2025-05-13 14:14:05,62,Unconfirmed,IoT_Sensor,38.2,2.0,84.9,21.8,5990.0,Fog,Low,Good,30.36,3.16,0,0,Yellow,42.8,28.9,47.6,Excellent,5.37,14.4,Due_Soon,153,Faulty,No_Failure,No_Failure,15,Tuesday,5,Summer,False,False,In_Transit,2025-05-13 14:34:53,,234.6,28.4,Operational,True,20.1
85920,Rajdhani 17,Rajdhani,Long-Distance,SWR,15.753757,93.681215,AGC,DHN,MGS,SEC-SWR-670,TRK-3,77.56,90.46,Up,2025-05-13 16:03:36,2025-05-13 16:16:36,30.07,40.4,1185.2,7,2025-05-13 17:14:36,808.2,105.0,19.3,Halted_Signal,3,377.0,23.2,32.9,4.3,8.6,9.0,13.0,61.7,41.0,42074,-5.0,68.5,32.7,2,23.12,26.3,1,0,14.7,PSG07,Passenger Emergency,Medium,2025-05-13 15:30:36,139,Confirmed,Manual_Report,23.1,3.2,25.8,5.6,2159.0,Rain,Low,Fair,33.72,1.74,0,0,Auto,51.9,51.9,56.3,Good,4.86,27.8,Up_to_Date,129,Healthy,No_Failure,No_Failure,17,Tuesday,5,Summer,False,True,Completed,2025-05-13 16:41:42,2025-05-13 16:35:06,0.0,18.8,Operational,True,14.3
92945,Vande Bharat 46,Vande Bharat,Premium,SWR,23.198435,78.282959,TDL,DHN,SC,SEC-SWR-379,TRK-3,108.29,61.58,Up,2025-05-13 19:57:19,2025-05-13 20:05:19,24.71,144.9,609.3,8,2025-05-13 22:56:19,514.72,90.0,-0.6,Terminated,0,94.58,20.4,-3.1,-5.0,14.6,7.8,25.1,72.5,151.1,79466,8.6,85.1,5.18,0,38.72,16.6,1,1,17.7,WTH03,Adverse Weather,High,2025-05-13 20:59:19,72,Confirmed,Manual_Report,37.5,2.6,20.3,13.3,6059.0,Rain,No_Impact,Good,39.42,1.22,0,1,Auto,57.3,74.3,60.9,Good,3.15,18.2,Up_to_Date,193,Faulty,Bearing_Overheat,Moderate,22,Tuesday,5,Summer,False,False,Completed,2025-05-13 20:09:55,2025-05-13 20:03:25,0.0,13.2,Weather,True,10.1
18998,Duronto 8,Duronto,Suburban,NWR,11.775139,74.913173,KOTA,MAS,MGS,SEC-NWR-221,TRK-3,114.05,123.61,Up,2025-05-14 09:01:57,2025-05-14 09:17:57,28.87,125.1,1060.0,4,2025-05-14 10:00:57,578.13,66.4,2.1,Stopped_at_Station,27,481.87,7.7,8.2,-5.0,20.9,22.7,18.4,47.6,132.9,60283,17.1,93.2,34.39,2,35.27,28.6,1,1,2.4,BLK08,Line Block / Engineering Work,High,2025-05-14 09:05:57,154,Confirmed,Manual_Report,25.3,5.3,68.9,16.3,7166.0,Clear,Moderate,Fair,32.64,3.9,45,0,Green,55.9,32.0,55.1,Critical,5.02,38.9,Due_Soon,246,Degraded,Door_Malfunction,Minor,10,Wednesday,5,Summer,False,False,Completed,2025-05-14 09:03:39,2025-05-14 09:01:33,0.0,-0.4,Infrastructure,False,0.0
61516,MEMU 38,MEMU,Long-Distance,SECR,30.971315,73.087002,SC,VAPI,BRC,SEC-SECR-227,TRK-3,8.1,35.43,Up,2025-05-14 11:44:07,2025-05-14 12:00:07,28.76,105.4,480.1,15,2025-05-14 12:22:07,305.33,73.3,-0.1,Departed_Late,0,174.77,2.1,18.3,13.1,14.9,0.0,8.5,76.3,104.5,32916,10.3,27.5,18.67,2,14.22,29.7,1,0,37.7,NON00,No Delay Reported,No_Impact,,0,Not_Applicable,Not_Applicable,31.6,0.0,57.8,7.8,3923.0,Cloudy,No_Impact,Good,33.75,1.42,0,0,Yellow,61.9,60.5,44.3,Fair,6.28,96.2,In_Progress,346,Degraded,Door_Malfunction,Minor,12,Wednesday,5,Summer,False,False,In_Transit,2025-05-14 11:58:19,,147.3,14.3,No_Delay,True,9.5
59772,Shatabdi 42,Shatabdi,Suburban,ER,16.417863,80.376869,ADI,SC,NGP,SEC-ER-495,TRK-1,85.66,64.54,Up,2025-05-14 16:00:48,2025-05-14 16:16:48,32.86,77.5,1339.0,19,2025-05-14 17:12:48,1333.35,49.3,1.4,Departed_Late,0,5.65,10.7,6.6,-5.0,19.7,9.6,7.1,50.0,71.3,93970,0.1,35.6,13.37,5,7.51,22.0,1,1,1.6,TRK02,Track Maintenance,Medium,2025-05-14 17:04:48,70,Confirmed,Station_Master,30.2,5.0,95.1,13.2,912.0,Rain,No_Impact,Excellent,53.24,6.56,75,0,Green,52.1,61.0,51.0,Good,6.45,64.0,Due_Soon,200,Healthy,Bearing_Overheat,Minor,17,Wednesday,5,Summer,False,True,In_Transit,2025-05-14 16:13:36,,10.3,11.4,Infrastructure,True,8.0
23885,Garib Rath 37,Garib Rath,Long-Distance,SWR,12.019088,95.672477,AGC,TDL,JP,SEC-SWR-444,TRK-3,133.19,115.85,Up,2025-05-14 18:30:09,2025-05-14 18:38:09,11.92,178.8,1855.0,10,2025-05-14 20:18:09,986.29,70.4,1.8,Slow_Running,0,868.71,12.3,10.3,1.9,13.9,9.8,22.8,44.8,167.3,67993,21.1,48.3,10.69,3,49.92,19.2,1,1,9.5,WTH03,Adverse Weather,High,2025-05-14 18:53:09,88,Unconfirmed,IoT_Sensor,16.8,0.2,59.5,18.9,4932.0,Cloudy,Severe,Good,28.32,1.88,0,0,Green,98.8,49.8,58.8,Excellent,4.08,30.2,Up_to_Date,342,Healthy,No_Failure,No_Failure,20,Wednesday,5,Summer,False,True,Completed,2025-05-14 18:44:21,2025-05-14 18:43:57,0.0,12.4,Weather,True,6.4
87094,Vande Bharat 4,Vande Bharat,Premium,ECR,10.971264,69.433581,CSTM,GAYA,ST,SEC-ECR-827,TRK-3,96.52,69.06,Up,2025-05-15 03:28:33,2025-05-15 03:35:33,4.93,80.5,518.1,15,2025-05-15 04:36:33,275.46,80.0,11.2,Halted_Signal,27,242.64,14.8,19.3,19.7,12.2,6.0,13.9,85.0,83.2,83483,5.9,55.0,39.35,2,8.79,36.6,1,1,13.9,CNG04,Traffic Congestion,Medium,2025-05-15 02:55:33,111,Confirmed,Manual_Report,29.3,3.6,24.2,0.0,2739.0,Rain,No_Impact,Fair,48.79,3.69,60,0,Green,100.0,24.8,65.0,Needs_Inspection,4.33,35.5,Up_to_Date,168,Healthy,No_Failure,No_Failure,4,Thursday,5,Summer,False,False,Completed,2025-05-15 03:48:51,2025-05-15 03:51:33,0.0,9.1,Traffic,False,0.0
95415,Rajdhani 18,Rajdhani,Long-Distance,ER,10.342341,94.775984,RTM,GAYA,JP,SEC-ER-508,TRK-1,127.6,13.83,Up,2025-05-15 19:24:00,2025-05-15 19:26:00,9.28,42.8,1096.2,19,2025-05-15 20:03:00,129.99,83.0,11.3,Stopped_at_Station,36,966.21,29.3,-2.7,9.9,27.6,13.0,6.5,78.1,35.7,14013,4.7,61.8,10.08,1,15.71,32.9,1,0,15.2,NON00,No Delay Reported,No_Impact,,0,Not_Applicable,Not_Applicable,22.5,0.0,37.9,6.6,8782.0,Haze,No_Impact,Poor,34.77,4.27,0,1,Green,65.6,89.0,59.0,Excellent,5.86,86.3,Due_Soon,297,Healthy,Brake_Wear,Minor,20,Thursday,5,Summer,False,True,Completed,2025-05-15 19:23:12,2025-05-15 19:20:06,0.0,-12.1,No_Delay,False,0.0
18501,Freight 49,Freight,Regional,NFR,19.244915,73.336363,GAYA,BPL,MGS,SEC-NFR-705,TRK-2,56.16,65.67,Down,2025-05-16 06:26:53,2025-05-16 06:31:53,15.18,55.6,1551.5,6,2025-05-16 08:47:53,88.37,31.1,-1.7,Departed_Late,0,1463.13,-1.2,20.5,-5.0,18.0,27.8,14.3,61.7,52.5,62383,20.9,105.4,14.1,5,36.55,26.1,0,1,25.4,MEC06,Mechanical Failure,High,2025-05-16 08:26:53,131,Confirmed,Manual_Report,25.8,0.0,54.7,10.7,6971.0,Rain,No_Impact,Good,54.35,3.14,0,0,Green,76.3,43.2,48.6,Excellent,5.1,81.7,Up_to_Date,242,Healthy,No_Failure,No_Failure,8,Friday,5,Summer,False,True,In_Transit,2025-05-16 06:36:47,,2000.0,11.6,Mechanical,True,9.1
31306,Passenger 22,Passenger,Freight,NFR,29.52305,87.326635,GWL,NGP,SC,SEC-NFR-553,TRK-2,109.36,166.53,Up,2025-05-16 13:52:03,2025-05-16 14:11:03,1.58,110.9,1438.4,9,2025-05-16 14:40:03,420.63,71.5,17.7,Running,0,1017.77,14.7,8.1,8.8,16.6,11.2,12.8,75.1,106.0,74700,4.4,64.9,34.89,5,35.51,29.9,0,1,50.3,TRK02,Track Maintenance,Medium,2025-05-16 13:20:03,37,Confirmed,Station_Master,15.2,1.4,64.0,15.9,490.0,Cloudy,No_Impact,Good,51.93,4.36,100,0,Green,69.2,40.8,82.6,Excellent,4.65,78.4,Overdue,202,Healthy,No_Failure,No_Failure,14,Friday,5,Summer,False,False,Completed,2025-05-16 14:20:03,2025-05-16 14:26:27,0.0,10.3,Infrastructure,True,6.3
72708,Rajdhani 12,Rajdhani,Regional,ER,25.967306,90.988018,ADI,HWH,PNBE,SEC-ER-639,TRK-1,24.67,73.57,Up,2025-05-16 13:53:48,2025-05-16 14:07:48,12.12,102.7,2097.9,11,2025-05-16 15:53:48,1084.13,43.0,1.6,Running,0,1013.77,12.1,6.1,8.5,20.4,6.9,22.3,46.7,121.4,79032,28.3,72.1,24.65,2,44.05,24.5,0,1,28.9,NON00,No Delay Reported,No_Impact,,0,Not_Applicable,Not_Applicable,19.0,6.6,47.7,24.9,4494.0,Clear,No_Impact,Poor,35.45,6.46,60,0,Green,95.6,48.2,43.3,Fair,4.5,88.1,Up_to_Date,250,Healthy,No_Failure,No_Failure,15,Friday,5,Summer,True,False,Completed,2025-05-16 14:09:06,2025-05-16 14:15:06,0.0,13.7,No_Delay,True,9.1
80108,Vande Bharat 11,Vande Bharat,Premium,ECoR,11.445662,94.805918,PNBE,ASN,BRC,SEC-ECoR-275,TRK-3,94.59,139.24,Up,2025-05-16 18:19:54,2025-05-16 18:23:54,7.28,49.6,889.4,14,2025-05-16 18:45:54,578.61,83.8,74.9,Running,0,310.79,28.1,-5.0,15.6,14.9,11.5,18.1,90.0,47.7,49204,21.0,28.8,23.03,0,33.03,25.9,1,1,24.2,BLK08,Line Block / Engineering Work,High,2025-05-16 16:53:54,5,Unconfirmed,IoT_Sensor,23.7,7.2,78.6,15.1,10000.0,Cloudy,No_Impact,Good,49.34,0.17,0,0,Green,53.2,53.2,37.9,Needs_Inspection,5.03,83.8,Due_Soon,88,Degraded,No_Failure,No_Failure,18,Friday,5,Summer,False,True,Completed,2025-05-16 20:21:00,2025-05-16 20:26:48,0.0,46.2,Infrastructure,True,36.1
30937,Mail 18,Mail,Freight,CR,27.867828,76.485726,CNB,GAYA,DHN,SEC-CR-833,TRK-3,135.25,172.7,Up,2025-05-16 23:50:04,2025-05-17 00:01:04,25.4,72.9,1824.4,15,2025-05-17 02:25:04,888.89,107.9,13.2,Running,0,935.51,15.2,19.6,-4.1,18.5,16.6,4.3,61.9,75.1,33411,8.9,65.8,7.09,4,37.84,24.2,0,0,26.9,CNG04,Traffic Congestion,Medium,2025-05-17 01:35:04,84,Confirmed,Manual_Report,29.6,5.0,69.9,12.6,5994.0,Clear,Moderate,Good,41.6,5.45,0,1,Auto,55.1,60.1,37.2,Good,5.04,4.0,Due_Soon,291,Offline,Bearing_Overheat,Critical,2,Saturday,5,Summer,True,False,Completed,2025-05-17 00:10:10,2025-05-17 00:12:04,0.0,6.9,Traffic,False,0.0
51444,Express 28,Express,Premium,WCR,17.276145,94.674292,ALD,LKO,MAS,SEC-WCR-488,TRK-3,44.44,3.51,Down,2025-05-17 09:31:13,2025-05-17 09:46:13,34.76,70.9,2094.2,4,2025-05-17 12:23:13,1740.42,69.6,-0.3,Stopped_at_Station,44,353.78,-5.0,11.6,28.0,17.0,13.5,0.0,76.9,78.4,35143,-5.0,78.0,33.75,4,37.86,18.0,1,1,28.8,BLK08,Line Block / Engineering Work,High,2025-05-17 12:05:13,25,Confirmed,Station_Master,21.9,10.2,42.4,6.9,4041.0,Storm,Moderate,Good,28.26,5.45,75,0,Green,71.5,60.3,50.3,Excellent,6.54,32.4,Up_to_Date,153,Healthy,No_Failure,No_Failure,12,Saturday,5,Summer,True,False,Completed,2025-05-17 09:41:19,2025-05-17 09:45:31,0.0,10.4,Infrastructure,True,6.1
14041,Express 37,Express,Freight,NCR,11.076632,70.447915,SBC,NDLS,TDL,SEC-NCR-575,TRK-3,28.69,126.28,Down,2025-05-18 05:10:37,2025-05-18 05:17:37,35.03,91.8,1649.3,3,2025-05-18 07:21:37,893.29,65.1,16.5,Running,0,756.01,14.9,13.3,17.8,25.3,0.0,18.2,66.2,99.0,93127,25.2,51.0,6.24,5,10.64,8.5,0,0,27.1,NON00,No Delay Reported,No_Impact,,0,Not_Applicable,Not_Applicable,24.0,0.9,61.6,25.7,5337.0,Rain,Low,Good,27.82,4.52,0,0,Red,62.8,20.0,42.9,Good,5.06,44.9,Overdue,179,Healthy,No_Failure,No_Failure,7,Sunday,5,Summer,True,True,Completed,2025-05-18 05:32:43,2025-05-18 05:34:49,0.0,5.6,No_Delay,False,0.0
21863,Garib Rath 30,Garib Rath,Suburban,WCR,9.441122,72.793604,JP,MAS,NDLS,SEC-WCR-262,TRK-2,74.2,46.98,Down,2025-05-18 12:29:19,2025-05-18 12:38:19,33.49,25.6,916.2,12,2025-05-18 15:19:19,704.01,44.0,1.7,Halted_Signal,12,212.19,22.3,9.7,5.2,10.7,11.3,16.3,47.1,26.3,67627,-3.0,79.1,7.54,3,21.35,28.8,1,1,33.0,LCB05,Late Crew Boarding,Low,2025-05-18 13:27:19,61,Confirmed,Manual_Report,20.8,4.5,22.0,22.8,4285.0,Rain,No_Impact,Excellent,24.0,1.17,0,0,Auto,82.5,20.0,46.1,Fair,6.52,43.4,Up_to_Date,198,Healthy,No_Failure,No_Failure,15,Sunday,5,Summer,True,False,In_Transit,2025-05-18 12:31:31,,289.5,0.5,Operational,False,0.0
17604,Passenger 44,Passenger,Regional,SCR,23.145169,72.272981,VAPI,JHS,ST,SEC-SCR-766,TRK-2,90.18,132.36,Up,2025-05-18 15:14:20,2025-05-18 15:29:20,13.7,148.6,141.5,18,2025-05-18 16:39:20,105.25,60.5,15.2,Running,0,36.25,3.5,13.6,6.4,9.3,5.9,13.2,57.1,144.2,32604,4.7,88.0,24.13,1,30.23,17.8,0,0,39.5,NON00,No Delay Reported,No_Impact,,0,Not_Applicable,Not_Applicable,22.6,16.2,44.8,4.9,6380.0,Clear,No_Impact,Excellent,19.61,3.99,0,0,Green,82.2,61.5,55.3,Excellent,5.82,30.8,Up_to_Date,128,Healthy,No_Failure,No_Failure,16,Sunday,5,Summer,True,False,Completed,2025-05-18 15:41:56,2025-05-18 15:39:56,0.0,12.4,No_Delay,True,5.8
79908,Shatabdi 27,Shatabdi,Regional,SWR,19.656112,92.056614,ADI,MAS,PUNE,SEC-SWR-145,TRK-3,149.43,167.77,Down,2025-05-18 16:01:18,2025-05-18 16:03:18,14.62,29.2,83.0,4,2025-05-18 18:00:18,68.84,64.0,1.5,Running,0,14.16,11.0,21.3,13.5,22.3,7.5,11.1,78.3,41.1,29681,2.1,83.6,20.53,1,41.82,16.2,1,0,21.1,TRK02,Track Maintenance,Medium,2025-05-18 16:34:18,8,Confirmed,IoT_Sensor,25.4,4.0,76.9,3.8,6159.0,Cloudy,Moderate,Good,33.23,3.73,45,1,Green,70.3,50.9,40.7,Excellent,4.85,93.2,Overdue,342,Healthy,No_Failure,No_Failure,18,Sunday,5,Summer,True,True,Completed,2025-05-18 16:16:06,2025-05-18 16:24:00,0.0,13.3,Infrastructure,True,7.3
74534,Superfast 6,Superfast,Regional,ER,30.975648,85.93517,HWH,MAS,BPL,SEC-ER-765,TRK-2,140.38,107.13,Down,2025-05-18 23:38:02,2025-05-18 23:41:02,4.74,92.3,1290.0,10,2025-05-18 23:55:02,1053.37,77.0,2.2,Slow_Running,0,236.63,10.7,-3.8,0.1,8.0,9.5,16.4,57.9,88.1,15235,9.2,55.8,38.32,0,17.4,23.2,1,1,21.3,LCB05,Late Crew Boarding,Low,2025-05-18 23:45:02,70,Confirmed,Station_Master,39.2,1.0,50.0,13.0,6031.0,Fog,Low,Poor,41.06,0.18,45,0,Yellow,100.0,46.8,61.1,Good,5.04,91.1,Overdue,83,Healthy,No_Failure,No_Failure,23,Sunday,5,Summer,True,False,Completed,2025-05-18 23:46:14,2025-05-18 23:47:56,0.0,6.0,Operational,False,0.0
62270,Shatabdi 48,Shatabdi,Long-Distance,NCR,16.533903,71.673902,RTM,BZA,ASN,SEC-NCR-403,TRK-1,88.79,17.82,Down,2025-05-19 02:06:45,2025-05-19 02:20:45,18.76,102.4,627.6,15,2025-05-19 02:21:45,380.97,86.2,5.5,Running,0,246.63,14.3,24.7,4.3,18.9,6.0,17.4,75.9,106.4,84355,0.8,65.5,30.32,5,30.25,20.1,1,1,10.7,CNG04,Traffic Congestion,Medium,2025-05-19 02:07:45,89,Confirmed,Station_Master,23.5,3.4,73.2,16.7,3546.0,Haze,No_Impact,Poor,55.85,5.61,0,0,Auto,53.4,53.4,69.8,Excellent,4.56,51.6,Up_to_Date,114,Healthy,No_Failure,No_Failure,2,Monday,5,Summer,False,False,Completed,2025-05-19 02:16:39,2025-05-19 02:17:21,0.0,4.4,Traffic,False,0.0
35610,MEMU 11,MEMU,Suburban,CR,20.699399,83.691657,BCT,NDLS,SC,SEC-CR-973,TRK-3,26.15,12.35,Up,2025-05-19 09:41:20,2025-05-19 09:46:20,20.77,37.7,1816.6,11,2025-05-19 11:31:20,781.2,91.2,-1.4,Departed_Late,0,1035.4,16.9,9.2,7.7,19.4,19.7,14.8,54.0,43.1,92729,22.6,97.4,33.2,1,26.37,17.7,1,1,2.8,BLK08,Line Block / Engineering Work,High,2025-05-19 11:05:20,111,Unconfirmed,ML_Inference,17.6,0.0,18.7,0.2,1221.0,Rain,No_Impact,Fair,38.81,1.37,45,1,Green,76.8,76.6,53.9,Good,5.54,28.9,In_Progress,224,Healthy,No_Failure,No_Failure,11,Monday,5,Summer,False,False,Completed,2025-05-19 09:40:50,2025-05-19 09:39:14,0.0,0.9,Infrastructure,False,0.0
95838,Passenger 12,Passenger,Long-Distance,SCR,23.344205,70.635268,SBC,ADI,DHN,SEC-SCR-521,TRK-3,60.88,8.26,Down,2025-05-19 08:48:34,2025-05-19 08:51:34,18.59,53.1,1959.4,15,2025-05-19 11:44:34,844.18,79.3,4.4,Halted_Signal,23,1115.22,9.7,9.2,5.5,33.0,22.9,11.0,40.7,49.5,78238,13.0,60.6,27.38,4,47.18,28.5,1,1,22.7,NON00,No Delay Reported,No_Impact,,0,Not_Applicable,Not_Applicable,24.2,1.0,45.6,12.8,3840.0,Clear,Severe,Good,49.25,4.46,100,0,Yellow,71.5,68.4,22.6,Good,4.57,11.3,In_Progress,288,Healthy,No_Failure,No_Failure,11,Monday,5,Summer,False,False,Completed,2025-05-19 08:54:10,2025-05-19 08:53:22,0.0,1.2,No_Delay,False,0.0
19577,Superfast 43,Superfast,Regional,WCR,15.415387,82.767295,BZA,CSTM,HWH,SEC-WCR-557,TRK-3,61.97,92.59,Down,2025-05-19 09:43:18,2025-05-19 09:56:18,12.97,131.8,180.1,7,2025-05-19 11:58:18,38.27,57.7,25.8,Running,0,141.83,28.3,4.5,5.4,7.0,15.9,0.0,59.6,128.8,31181,25.9,84.2,9.95,0,5.03,43.1,1,1,57.4,CNG04,Traffic Congestion,Medium,2025-05-19 11:00:18,124,Confirmed,Control_Office,26.4,0.1,54.9,11.0,9609.0,Heavy_Rain,No_Impact,Excellent,15.99,5.2,0,0,Green,63.1,45.1,40.4,Excellent,6.57,16.6,In_Progress,148,Degraded,No_Failure,No_Failure,11,Monday,5,Summer,False,False,Completed,2025-05-19 10:08:18,2025-05-19 10:05:36,0.0,-0.8,Traffic,False,0.0
39552,Superfast 1,Superfast,Freight,NR,28.03076,96.851898,SBC,MAS,SC,SEC-NR-385,TRK-1,129.82,165.91,Up,2025-05-19 18:49:35,2025-05-19 18:52:35,2.4,152.0,278.9,10,2025-05-19 19:17:35,260.99,59.7,15.6,Terminated,0,17.91,20.9,6.7,7.5,20.9,13.5,12.9,70.3,153.5,68528,5.7,73.2,22.34,4,16.27,30.5,0,1,40.4,BLK08,Line Block / Engineering Work,High,2025-05-19 17:21:35,65,Unconfirmed,Manual_Report,18.7,0.0,53.7,27.7,5133.0,Rain,Low,Excellent,48.69,5.7,100,0,Green,71.3,64.7,61.4,Excellent,5.45,11.5,Due_Soon,248,Healthy,No_Failure,No_Failure,19,Monday,5,Summer,False,True,Completed,2025-05-19 19:23:41,2025-05-19 19:22:05,0.0,18.5,Infrastructure,True,14.1
13613,Garib Rath 11,Garib Rath,Suburban,NFR,20.376622,86.607026,ALD,PUNE,MGS,SEC-NFR-659,TRK-3,139.21,177.76,Up,2025-05-19 21:17:21,2025-05-19 21:31:21,23.39,163.8,691.0,6,2025-05-19 21:39:21,190.42,48.7,15.9,Running,0,500.58,-3.4,3.0,8.9,10.8,4.1,24.9,70.1,158.1,53742,6.5,68.2,10.21,0,11.86,44.8,0,1,39.9,WTH03,Adverse Weather,High,2025-05-19 19:52:21,141,Auto-Detected,Station_Master,30.0,2.2,50.4,22.7,2273.0,Clear,Moderate,Excellent,25.04,1.81,30,0,Auto,76.1,44.4,48.9,Good,4.31,89.9,Up_to_Date,344,Healthy,No_Failure,No_Failure,21,Monday,5,Summer,False,False,In_Transit,2025-05-19 21:49:27,,621.6,16.2,Weather,True,11.7
47633,Garib Rath 9,Garib Rath,Suburban,NER,26.659151,74.530674,NDLS,KOTA,RTM,SEC-NER-807,TRK-1,122.29,140.43,Up,2025-05-20 09:09:40,2025-05-20 09:18:40,17.68,158.7,1837.4,1,2025-05-20 11:16:40,903.86,101.4,68.1,Running,0,933.54,20.4,2.5,9.8,8.0,2.5,0.3,62.2,162.0,39325,4.5,73.8,31.76,2,14.01,14.9,1,0,51.9,SIG01,Signal Failure,High,2025-05-20 10:34:40,47,Confirmed,Control_Office,24.0,0.0,43.3,29.1,3321.0,Haze,No_Impact,Poor,22.45,3.86,30,0,Green,85.6,60.0,68.3,Needs_Inspection,4.35,56.3,Up_to_Date,146,Healthy,No_Failure,No_Failure,11,Tuesday,5,Summer,False,False,In_Transit,2025-05-20 10:46:22,,561.0,28.6,No_Delay,True,16.6
81559,Mail 30,Mail,Suburban,NER,23.907242,75.470041,SBC,KOTA,ADI,SEC-NER-348,TRK-2,54.07,23.15,Down,2025-05-20 11:34:19,2025-05-20 11:43:19,35.26,144.2,755.0,6,2025-05-20 11:31:19,388.3,71.7,12.0,Halted_Signal,1,366.7,6.4,12.4,-4.2,29.1,8.0,10.8,79.4,142.1,19865,0.1,106.8,39.21,0,29.26,14.7,1,0,34.4,NON00,No Delay Reported,No_Impact,,0,Not_Applicable,Not_Applicable,15.9,11.4,40.8,17.4,9271.0,Clear,No_Impact,Good,43.02,2.85,60,0,Yellow,75.7,35.7,22.8,Fair,5.77,93.5,Up_to_Date,80,Healthy,No_Failure,No_Failure,11,Tuesday,5,Summer,False,False,Not_Started,,,310.6,12.4,No_Delay,True,10.0
21692,MEMU 17,MEMU,Regional,SECR,27.174323,73.48234,NDLS,ALD,ADI,SEC-SECR-556,TRK-2,73.24,129.82,Down,2025-05-20 11:58:19,2025-05-20 12:09:19,10.1,125.1,543.5,10,2025-05-20 12:32:19,81.62,99.1,67.9,Running,0,461.88,7.5,-2.2,-5.0,17.7,14.4,8.5,81.0,130.9,54047,13.6,96.6,16.38,4,19.57,20.5,1,1,9.9,WTH03,Adverse Weather,High,2025-05-20 11:35:19,114,Confirmed,Control_Office,33.0,0.7,37.7,20.9,5830.0,Rain,No_Impact,Good,28.89,4.72,75,0,Green,77.1,42.4,72.1,Needs_Inspection,4.79,1.4,Up_to_Date,193,Healthy,No_Failure,No_Failure,12,Tuesday,5,Summer,False,False,Completed,2025-05-20 13:39:01,2025-05-20 13:40:07,0.0,32.8,Weather,True,23.6
59912,Superfast 34,Superfast,Regional,CR,14.097734,84.064976,CNB,BPL,BCT,SEC-CR-882,TRK-3,167.95,89.9,Up,2025-05-20 23:39:55,2025-05-20 23:58:55,17.76,164.4,657.7,11,2025-05-20 23:29:55,591.24,108.7,24.0,Stopped_at_Station,21,66.46,19.7,0.6,6.2,15.3,23.0,4.3,57.9,166.0,90819,9.0,69.4,33.69,2,26.25,30.4,1,1,41.4,CNG04,Traffic Congestion,Medium,2025-05-20 22:56:55,63,Confirmed,IoT_Sensor,15.5,0.0,53.4,1.8,10000.0,Clear,No_Impact,Excellent,34.39,4.67,0,1,Green,47.3,61.8,61.0,Excellent,4.67,80.6,In_Progress,314,Offline,No_Failure,No_Failure,23,Tuesday,5,Summer,True,False,In_Transit,2025-05-21 00:33:07,,45.4,29.2,Traffic,True,18.6
69571,DEMU 25,DEMU,Long-Distance,SWR,16.791357,68.680252,BPL,BZA,PUNE,SEC-SWR-125,TRK-1,39.02,147.92,Up,2025-05-21 05:15:25,2025-05-21 05:34:25,17.79,39.9,289.6,0,2025-05-21 06:11:25,227.68,92.0,0.4,Running,0,61.92,19.2,7.1,3.1,0.0,28.7,11.1,40.1,37.7,23379,10.7,61.0,18.8,2,32.12,14.4,1,0,25.2,BLK08,Line Block / Engineering Work,High,2025-05-21 06:00:25,98,Auto-Detected,Manual_Report,29.3,2.3,26.8,2.2,3151.0,Rain,Low,Fair,30.42,6.27,0,0,Green,47.2,53.9,54.7,Fair,4.6,88.4,Due_Soon,213,Healthy,Bearing_Overheat,Minor,6,Wednesday,5,Summer,False,False,Completed,2025-05-21 05:24:31,2025-05-21 05:24:31,0.0,8.7,Infrastructure,False,0.0
78752,Vande Bharat 26,Vande Bharat,Long-Distance,NFR,27.990568,94.18367,BCT,DHN,JP,SEC-NFR-276,TRK-3,21.44,102.57,Down,2025-05-21 05:21:08,2025-05-21 05:39:08,14.95,54.1,1501.6,15,2025-05-21 07:35:08,1421.88,92.0,-2.2,Running,0,79.72,-5.0,6.8,13.1,17.8,11.2,4.9,68.7,43.5,95771,18.2,110.1,20.62,1,27.66,20.3,0,1,62.6,TRK02,Track Maintenance,Medium,2025-05-21 06:11:08,8,Confirmed,Control_Office,32.2,3.3,73.4,4.7,7452.0,Haze,Moderate,Good,38.76,2.97,0,0,Yellow,46.6,56.4,57.4,Good,5.97,6.7,Due_Soon,270,Healthy,HVAC_Failure,Moderate,7,Wednesday,5,Summer,False,True,Not_Started,,,58.1,20.4,Infrastructure,True,18.0
47655,Freight 3,Freight,Regional,ER,11.842037,70.517813,JP,SBC,DHN,SEC-ER-281,TRK-3,19.27,104.04,Up,2025-05-21 07:12:56,2025-05-21 07:25:56,26.65,11.4,913.8,3,2025-05-21 10:01:56,270.01,49.2,63.7,Running,0,643.79,-1.9,30.1,10.8,5.7,15.2,10.1,76.1,10.4,58801,-5.0,64.8,35.19,5,12.28,16.0,1,0,9.2,CNG04,Traffic Congestion,Medium,2025-05-21 09:02:56,147,Confirmed,IoT_Sensor,20.1,0.1,54.4,0.0,10000.0,Cloudy,Low,Under_Repair,27.12,3.77,0,0,Green,100.0,43.8,58.5,Good,4.69,91.7,In_Progress,331,Degraded,No_Failure,No_Failure,10,Wednesday,5,Summer,False,False,In_Transit,2025-05-21 08:54:14,,796.4,37.6,Traffic,True,23.3
28212,DEMU 21,DEMU,Suburban,SWR,26.432129,72.855178,ALD,CNB,LKO,SEC-SWR-767,TRK-1,135.63,68.08,Up,2025-05-21 12:32:44,2025-05-21 12:41:44,35.07,136.6,1366.3,8,2025-05-21 14:02:44,215.35,98.3,3.7,Halted_Signal,41,1150.95,18.5,12.4,3.6,9.6,11.3,12.3,63.8,139.1,98277,9.8,93.0,3.82,5,40.56,24.2,1,0,51.3,BLK08,Line Block / Engineering Work,High,2025-05-21 13:23:44,83,Confirmed,ML_Inference,31.9,0.9,75.8,6.4,5598.0,Heavy_Rain,No_Impact,Good,43.21,3.31,0,1,Green,94.8,63.0,29.2,Fair,5.63,9.7,Up_to_Date,246,Healthy,No_Failure,No_Failure,14,Wednesday,5,Summer,False,False,In_Transit,2025-05-21 12:50:02,,706.6,13.6,Infrastructure,True,10.1
20700,MEMU 40,MEMU,Long-Distance,SECR,27.00201,82.149175,NDLS,GAYA,AGC,SEC-SECR-104,TRK-2,150.83,57.06,Down,2025-05-21 14:22:01,2025-05-21 14:32:01,32.11,55.3,1297.5,5,2025-05-21 15:56:01,1227.03,78.9,18.1,Running,0,70.47,11.2,-1.1,20.5,31.7,9.9,10.6,92.9,50.1,81318,11.3,90.6,21.25,0,14.05,27.0,1,0,58.8,LCB05,Late Crew Boarding,Low,2025-05-21 15:12:01,73,Unconfirmed,ML_Inference,37.4,3.8,42.1,22.9,4669.0,Rain,No_Impact,Fair,32.98,2.45,0,0,Yellow,77.8,54.1,65.0,Good,6.64,46.0,Up_to_Date,137,Healthy,Axle_Fault,Moderate,15,Wednesday,5,Summer,False,False,Completed,2025-05-21 14:59:43,2025-05-21 15:02:01,0.0,19.6,Operational,True,10.7
98597,Passenger 49,Passenger,Long-Distance,NCR,15.750394,75.635733,PNBE,ST,PUNE,SEC-NCR-484,TRK-3,150.85,151.43,Up,2025-05-21 16:46:19,2025-05-21 17:00:19,11.21,76.2,1895.9,4,2025-05-21 19:37:19,913.26,84.0,74.1,Running,0,982.64,2.1,8.9,-2.1,24.3,2.9,15.4,49.1,89.7,64333,-5.0,66.1,1.46,4,24.68,39.1,1,0,44.4,NON00,No Delay Reported,No_Impact,,0,Not_Applicable,Not_Applicable,26.1,3.1,19.1,1.8,5572.0,Clear,No_Impact,Excellent,38.65,2.52,0,0,Green,89.0,57.4,39.6,Good,3.71,15.3,Up_to_Date,56,Healthy,No_Failure,No_Failure,19,Wednesday,5,Summer,False,True,Completed,2025-05-21 18:41:43,2025-05-21 18:43:55,0.0,41.3,No_Delay,True,28.4
42751,MEMU 18,MEMU,Long-Distance,ECoR,25.183877,84.094239,JP,AGC,PUNE,SEC-ECoR-614,TRK-3,144.25,113.99,Down,2025-05-21 20:08:43,2025-05-21 20:23:43,23.19,18.4,959.8,6,2025-05-21 20:52:43,729.34,76.8,-2.8,Running,0,230.46,9.8,7.7,4.4,13.1,15.2,20.6,57.0,17.5,57734,9.2,56.4,28.38,4,32.49,6.4,0,1,52.1,WTH03,Adverse Weather,High,2025-05-21 20:39:43,102,Auto-Detected,IoT_Sensor,29.6,2.5,43.1,0.0,8398.0,Rain,No_Impact,Excellent,35.63,1.91,0,0,Green,46.6,38.0,46.1,Excellent,5.44,63.7,Due_Soon,90,Healthy,No_Failure,No_Failure,20,Wednesday,5,Summer,True,True,Completed,2025-05-21 20:26:07,2025-05-21 20:31:25,0.0,20.2,Weather,True,15.1
82061,Vande Bharat 4,Vande Bharat,Long-Distance,WR,29.302893,75.210382,NDLS,BCT,AGC,SEC-WR-241,TRK-3,119.87,120.75,Up,2025-05-21 23:24:12,2025-05-21 23:33:12,13.61,93.1,739.1,16,2025-05-22 01:37:12,68.49,50.7,35.5,Slow_Running,0,670.61,2.8,11.4,14.9,12.7,13.7,16.8,90.0,92.3,33526,9.0,73.3,25.11,3,2.56,29.1,0,1,66.8,MEC06,Mechanical Failure,High,2025-05-21 23:56:12,29,Unconfirmed,Manual_Report,23.4,0.0,42.3,0.0,6213.0,Clear,No_Impact,Under_Repair,21.76,3.32,0,0,Green,88.4,77.3,50.4,Fair,4.7,36.3,Due_Soon,242,Healthy,No_Failure,No_Failure,1,Thursday,5,Summer,False,False,Completed,2025-05-22 00:30:42,2025-05-22 00:31:12,0.0,31.0,Mechanical,True,16.7
97579,Garib Rath 18,Garib Rath,Long-Distance,NCR,14.996893,69.664795,ASN,KOTA,SC,SEC-NCR-482,TRK-3,26.62,162.76,Up,2025-05-22 01:11:35,2025-05-22 01:20:35,24.85,140.3,1266.7,1,2025-05-22 03:29:35,1088.05,64.1,19.5,Running,0,178.65,4.5,9.7,15.7,22.8,5.7,11.5,84.1,136.9,90701,13.0,92.4,22.81,3,37.61,23.9,1,1,33.2,NON00,No Delay Reported,No_Impact,,0,Not_Applicable,Not_Applicable,20.4,0.8,63.4,19.2,8107.0,Cloudy,No_Impact,Fair,36.21,3.42,45,1,Yellow,95.1,29.9,59.0,Excellent,5.38,45.9,In_Progress,116,Degraded,No_Failure,No_Failure,3,Thursday,5,Summer,False,False,In_Transit,2025-05-22 01:42:11,,170.6,11.1,No_Delay,True,9.0
11990,Freight 8,Freight,Suburban,NFR,11.578846,72.67876,TDL,BZA,SC,SEC-NFR-812,TRK-2,73.83,31.58,Down,2025-05-22 02:58:26,2025-05-22 03:10:26,6.76,31.3,1216.1,4,2025-05-22 05:47:26,71.24,85.2,4.8,Running,0,1144.86,4.9,-5.0,2.1,20.8,11.0,2.9,67.6,33.4,62632,0.8,51.8,9.64,0,32.87,15.8,0,0,14.1,WTH03,Adverse Weather,High,2025-05-22 04:43:26,92,Confirmed,ML_Inference,34.1,3.3,75.5,21.9,10000.0,Rain,Moderate,Fair,44.77,2.53,45,0,Yellow,66.6,64.3,30.8,Good,5.2,32.6,Due_Soon,102,Healthy,No_Failure,No_Failure,5,Thursday,5,Summer,False,False,Completed,2025-05-22 03:22:08,2025-05-22 03:24:26,0.0,18.9,Weather,True,16.3
93479,DEMU 34,DEMU,Suburban,NR,16.541977,75.234268,MAS,GAYA,DHN,SEC-NR-791,TRK-2,5.17,50.55,Up,2025-05-22 13:51:26,2025-05-22 14:10:26,12.65,64.3,175.4,9,2025-05-22 15:42:26,100.27,113.9,27.5,Running,0,75.13,8.9,19.2,17.1,0.0,7.1,11.8,45.3,59.6,45478,13.7,68.1,14.43,0,9.84,21.6,1,1,49.8,NON00,No Delay Reported,No_Impact,,0,Not_Applicable,Not_Applicable,25.0,3.6,65.6,12.7,8950.0,Clear,Moderate,Excellent,41.5,5.09,0,0,Double_Yellow,76.6,67.8,47.2,Good,6.16,28.8,Up_to_Date,317,Faulty,No_Failure,No_Failure,15,Thursday,5,Summer,False,False,Completed,2025-05-22 14:30:50,2025-05-22 14:28:26,0.0,11.9,No_Delay,True,9.2
18610,DEMU 46,DEMU,Freight,NWR,13.8713,82.495832,NDLS,RTM,TDL,SEC-NWR-805,TRK-1,74.13,56.33,Down,2025-05-22 16:31:08,2025-05-22 16:36:08,27.97,159.9,1606.2,2,2025-05-22 17:06:08,1007.96,44.8,26.1,Running,0,598.24,28.8,24.9,13.3,22.1,14.3,18.4,75.4,151.3,98912,11.3,81.6,35.77,2,28.03,18.3,1,1,15.1,TRK02,Track Maintenance,Medium,2025-05-22 15:55:08,134,Unconfirmed,IoT_Sensor,39.6,0.8,46.5,6.2,6803.0,Rain,Moderate,Fair,48.2,2.3,0,0,Green,42.1,36.5,55.2,Excellent,4.96,32.5,Overdue,54,Healthy,No_Failure,No_Failure,17,Thursday,5,Summer,False,True,Completed,2025-05-22 16:52:50,2025-05-22 16:52:38,0.0,-4.4,Infrastructure,False,0.0
40832,Vande Bharat 15,Vande Bharat,Long-Distance,WCR,22.707772,71.848171,AGC,SC,LKO,SEC-WCR-562,TRK-2,28.65,84.76,Up,2025-05-23 17:57:54,2025-05-23 18:01:54,25.36,35.6,439.9,1,2025-05-23 19:27:54,77.69,43.9,-0.9,Stopped_at_Station,44,362.21,4.3,6.4,11.6,14.7,14.0,7.8,81.5,28.4,45164,19.3,90.3,3.5,5,30.1,9.2,0,1,12.0,ANI09,Animal / Obstruction on Track,Medium,2025-05-23 17:34:54,165,Auto-Detected,Manual_Report,32.9,3.1,59.5,3.5,5711.0,Cloudy,No_Impact,Excellent,19.33,4.13,0,0,Green,50.4,87.2,43.9,Excellent,5.29,36.8,Due_Soon,305,Healthy,No_Failure,No_Failure,19,Friday,5,Summer,False,True,Completed,2025-05-23 18:06:18,2025-05-23 18:02:48,0.0,9.3,Traffic,False,0.0
48328,Mail 46,Mail,Suburban,NR,30.636366,90.46094,GAYA,CNB,BRC,SEC-NR-829,TRK-1,116.33,87.6,Up,2025-05-23 18:13:24,2025-05-23 18:22:24,20.28,88.2,1892.6,7,2025-05-23 20:37:24,1070.58,99.1,5.9,Running,0,822.02,10.3,7.5,2.6,16.9,10.8,20.4,47.5,81.7,67850,12.0,86.1,38.3,2,37.34,25.5,1,1,0.6,NON00,No Delay Reported,No_Impact,,0,Not_Applicable,Not_Applicable,34.7,2.9,84.6,23.4,4413.0,Clear,No_Impact,Excellent,47.85,0.0,45,1,Green,100.0,25.3,36.4,Good,5.63,32.1,Overdue,331,Healthy,HVAC_Failure,Critical,20,Friday,5,Summer,False,True,Completed,2025-05-23 18:28:42,2025-05-23 18:30:12,0.0,9.4,No_Delay,False,0.0
75725,Vande Bharat 5,Vande Bharat,Regional,NCR,27.542702,95.140579,TDL,RTM,MAS,SEC-NCR-252,TRK-3,155.69,6.75,Down,2025-05-24 15:55:28,2025-05-24 16:06:28,34.38,94.3,1681.0,17,2025-05-24 16:48:28,1471.09,67.8,-0.8,Running,0,209.91,7.1,0.6,0.0,19.3,6.0,30.5,61.5,95.0,71141,-5.0,70.5,27.59,5,35.61,32.9,0,1,12.8,NON00,No Delay Reported,No_Impact,,0,Not_Applicable,Not_Applicable,22.3,1.4,48.9,14.4,7995.0,Storm,Low,Fair,28.15,4.67,0,1,Green,83.7,45.7,42.9,Fair,5.05,11.0,Up_to_Date,361,Degraded,No_Failure,No_Failure,16,Saturday,5,Summer,True,False,Completed,2025-05-24 15:45:46,2025-05-24 15:43:58,0.0,-8.9,No_Delay,False,0.0
43341,DEMU 45,DEMU,Premium,NR,12.821488,88.313622,ALD,ADI,MAS,SEC-NR-140,TRK-1,83.03,146.32,Down,2025-05-24 17:27:17,2025-05-24 17:31:17,13.64,32.7,360.5,18,2025-05-24 18:14:17,185.4,127.3,3.6,Running,0,175.1,6.1,12.2,6.9,15.8,0.0,15.2,70.0,41.8,25910,13.7,81.8,33.32,5,16.7,11.3,1,1,35.8,LCB05,Late Crew Boarding,Low,2025-05-24 17:18:17,101,Auto-Detected,Station_Master,26.2,0.0,74.7,12.0,3499.0,Clear,No_Impact,Fair,26.02,6.06,0,0,Green,51.1,50.8,59.7,Good,4.07,29.1,Overdue,259,Degraded,No_Failure,No_Failure,18,Saturday,5,Summer,True,True,Completed,2025-05-24 17:25:17,2025-05-24 17:27:47,0.0,-5.6,Operational,False,0.0
65967,Vande Bharat 46,Vande Bharat,Long-Distance,ECR,28.95285,87.313353,CNB,JP,NDLS,SEC-ECR-329,TRK-2,162.66,41.15,Up,2025-05-24 21:26:39,2025-05-24 21:43:39,5.95,47.1,169.4,2,2025-05-24 22:13:39,63.19,39.9,12.7,Running,0,106.21,11.4,8.0,15.4,33.2,12.3,10.0,39.2,47.1,27768,14.2,64.1,12.14,2,3.52,5.8,0,1,31.6,NON00,No Delay Reported,No_Impact,,0,Not_Applicable,Not_Applicable,23.2,1.6,60.5,9.5,10000.0,Haze,No_Impact,Fair,34.17,2.35,0,0,Double_Yellow,58.2,44.7,51.4,Excellent,5.37,67.0,Up_to_Date,175,Healthy,No_Failure,No_Failure,22,Saturday,5,Summer,True,False,In_Transit,2025-05-24 21:51:03,,163.2,11.7,No_Delay,True,6.5
76294,Freight 42,Freight,Long-Distance,CR,8.268427,89.122455,GAYA,CSTM,ALD,SEC-CR-696,TRK-2,158.58,149.46,Down,2025-05-25 07:18:40,2025-05-25 07:22:40,29.1,37.6,2034.7,17,2025-05-25 09:30:40,1363.34,52.4,44.6,Stopped_at_Station,11,671.36,9.7,14.9,21.0,5.2,1.8,4.3,40.2,38.7,82071,15.7,72.3,32.9,3,35.1,16.5,0,1,52.9,SIG01,Signal Failure,High,2025-05-25 08:24:40,10,Auto-Detected,Station_Master,38.2,0.0,53.0,31.2,20.0,Clear,Moderate,Fair,29.48,3.73,75,1,Green,82.5,20.0,47.0,Excellent,5.51,90.0,Overdue,192,Healthy,No_Failure,No_Failure,9,Sunday,5,Summer,True,True,Completed,2025-05-25 08:36:34,2025-05-25 08:38:28,0.0,33.3,No_Delay,True,24.5
42458,Freight 18,Freight,Long-Distance,ECoR,20.009586,81.92775,HWH,MAS,TDL,SEC-ECoR-308,TRK-2,21.22,125.89,Down,2025-05-25 19:39:48,2025-05-25 19:45:48,16.2,49.9,702.0,14,2025-05-25 22:36:48,549.58,94.0,-2.9,Running,0,152.42,4.8,8.9,0.2,21.6,10.9,15.7,74.8,41.7,55866,27.7,81.6,36.97,3,40.67,9.5,0,1,5.9,TRK02,Track Maintenance,Medium,2025-05-25 21:09:48,171,Confirmed,ML_Inference,33.3,0.9,29.8,12.7,5273.0,Heavy_Rain,Low,Good,50.5,5.25,0,0,Green,80.5,75.3,50.4,Excellent,4.73,78.7,In_Progress,10,Healthy,No_Failure,No_Failure,22,Sunday,5,Summer,True,False,Completed,2025-05-25 19:45:48,2025-05-25 19:51:48,0.0,8.9,Infrastructure,False,0.0
53142,Passenger 49,Passenger,Suburban,SCR,16.930145,84.734885,HWH,GAYA,JP,SEC-SCR-736,TRK-1,153.81,53.88,Down,2025-05-25 22:47:05,2025-05-25 22:54:05,16.45,153.3,286.6,16,2025-05-25 22:53:05,80.91,117.2,52.4,Running,0,205.69,17.2,11.1,21.2,17.8,13.3,18.7,51.8,156.9,55104,-0.7,58.1,38.82,3,1.82,30.8,1,0,49.6,TRK02,Track Maintenance,Medium,2025-05-25 21:50:05,48,Confirmed,Station_Master,22.9,2.7,49.5,16.5,7186.0,Cloudy,No_Impact,Fair,31.35,4.59,45,0,Green,100.0,40.0,63.6,Good,4.6,72.6,In_Progress,129,Healthy,Brake_Wear,Moderate,22,Sunday,5,Summer,True,False,In_Transit,2025-05-25 23:59:53,,111.4,20.4,Infrastructure,True,8.5
28160,Duronto 48,Duronto,Long-Distance,ECR,13.397768,75.469292,AGC,JHS,GWL,SEC-ECR-374,TRK-3,16.98,5.48,Up,2025-05-26 15:26:10,2025-05-26 15:37:10,19.14,66.9,165.9,0,2025-05-26 17:30:10,73.31,53.5,11.7,Slow_Running,0,92.59,4.5,6.2,5.0,6.8,9.0,10.3,77.3,71.1,41197,8.0,38.1,13.72,1,1.06,6.2,1,1,34.9,NON00,No Delay Reported,No_Impact,,0,Not_Applicable,Not_Applicable,34.1,11.3,73.5,6.6,8570.0,Clear,No_Impact,Fair,11.48,4.46,0,0,Green,80.3,75.9,44.7,Excellent,4.34,7.0,In_Progress,96,Healthy,No_Failure,No_Failure,17,Monday,5,Summer,False,True,Completed,2025-05-26 15:45:46,2025-05-26 15:49:16,0.0,7.9,No_Delay,False,0.0
10492,Vande Bharat 23,Vande Bharat,Regional,SWR,33.416199,79.752965,ASN,BRC,AGC,SEC-SWR-868,TRK-2,114.19,71.7,Up,2025-05-26 22:54:33,2025-05-26 23:13:33,6.92,66.8,1162.1,15,2025-05-27 01:28:33,1.38,92.2,21.4,Running,0,1160.72,4.1,16.8,-2.1,14.3,10.4,19.9,68.3,67.6,55485,6.9,71.0,16.62,2,36.42,9.5,1,1,58.2,CNG04,Traffic Congestion,Medium,2025-05-27 00:48:33,134,Auto-Detected,Control_Office,16.3,0.0,61.4,18.6,10000.0,Rain,No_Impact,Excellent,23.18,4.06,100,0,Green,76.4,84.2,76.5,Good,4.62,20.6,Overdue,338,Healthy,Door_Malfunction,Critical,1,Tuesday,5,Summer,False,False,Not_Started,,,759.7,14.5,Traffic,True,9.2
37929,Rajdhani 16,Rajdhani,Long-Distance,WR,19.45662,84.39977,ST,SBC,BRC,SEC-WR-328,TRK-3,95.27,25.0,Up,2025-05-27 01:39:45,2025-05-27 01:49:45,3.82,71.7,1571.3,7,2025-05-27 04:31:45,21.97,95.4,-0.1,Halted_Signal,37,1549.33,13.5,8.2,23.5,9.0,13.2,17.0,72.0,70.8,46466,12.8,52.9,27.71,1,49.38,27.8,1,1,18.1,NON00,No Delay Reported,No_Impact,,0,Not_Applicable,Not_Applicable,23.3,3.3,68.2,10.4,4068.0,Rain,Low,Fair,23.55,4.95,45,0,Yellow,57.9,58.2,21.3,Good,6.92,44.3,Overdue,56,Faulty,No_Failure,No_Failure,4,Tuesday,5,Summer,False,False,Completed,2025-05-27 01:42:33,2025-05-27 01:36:09,0.0,2.9,No_Delay,False,0.0
26331,Garib Rath 2,Garib Rath,Long-Distance,NCR,16.224609,96.769017,BPL,GAYA,GWL,SEC-NCR-163,TRK-3,164.5,33.98,Down,2025-05-27 05:23:53,2025-05-27 05:30:53,3.43,47.0,1767.6,19,2025-05-27 05:36:53,22.3,96.3,19.7,Running,0,1745.3,9.5,11.0,8.6,17.3,0.0,11.7,79.7,48.0,61103,6.5,67.3,27.08,3,30.29,7.2,1,1,38.5,TRK02,Track Maintenance,Medium,2025-05-27 03:40:53,126,Confirmed,IoT_Sensor,31.0,0.0,37.9,10.0,6930.0,Clear,No_Impact,Good,62.43,3.66,45,1,Auto,95.7,42.0,20.0,Good,4.99,9.7,Overdue,193,Healthy,No_Failure,No_Failure,5,Tuesday,5,Summer,False,False,Completed,2025-05-27 06:04:47,2025-05-27 06:03:53,0.0,21.2,Infrastructure,True,16.3
65467,Express 10,Express,Suburban,WCR,13.096322,91.083276,VAPI,PUNE,RTM,SEC-WCR-912,TRK-3,120.9,145.28,Up,2025-05-27 10:31:03,2025-05-27 10:41:03,8.81,130.8,625.6,15,2025-05-27 11:14:03,66.38,78.5,10.3,Running,0,559.22,9.7,9.7,26.6,20.0,14.3,9.6,55.3,135.6,97380,16.6,70.7,38.07,3,26.33,36.6,1,1,10.3,NON00,No Delay Reported,No_Impact,,0,Not_Applicable,Not_Applicable,21.0,5.0,37.7,9.9,4859.0,Heavy_Rain,No_Impact,Good,38.56,2.61,0,0,Green,73.6,83.6,25.8,Critical,5.29,35.7,Up_to_Date,166,Healthy,HVAC_Failure,Minor,11,Tuesday,5,Summer,False,False,Completed,2025-05-27 10:44:33,2025-05-27 10:48:27,0.0,3.2,No_Delay,False,0.0
18920,Rajdhani 16,Rajdhani,Long-Distance,ECoR,20.831658,94.513002,DHN,ALD,GWL,SEC-ECoR-470,TRK-1,147.95,149.65,Down,2025-05-29 04:13:21,2025-05-29 04:26:21,6.01,22.5,1704.2,3,2025-05-29 06:06:21,488.29,86.2,26.6,Slow_Running,0,1215.91,16.2,19.5,4.7,6.3,18.6,5.7,80.6,19.5,22407,9.0,127.7,17.51,2,10.95,8.0,0,1,2.7,PSG07,Passenger Emergency,Medium,2025-05-29 04:15:21,93,Confirmed,Station_Master,30.9,0.0,29.6,18.0,8007.0,Heavy_Rain,Low,Good,52.22,0.0,0,0,Green,94.7,71.9,43.5,Fair,6.2,51.4,Due_Soon,258,Healthy,No_Failure,No_Failure,6,Thursday,5,Summer,False,False,Completed,2025-05-29 04:48:21,2025-05-29 04:52:21,0.0,8.4,Operational,False,0.0
68485,Passenger 6,Passenger,Freight,ECoR,15.94801,83.000604,PNBE,NGP,ASN,SEC-ECoR-766,TRK-2,130.96,116.52,Up,2025-05-29 08:17:29,2025-05-29 08:31:29,21.54,130.6,1221.4,8,2025-05-29 11:07:29,749.22,24.3,39.8,Running,0,472.18,8.9,0.7,16.7,19.4,12.8,12.1,79.3,132.5,96729,2.2,97.3,10.71,0,31.43,16.4,1,0,41.3,WTH03,Adverse Weather,High,2025-05-29 09:35:29,96,Auto-Detected,ML_Inference,36.0,6.1,100.0,0.0,5164.0,Fog,No_Impact,Excellent,31.3,3.58,0,0,Green,98.3,54.0,44.3,Fair,5.48,31.8,In_Progress,340,Healthy,No_Failure,No_Failure,11,Thursday,5,Summer,False,False,In_Transit,2025-05-29 09:20:41,,1172.9,23.4,Weather,True,12.8
54555,Freight 2,Freight,Long-Distance,SWR,32.292028,71.515714,NDLS,CNB,SC,SEC-SWR-191,TRK-3,39.38,176.07,Up,2025-05-29 23:32:26,2025-05-29 23:51:26,25.57,24.4,1315.4,12,2025-05-30 01:14:26,132.62,127.2,11.4,Running,0,1182.78,1.7,19.8,18.4,17.2,15.3,4.8,52.5,34.7,57223,16.7,99.6,25.83,3,6.45,27.3,1,1,33.3,SIG01,Signal Failure,High,2025-05-30 00:56:26,112,Unconfirmed,Station_Master,32.6,1.0,16.6,8.7,10000.0,Storm,Severe,Fair,31.76,3.34,0,0,Yellow,95.6,30.3,29.2,Needs_Inspection,3.67,31.9,Overdue,253,Healthy,Axle_Fault,Minor,1,Friday,5,Summer,False,False,Completed,2025-05-29 23:54:56,2025-05-29 23:57:26,0.0,11.1,No_Delay,True,9.8
22713,Vande Bharat 2,Vande Bharat,Freight,CR,21.421543,92.441625,SC,ALD,LKO,SEC-CR-526,TRK-3,33.8,83.0,Up,2025-05-30 04:02:33,2025-05-30 04:08:33,27.13,78.9,997.8,3,2025-05-30 05:52:33,760.88,97.4,17.2,Running,0,236.92,17.8,7.4,6.7,20.4,12.7,13.4,64.3,84.6,40089,3.4,62.3,19.86,4,25.57,26.3,0,1,35.5,PSG07,Passenger Emergency,Medium,2025-05-30 05:15:33,52,Confirmed,Manual_Report,20.4,0.0,41.3,19.2,1737.0,Clear,No_Impact,Excellent,36.85,4.34,0,0,Auto,93.2,42.8,38.0,Excellent,4.6,66.4,Due_Soon,148,Healthy,No_Failure,No_Failure,5,Friday,5,Summer,False,False,Completed,2025-05-30 04:38:45,2025-05-30 04:36:27,0.0,19.0,Operational,True,14.5
90732,Freight 47,Freight,Long-Distance,NFR,16.687814,80.29864,CNB,NGP,BRC,SEC-NFR-885,TRK-1,12.58,36.38,Down,2025-05-30 06:27:19,2025-05-30 06:46:19,10.3,38.8,267.2,12,2025-05-30 09:17:19,135.34,80.0,12.9,Running,0,131.86,8.1,16.7,19.9,16.1,11.2,12.0,79.2,39.6,23139,16.8,66.0,38.12,0,32.73,18.8,0,1,35.2,TRK02,Track Maintenance,Medium,2025-05-30 08:38:19,44,Auto-Detected,Control_Office,21.3,0.0,48.8,7.6,703.0,Clear,Low,Under_Repair,61.51,2.19,0,1,Yellow,84.1,72.9,43.5,Needs_Inspection,5.07,70.6,Due_Soon,339,Healthy,HVAC_Failure,Minor,9,Friday,5,Summer,True,True,Completed,2025-05-30 06:55:07,2025-05-30 06:57:19,0.0,14.9,Infrastructure,True,8.0
23707,Freight 12,Freight,Regional,SECR,14.819263,72.130504,ST,ALD,PUNE,SEC-SECR-433,TRK-2,110.26,6.95,Up,2025-05-30 10:08:46,2025-05-30 10:19:46,12.4,33.6,1743.2,10,2025-05-30 10:45:46,1063.16,95.5,22.9,Stopped_at_Station,22,680.04,24.5,-2.2,-2.6,9.4,8.7,29.6,57.6,42.5,18229,8.4,83.6,21.87,1,39.69,26.3,1,1,32.6,CNG04,Traffic Congestion,Medium,2025-05-30 09:53:46,33,Auto-Detected,Control_Office,28.4,0.7,53.8,3.4,6016.0,Storm,No_Impact,Good,35.86,4.37,45,0,Double_Yellow,92.6,56.2,20.0,Fair,3.53,46.6,Due_Soon,310,Healthy,No_Failure,No_Failure,10,Friday,5,Summer,False,False,Completed,2025-05-30 10:53:46,2025-05-30 10:55:34,0.0,22.1,Traffic,True,16.8
71012,Vande Bharat 37,Vande Bharat,Long-Distance,SR,32.344612,78.951639,ASN,GAYA,MGS,SEC-SR-362,TRK-2,134.36,95.46,Up,2025-05-30 12:25:55,2025-05-30 12:38:55,4.31,64.0,236.9,6,2025-05-30 14:22:55,51.95,66.1,17.8,Running,0,184.95,18.3,26.2,21.9,16.9,15.2,14.4,84.9,69.7,91908,15.8,51.7,28.21,1,34.64,42.4,0,1,16.8,WTH03,Adverse Weather,High,2025-05-30 13:33:55,111,Confirmed,Control_Office,24.4,0.8,67.8,12.4,8105.0,Rain,No_Impact,Fair,26.28,1.57,0,0,Green,56.8,66.3,66.2,Good,4.5,34.0,Up_to_Date,172,Healthy,No_Failure,No_Failure,14,Friday,5,Summer,False,False,Completed,2025-05-30 12:49:49,2025-05-30 12:46:13,0.0,6.1,Weather,False,0.0
23809,Mail 46,Mail,Regional,CR,16.361724,73.024335,CNB,PNBE,BRC,SEC-CR-716,TRK-1,158.15,175.23,Up,2025-05-30 16:06:25,2025-05-30 16:16:25,3.39,122.6,1498.7,10,2025-05-30 18:11:25,1211.92,62.4,82.5,Slow_Running,0,286.78,6.1,20.2,15.2,15.4,10.9,22.6,79.0,117.2,74052,9.8,62.9,6.45,2,19.62,7.5,0,0,41.0,CNG04,Traffic Congestion,Medium,2025-05-30 16:54:25,126,Unconfirmed,Control_Office,40.9,2.2,40.8,14.5,3949.0,Cloudy,No_Impact,Poor,17.58,2.86,100,0,Green,66.7,55.4,76.4,Excellent,5.61,52.6,In_Progress,100,Offline,No_Failure,No_Failure,18,Friday,5,Summer,False,True,Completed,2025-05-30 18:10:55,2025-05-30 18:08:07,0.0,42.0,Traffic,True,23.6
30421,Shatabdi 22,Shatabdi,Regional,NR,24.190405,84.85855,SBC,ALD,MAS,SEC-NR-216,TRK-1,48.28,123.46,Down,2025-05-30 18:57:22,2025-05-30 19:12:22,35.29,177.4,210.9,11,2025-05-30 20:25:22,17.55,53.3,9.1,Running,0,193.35,-4.2,-3.7,4.4,13.8,7.8,7.2,79.3,172.2,88352,0.9,38.6,16.67,3,24.6,29.3,1,0,14.8,NON00,No Delay Reported,No_Impact,,0,Not_Applicable,Not_Applicable,36.0,5.6,71.8,16.2,5443.0,Fog,No_Impact,Good,74.7,2.93,0,0,Yellow,70.6,91.8,40.0,Good,4.88,84.8,Due_Soon,192,Healthy,No_Failure,No_Failure,20,Friday,5,Summer,False,True,Completed,2025-05-30 19:04:34,2025-05-30 19:04:52,0.0,-1.9,No_Delay,False,0.0
84344,Shatabdi 38,Shatabdi,Suburban,NER,32.792098,88.447787,KOTA,NDLS,TDL,SEC-NER-892,TRK-3,131.99,118.01,Up,2025-05-30 19:51:07,2025-05-30 20:10:07,14.04,156.4,969.6,5,2025-05-30 22:31:07,68.57,79.8,0.3,Running,0,901.03,0.3,7.9,13.3,4.8,8.6,18.0,90.3,161.5,21943,8.7,57.7,33.57,0,49.74,7.2,1,1,13.9,NON00,No Delay Reported,No_Impact,,0,Not_Applicable,Not_Applicable,28.2,0.0,49.3,12.4,597.0,Clear,No_Impact,Fair,39.82,5.93,0,0,Red,57.5,51.3,40.7,Needs_Inspection,5.29,18.5,Up_to_Date,5,Healthy,Door_Malfunction,Minor,22,Friday,5,Summer,False,False,In_Transit,2025-05-30 19:55:37,,678.7,4.2,No_Delay,False,0.0
99070,Duronto 6,Duronto,Premium,SWR,16.975434,88.047218,PNBE,NGP,ALD,SEC-SWR-943,TRK-1,72.94,82.57,Down,2025-05-31 05:03:43,2025-05-31 05:13:43,17.3,120.8,489.8,6,2025-05-31 07:28:43,453.23,54.8,21.1,Slow_Running,0,36.57,11.5,11.5,16.2,17.0,13.5,17.0,53.4,126.7,83287,1.7,27.1,22.52,4,37.64,43.4,1,1,13.7,CNG04,Traffic Congestion,Medium,2025-05-31 06:27:43,174,Auto-Detected,IoT_Sensor,23.2,3.1,81.1,17.0,2010.0,Clear,Low,Good,37.88,0.64,0,0,Yellow,54.3,78.4,46.6,Good,4.54,89.9,Overdue,338,Healthy,No_Failure,No_Failure,7,Saturday,5,Summer,True,True,Completed,2025-05-31 05:30:37,2025-05-31 05:27:43,0.0,5.8,Traffic,False,0.0
10585,Mail 23,Mail,Regional,ER,27.91008,73.485133,NDLS,SBC,MGS,SEC-ER-234,TRK-2,67.62,4.76,Up,2025-05-31 06:48:28,2025-05-31 07:00:28,18.37,152.6,1204.1,0,2025-05-31 08:41:28,720.81,82.1,33.2,Running,0,483.29,25.5,9.6,-2.4,23.6,2.2,14.0,60.6,152.0,44622,26.0,100.7,38.59,1,6.26,37.8,0,1,18.4,SIG01,Signal Failure,High,2025-05-31 07:26:28,179,Confirmed,ML_Inference,27.8,3.4,51.9,15.9,7853.0,Clear,No_Impact,Excellent,51.86,1.22,0,0,Green,89.6,50.0,41.7,Fair,4.05,35.5,Up_to_Date,301,Faulty,HVAC_Failure,Moderate,8,Saturday,5,Summer,True,True,Completed,2025-05-31 07:33:10,2025-05-31 07:27:28,0.0,11.5,No_Delay,True,5.5
17127,Mail 16,Mail,Long-Distance,ER,22.356072,83.284962,ASN,BPL,MAS,SEC-ER-147,TRK-2,55.82,42.0,Down,2025-05-31 10:21:33,2025-05-31 10:29:33,19.44,131.3,1687.4,8,2025-05-31 11:36:33,442.37,80.0,6.0,Terminated,0,1245.03,25.1,17.2,6.1,26.6,3.5,18.7,67.8,134.5,84758,6.7,61.1,10.13,5,45.1,12.8,0,0,33.6,CNG04,Traffic Congestion,Medium,2025-05-31 11:06:33,67,Confirmed,Control_Office,27.9,2.9,66.7,5.5,5262.0,Clear,No_Impact,Fair,34.43,0.0,0,0,Green,54.1,67.5,76.2,Fair,5.57,34.9,Up_to_Date,274,Healthy,No_Failure,No_Failure,11,Saturday,5,Summer,True,False,Completed,2025-05-31 10:37:21,2025-05-31 10:34:27,0.0,9.8,Traffic,False,0.0
49169,MEMU 44,MEMU,Long-Distance,WCR,31.182814,71.377109,GWL,NGP,KOTA,SEC-WCR-912,TRK-3,95.37,130.94,Down,2025-05-31 18:54:19,2025-05-31 18:57:19,23.59,15.2,2042.2,15,2025-05-31 21:19:19,1806.99,85.1,6.8,Stopped_at_Station,31,235.21,-1.5,5.3,-5.0,0.0,19.0,20.9,82.3,11.0,58889,19.9,33.3,12.8,3,47.57,41.5,0,1,20.2,NON00,No Delay Reported,No_Impact,,0,Not_Applicable,Not_Applicable,23.5,0.4,63.6,13.4,8902.0,Rain,No_Impact,Excellent,28.61,5.48,60,0,Yellow,63.3,54.3,45.0,Good,4.06,1.0,Up_to_Date,95,Degraded,No_Failure,No_Failure,21,Saturday,5,Summer,True,False,Not_Started,,,169.5,12.1,No_Delay,True,5.1
23155,Vande Bharat 3,Vande Bharat,Premium,NFR,31.008337,80.293295,SBC,SC,DHN,SEC-NFR-415,TRK-2,178.72,52.69,Up,2025-06-01 10:18:21,2025-06-01 10:27:21,16.79,51.0,1987.8,5,2025-06-01 10:23:21,70.8,65.2,21.1,Departed_Late,0,1917.0,9.5,12.2,9.8,7.8,2.6,18.2,85.7,51.5,22455,12.4,11.2,3.1,5,30.74,44.2,1,0,21.8,TRK02,Track Maintenance,Medium,2025-06-01 08:36:21,19,Confirmed,Station_Master,31.1,0.1,55.4,21.2,20.0,Clear,No_Impact,Fair,34.48,0.93,75,0,Green,52.1,20.0,46.5,Good,5.41,87.5,Up_to_Date,263,Healthy,No_Failure,No_Failure,10,Sunday,6,Monsoon,True,False,Completed,2025-06-01 10:48:57,2025-06-01 10:48:03,0.0,9.5,Infrastructure,False,0.0
35624,Duronto 9,Duronto,Long-Distance,ECR,12.356036,82.222192,BZA,SC,JHS,SEC-ECR-754,TRK-3,159.98,21.67,Up,2025-06-01 14:09:48,2025-06-01 14:20:48,5.93,90.1,511.4,0,2025-06-01 16:05:48,277.08,82.2,4.7,Running,0,234.32,-5.0,13.4,2.0,10.0,12.5,17.0,63.9,100.3,31607,14.4,35.7,33.27,1,37.22,3.4,1,1,6.1,NON00,No Delay Reported,No_Impact,,0,Not_Applicable,Not_Applicable,37.6,2.4,95.7,10.7,4508.0,Heavy_Rain,No_Impact,Fair,47.13,3.04,100,0,Auto,100.0,36.5,32.8,Excellent,7.56,26.1,Up_to_Date,321,Healthy,No_Failure,No_Failure,16,Sunday,6,Monsoon,True,False,Completed,2025-06-01 14:13:54,2025-06-01 14:10:24,0.0,-0.6,No_Delay,False,0.0
76440,Rajdhani 25,Rajdhani,Long-Distance,ER,29.088568,72.239341,GAYA,HWH,KOTA,SEC-ER-715,TRK-1,142.22,65.99,Down,2025-06-01 20:43:47,2025-06-01 20:54:47,9.64,117.2,1625.3,2,2025-06-01 20:36:47,503.48,98.1,3.3,Departed_Late,0,1121.82,22.7,10.7,25.6,12.8,20.9,12.6,60.4,121.3,87515,18.3,20.9,19.85,2,35.64,40.3,0,1,35.9,LCB05,Late Crew Boarding,Low,2025-06-01 20:00:47,53,Confirmed,Manual_Report,24.4,0.9,88.8,18.2,5950.0,Fog,No_Impact,Good,12.26,2.85,0,0,Double_Yellow,76.5,59.0,54.5,Excellent,3.71,66.2,Overdue,278,Degraded,Electrical_Fault,Moderate,20,Sunday,6,Monsoon,True,True,Completed,2025-06-01 20:50:17,2025-06-01 20:50:53,0.0,3.2,Operational,False,0.0
30931,Freight 29,Freight,Long-Distance,NWR,22.8573,86.251253,MAS,GWL,PNBE,SEC-NWR-730,TRK-1,172.61,55.76,Up,2025-06-01 22:23:51,2025-06-01 22:28:51,8.35,169.7,1267.9,6,2025-06-02 01:03:51,1202.31,38.0,0.3,Running,0,65.59,11.1,9.2,11.6,21.3,14.0,15.8,68.3,172.8,86755,14.5,72.1,14.54,0,27.03,31.5,0,1,16.0,NON00,No Delay Reported,No_Impact,,0,Not_Applicable,Not_Applicable,24.1,4.3,92.9,24.5,5709.0,Clear,Low,Excellent,30.46,4.45,0,0,Double_Yellow,76.4,59.2,42.1,Fair,4.91,34.0,Overdue,80,Faulty,Brake_Wear,Minor,1,Monday,6,Monsoon,True,False,Completed,2025-06-01 22:31:27,2025-06-01 22:31:03,0.0,7.3,No_Delay,False,0.0
43371,Rajdhani 33,Rajdhani,Suburban,ECR,27.671815,74.011483,MAS,PNBE,KOTA,SEC-ECR-642,TRK-3,67.09,113.7,Down,2025-06-02 06:30:40,2025-06-02 06:49:40,20.53,151.7,698.1,1,2025-06-02 07:26:40,113.12,97.2,0.6,Running,0,584.98,8.7,3.6,16.0,31.9,12.5,11.3,85.1,149.1,44305,13.3,81.7,15.48,3,12.86,31.4,1,1,59.3,WTH03,Adverse Weather,High,2025-06-02 06:29:40,16,Confirmed,ML_Inference,24.6,3.2,53.4,2.2,10000.0,Haze,No_Impact,Good,36.44,4.84,60,0,Green,63.1,59.0,71.7,Fair,4.98,46.9,Due_Soon,78,Healthy,No_Failure,No_Failure,7,Monday,6,Monsoon,True,True,In_Transit,2025-06-02 06:40:10,,363.8,8.9,Weather,False,0.0
74966,Passenger 7,Passenger,Premium,WR,15.934405,79.906043,JP,SBC,DHN,SEC-WR-507,TRK-1,102.64,19.64,Down,2025-06-03 05:09:56,2025-06-03 05:22:56,31.54,40.7,2066.2,0,2025-06-03 06:52:56,1176.74,76.1,29.9,Running,0,889.46,6.2,8.0,7.6,10.6,0.0,20.6,71.7,41.6,94378,8.7,77.0,6.46,2,37.01,27.5,0,1,26.9,LCB05,Late Crew Boarding,Low,2025-06-03 05:18:56,12,Auto-Detected,Control_Office,19.8,0.0,36.4,10.3,6672.0,Haze,No_Impact,Excellent,55.34,1.99,45,0,Green,64.6,34.3,42.7,Fair,4.17,58.3,Up_to_Date,0,Healthy,No_Failure,No_Failure,6,Tuesday,6,Monsoon,False,False,Completed,2025-06-03 05:55:32,2025-06-03 05:58:56,0.0,15.7,Operational,True,7.2
44198,MEMU 49,MEMU,Suburban,ECR,20.055519,94.044125,ADI,PUNE,BZA,SEC-ECR-465,TRK-2,32.62,33.2,Up,2025-06-03 09:53:56,2025-06-03 09:59:56,23.94,142.3,263.5,4,2025-06-03 11:08:56,80.96,59.4,3.9,Running,0,182.54,11.5,9.3,7.6,15.3,15.0,9.2,52.7,146.0,69384,25.3,74.3,35.18,4,2.91,19.5,1,1,58.7,CNG04,Traffic Congestion,Medium,2025-06-03 09:44:56,136,Confirmed,Control_Office,27.2,0.0,100.0,20.8,10000.0,Haze,Low,Excellent,35.37,2.89,60,0,Green,64.9,65.4,22.4,Good,5.19,49.4,Up_to_Date,283,Healthy,No_Failure,No_Failure,11,Tuesday,6,Monsoon,False,False,In_Transit,2025-06-03 10:19:50,,191.0,22.0,Traffic,True,19.7
95725,Garib Rath 39,Garib Rath,Long-Distance,SCR,17.538216,72.989253,CNB,BCT,MAS,SEC-SCR-493,TRK-1,32.47,91.66,Up,2025-06-03 14:29:55,2025-06-03 14:35:55,35.74,152.1,911.5,16,2025-06-03 17:20:55,629.79,61.9,-0.9,Stopped_at_Station,4,281.71,11.7,2.3,11.8,5.4,13.5,15.1,23.6,149.2,27750,8.1,49.4,11.58,0,25.33,6.9,1,1,58.1,NON00,No Delay Reported,No_Impact,,0,Not_Applicable,Not_Applicable,23.3,1.1,61.2,21.4,6535.0,Cloudy,Severe,Fair,40.67,6.03,60,1,Red,66.1,51.2,52.6,Needs_Inspection,5.9,5.5,Up_to_Date,230,Healthy,Electrical_Fault,Minor,17,Tuesday,6,Monsoon,False,True,Not_Started,,,275.7,8.7,No_Delay,False,0.0
80018,Mail 10,Mail,Long-Distance,NER,19.41845,80.698803,GAYA,PUNE,SC,SEC-NER-957,TRK-1,32.57,128.79,Down,2025-06-03 21:29:32,2025-06-03 21:48:32,7.54,172.2,944.0,0,2025-06-03 21:20:32,478.65,40.0,28.6,Running,0,465.35,7.2,-2.7,13.0,15.4,6.3,14.3,53.6,177.4,79051,10.4,53.8,8.44,4,45.43,32.3,1,0,20.2,SIG01,Signal Failure,High,2025-06-03 20:33:32,82,Confirmed,Station_Master,24.1,4.3,79.4,11.1,3825.0,Clear,Low,Fair,36.35,6.18,0,0,Green,54.9,69.2,40.6,Good,4.84,47.5,Up_to_Date,71,Healthy,No_Failure,No_Failure,21,Tuesday,6,Monsoon,False,False,Completed,2025-06-03 22:07:32,2025-06-03 22:04:50,0.0,9.4,No_Delay,False,0.0
26429,Mail 33,Mail,Regional,NFR,20.567428,77.474037,BCT,PNBE,ADI,SEC-NFR-730,TRK-2,174.24,7.66,Up,2025-06-04 07:20:22,2025-06-04 07:26:22,33.88,101.1,465.9,15,2025-06-04 08:31:22,379.3,74.6,28.2,Running,0,86.6,11.8,3.6,13.1,11.5,0.0,25.3,59.5,98.5,93772,8.4,47.4,19.38,1,41.16,7.4,1,1,3.2,NON00,No Delay Reported,No_Impact,,0,Not_Applicable,Not_Applicable,11.9,4.7,64.0,9.4,7905.0,Cloudy,No_Impact,Good,50.85,3.03,0,0,Auto,56.0,53.0,75.1,Excellent,5.31,68.7,Overdue,227,Healthy,No_Failure,No_Failure,8,Wednesday,6,Monsoon,False,True,Completed,2025-06-04 07:48:58,2025-06-04 07:52:22,0.0,0.4,No_Delay,False,0.0
30451,Duronto 9,Duronto,Premium,SWR,9.708122,78.619212,MAS,SBC,CNB,SEC-SWR-560,TRK-1,8.77,115.75,Up,2025-06-04 08:28:38,2025-06-04 08:30:38,20.78,20.8,256.9,5,2025-06-04 08:57:38,39.94,73.4,17.0,Running,0,216.96,0.2,18.4,14.2,7.4,15.9,13.9,42.6,22.5,83134,12.2,68.6,28.17,2,45.37,25.6,1,1,22.1,SIG01,Signal Failure,High,2025-06-04 08:04:38,9,Unconfirmed,Manual_Report,26.5,0.5,68.0,8.8,7273.0,Clear,No_Impact,Fair,15.4,4.8,0,0,Double_Yellow,70.9,30.0,28.5,Fair,4.96,62.5,In_Progress,113,Healthy,No_Failure,No_Failure,8,Wednesday,6,Monsoon,False,True,In_Transit,2025-06-04 08:51:08,,179.0,5.5,No_Delay,False,0.0
92658,Superfast 4,Superfast,Long-Distance,WCR,12.722482,81.684964,NDLS,BCT,ADI,SEC-WCR-660,TRK-1,103.46,99.74,Up,2025-06-04 10:09:31,2025-06-04 10:25:31,32.23,55.8,580.5,6,2025-06-04 10:51:31,265.66,42.1,18.6,Departed_Late,0,314.84,32.3,13.8,13.4,18.2,8.0,21.7,62.7,44.9,40067,-2.3,74.0,36.86,1,1.11,13.1,1,1,19.5,SIG01,Signal Failure,High,2025-06-04 09:02:31,2,Confirmed,IoT_Sensor,28.5,16.3,62.2,6.3,7050.0,Clear,No_Impact,Fair,35.28,5.86,0,1,Auto,85.9,68.5,45.7,Good,6.56,7.7,Overdue,201,Healthy,No_Failure,No_Failure,10,Wednesday,6,Monsoon,False,False,In_Transit,2025-06-04 10:42:01,,452.9,13.9,No_Delay,True,11.6
68910,MEMU 20,MEMU,Long-Distance,NFR,14.488651,92.778234,NGP,GAYA,MGS,SEC-NFR-612,TRK-1,30.82,114.34,Down,2025-06-04 17:07:55,2025-06-04 17:20:55,9.87,105.4,1099.5,6,2025-06-04 19:50:55,143.9,34.1,-0.4,Running,0,955.6,9.8,34.8,7.5,29.1,10.2,23.9,84.8,115.1,62755,0.7,95.9,25.22,0,6.29,17.3,1,0,38.8,SIG01,Signal Failure,High,2025-06-04 19:18:55,116,Unconfirmed,ML_Inference,14.5,0.0,50.6,21.1,7105.0,Clear,Severe,Good,43.75,7.42,75,0,Green,84.2,29.1,42.8,Good,5.94,34.8,Up_to_Date,253,Healthy,No_Failure,No_Failure,19,Wednesday,6,Monsoon,False,True,Completed,2025-06-04 17:24:13,2025-06-04 17:22:13,0.0,16.7,No_Delay,True,14.8
20235,MEMU 35,MEMU,Regional,ECoR,18.971731,69.03727,PUNE,VAPI,SBC,SEC-ECoR-499,TRK-2,157.51,130.29,Up,2025-06-05 00:08:12,2025-06-05 00:19:12,14.8,107.3,797.2,7,2025-06-05 02:51:12,474.29,59.9,22.2,Stopped_at_Station,29,322.91,15.6,7.3,18.6,6.6,9.4,20.7,96.0,107.4,28691,13.5,66.3,10.37,0,46.84,22.2,1,1,19.1,PSG07,Passenger Emergency,Medium,2025-06-05 02:50:12,14,Confirmed,Manual_Report,37.8,0.1,49.6,18.4,8295.0,Rain,No_Impact,Good,26.02,4.42,60,1,Green,73.3,49.9,66.6,Excellent,5.31,53.1,Due_Soon,359,Degraded,No_Failure,No_Failure,2,Thursday,6,Monsoon,False,False,Completed,2025-06-05 00:37:00,2025-06-05 00:40:48,0.0,6.6,Operational,False,0.0
52398,Duronto 30,Duronto,Premium,NFR,20.035744,79.479541,JP,AGC,PUNE,SEC-NFR-363,TRK-1,122.96,134.29,Down,2025-06-05 13:03:10,2025-06-05 13:18:10,21.65,178.7,1659.3,18,2025-06-05 13:29:10,1101.14,59.8,6.2,Running,0,558.16,1.7,10.8,3.4,11.3,6.4,16.4,78.6,179.7,51506,24.9,58.0,25.63,4,2.88,36.2,0,1,6.5,NON00,No Delay Reported,No_Impact,,0,Not_Applicable,Not_Applicable,29.2,1.6,34.2,0.0,7332.0,Rain,Low,Poor,17.89,2.7,30,0,Red,70.6,45.0,42.7,Fair,4.91,77.4,Up_to_Date,154,Healthy,Electrical_Fault,Moderate,13,Thursday,6,Monsoon,False,False,Not_Started,,,558.9,-3.9,No_Delay,False,0.0
51651,Shatabdi 46,Shatabdi,Suburban,ER,16.67907,77.153886,PNBE,GWL,NDLS,SEC-ER-716,TRK-1,66.93,54.99,Down,2025-06-05 16:09:53,2025-06-05 16:17:53,4.87,83.5,839.4,16,2025-06-05 18:23:53,615.09,78.9,13.0,Stopped_at_Station,15,224.31,22.8,12.0,3.2,16.4,29.4,17.8,51.2,92.5,69335,8.4,80.0,19.87,3,16.76,11.6,0,0,23.0,TRK02,Track Maintenance,Medium,2025-06-05 16:32:53,15,Unconfirmed,Manual_Report,32.4,0.9,73.1,19.4,8839.0,Clear,Moderate,Poor,48.9,2.38,0,0,Green,81.3,51.0,40.8,Critical,4.09,74.1,Overdue,150,Healthy,No_Failure,No_Failure,18,Thursday,6,Monsoon,False,True,Completed,2025-06-05 16:33:59,2025-06-05 16:29:41,0.0,11.1,Infrastructure,True,4.8
32481,Garib Rath 49,Garib Rath,Long-Distance,SECR,17.685837,72.376782,PUNE,ST,ADI,SEC-SECR-364,TRK-2,29.64,169.83,Down,2025-06-05 17:03:40,2025-06-05 17:21:40,20.26,155.7,190.6,8,2025-06-05 19:48:40,79.95,38.1,19.5,Halted_Signal,31,110.65,-5.0,6.2,11.7,22.4,3.4,16.1,86.1,153.8,83053,16.5,67.3,22.39,4,2.11,4.9,1,1,33.4,MEC06,Mechanical Failure,High,2025-06-05 18:54:40,168,Unconfirmed,Manual_Report,31.0,1.1,94.0,26.9,8807.0,Clear,No_Impact,Excellent,43.11,3.42,60,0,Yellow,71.0,82.1,54.4,Good,5.42,2.9,Due_Soon,20,Faulty,No_Failure,No_Failure,19,Thursday,6,Monsoon,False,True,Completed,2025-06-05 17:32:04,2025-06-05 17:24:04,0.0,8.9,Mechanical,False,0.0
24814,DEMU 25,DEMU,Regional,NER,18.406817,92.2211,SBC,BZA,MAS,SEC-NER-520,TRK-1,175.82,8.43,Down,2025-06-06 00:07:34,2025-06-06 00:26:34,22.81,50.1,346.0,3,2025-06-06 02:50:34,140.78,93.0,1.9,Running,0,205.22,22.8,4.9,6.2,10.5,8.7,18.2,63.8,43.0,60967,4.9,63.9,9.98,3,39.1,22.7,1,0,14.8,NON00,No Delay Reported,No_Impact,,0,Not_Applicable,Not_Applicable,22.0,4.7,45.5,9.6,7792.0,Rain,Low,Good,45.87,8.17,0,0,Green,65.3,69.2,41.9,Excellent,2.99,7.3,Due_Soon,14,Healthy,No_Failure,No_Failure,2,Friday,6,Monsoon,False,False,Completed,2025-06-06 00:09:16,2025-06-06 00:11:34,0.0,-0.2,No_Delay,False,0.0
24870,Vande Bharat 15,Vande Bharat,Regional,SCR,18.062562,81.108103,ASN,VAPI,CSTM,SEC-SCR-895,TRK-2,34.51,177.52,Up,2025-06-06 02:16:48,2025-06-06 02:35:48,12.64,26.7,1752.1,12,2025-06-06 04:27:48,1725.24,55.7,21.2,Stopped_at_Station,41,26.86,6.8,21.7,8.1,17.8,16.9,1.0,58.2,7.2,76916,7.6,98.1,27.0,2,10.59,34.2,1,1,37.4,NON00,No Delay Reported,No_Impact,,0,Not_Applicable,Not_Applicable,27.0,3.5,98.8,7.6,7130.0,Fog,No_Impact,Good,36.43,3.14,0,0,Green,47.7,69.4,43.1,Good,6.29,14.3,Due_Soon,39,Healthy,No_Failure,No_Failure,4,Friday,6,Monsoon,False,False,Completed,2025-06-06 02:40:24,2025-06-06 02:41:30,0.0,2.4,No_Delay,False,0.0
51670,Express 17,Express,Suburban,NCR,26.549497,93.136836,SC,NDLS,JHS,SEC-NCR-630,TRK-1,108.25,110.15,Down,2025-06-06 19:48:55,2025-06-06 19:51:55,15.11,176.1,1902.1,13,2025-06-06 21:24:55,1106.96,81.0,14.4,Stopped_at_Station,5,795.14,20.6,12.3,-0.2,18.2,10.6,8.5,87.4,162.8,92021,-3.3,0.2,5.67,2,9.01,10.7,1,1,55.4,TRK02,Track Maintenance,Medium,2025-06-06 21:16:55,41,Auto-Detected,Manual_Report,14.2,9.9,50.7,17.5,5028.0,Cloudy,No_Impact,Good,39.7,4.57,0,0,Green,94.5,36.8,30.1,Excellent,6.54,2.9,Up_to_Date,133,Healthy,Bearing_Overheat,Moderate,21,Friday,6,Monsoon,False,False,Completed,2025-06-06 20:13:55,2025-06-06 20:13:25,0.0,10.6,Infrastructure,True,6.8
95294,Express 45,Express,Long-Distance,SER,32.443324,74.914681,PUNE,VAPI,GAYA,SEC-SER-174,TRK-3,114.91,117.07,Down,2025-06-07 01:03:15,2025-06-07 01:10:15,12.49,90.3,232.6,17,2025-06-07 02:47:15,143.74,46.8,18.7,Running,0,88.86,6.9,15.6,-0.9,9.0,18.1,0.0,71.7,87.3,43758,13.6,86.7,20.83,5,22.01,14.8,0,0,18.3,NON00,No Delay Reported,No_Impact,,0,Not_Applicable,Not_Applicable,20.2,1.1,45.2,11.5,20.0,Rain,No_Impact,Under_Repair,25.51,0.77,100,0,Green,71.5,52.1,23.0,Fair,5.14,25.3,Overdue,102,Healthy,HVAC_Failure,Minor,2,Saturday,6,Monsoon,True,False,Completed,2025-06-07 01:34:03,2025-06-07 01:30:51,0.0,12.1,No_Delay,True,7.6
63276,Superfast 20,Superfast,Long-Distance,NCR,18.491686,77.733417,BRC,SBC,CNB,SEC-NCR-482,TRK-1,155.12,57.12,Down,2025-06-07 02:21:42,2025-06-07 02:40:42,9.61,22.4,572.1,3,2025-06-07 04:32:42,376.43,88.8,17.2,Stopped_at_Station,31,195.67,13.9,22.9,13.5,24.4,7.6,7.5,41.0,24.1,51250,15.7,59.9,24.76,1,20.35,12.3,0,1,32.8,SIG01,Signal Failure,High,2025-06-07 04:25:42,105,Confirmed,ML_Inference,27.7,11.9,69.1,0.0,9592.0,Clear,Low,Good,51.7,6.17,100,0,Yellow,65.7,68.5,77.2,Good,4.29,90.5,Up_to_Date,143,Healthy,No_Failure,No_Failure,4,Saturday,6,Monsoon,True,False,Completed,2025-06-07 02:49:30,2025-06-07 02:47:54,0.0,10.6,No_Delay,True,5.1
83198,DEMU 18,DEMU,Premium,CR,33.822714,93.005727,SC,ASN,JHS,SEC-CR-164,TRK-1,87.14,137.89,Down,2025-06-08 08:54:29,2025-06-08 09:04:29,24.24,16.4,277.4,0,2025-06-08 09:16:29,41.68,88.8,3.3,Running,0,235.72,9.6,13.4,7.6,15.0,0.0,25.2,67.5,16.8,48871,15.0,43.5,32.26,4,0.85,17.5,1,0,57.6,TRK02,Track Maintenance,Medium,2025-06-08 07:26:29,146,Auto-Detected,Control_Office,38.9,2.4,48.4,3.4,6940.0,Clear,Low,Fair,49.77,2.98,0,0,Green,71.2,68.1,45.8,Excellent,5.1,67.9,Overdue,115,Degraded,No_Failure,No_Failure,9,Sunday,6,Monsoon,True,True,Completed,2025-06-08 09:14:29,2025-06-08 09:14:23,0.0,16.7,Infrastructure,True,10.3
25094,Vande Bharat 11,Vande Bharat,Regional,SR,23.212471,78.255978,RTM,HWH,CNB,SEC-SR-714,TRK-2,81.56,76.98,Up,2025-06-08 07:50:13,2025-06-08 08:07:13,19.91,158.4,1392.8,18,2025-06-08 10:35:13,911.03,49.8,49.0,Halted_Signal,31,481.77,12.9,15.3,-3.6,13.7,17.0,5.7,52.6,161.5,31736,4.4,64.2,22.7,5,10.86,7.1,1,1,51.4,LCB05,Late Crew Boarding,Low,2025-06-08 09:44:13,122,Auto-Detected,IoT_Sensor,31.0,13.7,46.1,13.2,4440.0,Clear,Moderate,Excellent,22.01,1.49,0,0,Green,54.6,71.5,58.5,Needs_Inspection,5.45,62.3,Up_to_Date,334,Healthy,No_Failure,No_Failure,10,Sunday,6,Monsoon,True,False,Completed,2025-06-08 09:01:55,2025-06-08 08:55:55,0.0,22.7,Operational,True,11.7
74572,MEMU 32,MEMU,Regional,NFR,15.38306,84.606721,PUNE,CSTM,BPL,SEC-NFR-706,TRK-1,72.14,33.31,Down,2025-06-08 11:48:17,2025-06-08 11:57:17,19.07,42.6,1237.8,11,2025-06-08 13:08:17,149.45,114.5,24.0,Running,0,1088.35,11.6,3.8,12.5,10.7,0.0,13.6,71.1,38.9,74385,13.5,74.6,27.75,4,42.58,40.7,1,0,19.0,ANI09,Animal / Obstruction on Track,Medium,2025-06-08 12:24:17,80,Auto-Detected,Station_Master,48.0,6.3,74.1,12.1,10000.0,Cloudy,No_Impact,Good,39.34,4.5,0,0,Green,57.0,54.5,28.7,Fair,5.79,74.8,Up_to_Date,287,Healthy,No_Failure,No_Failure,13,Sunday,6,Monsoon,True,False,Completed,2025-06-08 12:20:59,2025-06-08 12:21:59,0.0,8.7,Traffic,False,0.0
47519,Rajdhani 46,Rajdhani,Long-Distance,SWR,30.141095,94.138619,SBC,BRC,ASN,SEC-SWR-629,TRK-1,64.08,24.55,Down,2025-06-08 11:11:44,2025-06-08 11:21:44,33.63,102.0,1767.8,12,2025-06-08 13:25:44,1745.34,121.4,4.6,Stopped_at_Station,40,22.46,11.6,12.3,25.5,6.4,10.4,16.1,82.1,97.9,14235,15.5,35.4,1.36,3,18.57,11.5,1,0,55.3,TRK02,Track Maintenance,Medium,2025-06-08 13:17:44,62,Unconfirmed,Manual_Report,30.5,0.5,15.0,1.6,1769.0,Clear,No_Impact,Excellent,22.91,3.25,0,0,Green,84.4,31.8,55.0,Excellent,4.96,11.2,Due_Soon,333,Degraded,No_Failure,No_Failure,13,Sunday,6,Monsoon,True,False,Completed,2025-06-08 11:33:20,2025-06-08 11:36:32,0.0,17.0,Infrastructure,True,15.0
43382,Vande Bharat 43,Vande Bharat,Freight,SECR,15.286728,95.282027,PNBE,CSTM,LKO,SEC-SECR-505,TRK-3,100.9,41.96,Down,2025-06-08 15:43:47,2025-06-08 15:46:47,19.29,15.3,1265.1,15,2025-06-08 15:47:47,871.58,17.1,-1.1,Stopped_at_Station,36,393.52,13.3,6.4,6.2,16.7,4.0,9.6,81.5,19.7,56990,9.7,58.7,1.86,3,21.36,16.2,1,1,10.4,LCB05,Late Crew Boarding,Low,2025-06-08 14:39:47,111,Auto-Detected,IoT_Sensor,29.0,0.0,60.9,0.0,10000.0,Clear,Low,Good,14.81,3.56,0,0,Red,71.6,58.1,56.0,Excellent,4.69,24.8,Overdue,326,Faulty,Bearing_Overheat,Moderate,15,Sunday,6,Monsoon,True,False,Completed,2025-06-08 15:43:59,2025-06-08 15:48:29,0.0,1.3,Operational,False,0.0
51568,Express 38,Express,Freight,CR,9.064812,84.333416,PUNE,BCT,GWL,SEC-CR-996,TRK-1,131.76,21.45,Down,2025-06-09 05:12:34,2025-06-09 05:16:34,7.77,179.2,240.0,5,2025-06-09 05:03:34,220.79,85.8,46.4,Running,0,19.21,17.9,-3.4,7.1,17.6,3.5,7.9,97.0,179.2,51991,16.2,64.1,7.64,3,19.45,5.8,1,0,19.1,NON00,No Delay Reported,No_Impact,,0,Not_Applicable,Not_Applicable,27.6,0.0,60.2,0.0,10000.0,Cloudy,Low,Good,41.22,4.69,100,0,Yellow,86.0,45.2,52.3,Good,5.75,97.8,In_Progress,16,Healthy,No_Failure,No_Failure,5,Monday,6,Monsoon,False,False,Completed,2025-06-09 06:19:22,2025-06-09 06:16:46,0.0,20.4,No_Delay,True,12.5
55093,Rajdhani 23,Rajdhani,Suburban,SER,21.441706,94.116281,LKO,ASN,TDL,SEC-SER-495,TRK-1,125.48,74.27,Down,2025-06-09 05:01:15,2025-06-09 05:14:15,21.26,19.1,1418.4,15,2025-06-09 05:46:15,536.38,65.2,0.4,Running,0,882.02,10.0,27.6,-2.8,28.9,11.7,17.4,91.8,20.9,90502,-5.0,51.4,10.55,5,43.05,29.7,0,1,16.0,SIG01,Signal Failure,High,2025-06-09 05:19:15,140,Confirmed,Manual_Report,28.4,0.0,53.3,3.9,7757.0,Rain,No_Impact,Good,43.25,0.0,0,1,Auto,74.4,76.3,53.2,Good,5.64,25.2,Up_to_Date,317,Healthy,No_Failure,No_Failure,5,Monday,6,Monsoon,False,False,In_Transit,2025-06-09 04:58:33,,810.7,-3.1,No_Delay,False,0.0
84799,Superfast 48,Superfast,Long-Distance,ECoR,33.030036,72.895943,GAYA,JP,CNB,SEC-ECoR-302,TRK-3,108.53,139.73,Up,2025-06-09 06:18:44,2025-06-09 06:26:44,9.66,162.8,1814.3,15,2025-06-09 08:36:44,1625.07,71.4,80.2,Running,0,189.23,24.4,26.6,-4.6,14.7,8.0,8.9,91.7,162.1,95559,13.6,70.2,4.0,4,20.97,38.0,0,1,16.2,BLK08,Line Block / Engineering Work,High,2025-06-09 07:49:44,159,Confirmed,ML_Inference,37.1,2.4,56.9,3.4,7036.0,Clear,Low,Good,33.7,2.35,60,0,Auto,90.7,55.4,53.3,Needs_Inspection,5.33,64.1,In_Progress,251,Degraded,No_Failure,No_Failure,8,Monday,6,Monsoon,False,True,Completed,2025-06-09 08:13:56,2025-06-09 08:17:38,0.0,35.0,Infrastructure,True,18.0
82391,Vande Bharat 5,Vande Bharat,Freight,ECR,19.848827,76.440572,CNB,GWL,BPL,SEC-ECR-456,TRK-1,71.45,18.74,Up,2025-06-09 21:48:00,2025-06-09 22:06:00,15.13,58.8,1580.2,15,2025-06-09 21:56:00,1530.94,72.5,1.9,Running,0,49.26,4.6,10.4,8.7,12.4,6.5,17.2,81.0,57.3,99602,27.7,115.9,20.01,1,44.77,38.2,0,0,10.6,TRK02,Track Maintenance,Medium,2025-06-09 20:32:00,63,Confirmed,ML_Inference,36.4,0.5,54.2,13.7,5475.0,Clear,Moderate,Good,27.66,2.35,60,0,Green,85.0,71.2,55.8,Fair,4.83,53.1,Up_to_Date,94,Faulty,No_Failure,No_Failure,21,Monday,6,Monsoon,False,False,Completed,2025-06-09 22:13:42,2025-06-09 22:14:54,0.0,23.8,Infrastructure,True,11.9
44498,DEMU 32,DEMU,Regional,NCR,15.370889,96.699037,CSTM,TDL,BCT,SEC-NCR-972,TRK-2,162.2,75.11,Up,2025-06-11 01:09:56,2025-06-11 01:25:56,25.54,86.7,450.3,12,2025-06-11 01:08:56,146.61,57.3,11.0,Halted_Signal,34,303.69,20.9,18.0,17.9,10.9,7.6,19.4,59.4,82.2,65374,8.6,85.9,30.84,2,32.34,35.2,1,1,67.7,TRK02,Track Maintenance,Medium,2025-06-11 00:17:56,39,Unconfirmed,Control_Office,16.5,10.3,52.5,10.2,4278.0,Rain,Low,Fair,36.86,1.01,0,1,Red,63.2,53.2,45.0,Good,5.78,11.8,Due_Soon,86,Healthy,No_Failure,No_Failure,1,Wednesday,6,Monsoon,False,False,In_Transit,2025-06-11 01:33:44,,321.8,12.8,Infrastructure,True,7.5
77373,Express 11,Express,Long-Distance,SCR,25.674497,89.638175,RTM,NGP,PNBE,SEC-SCR-974,TRK-2,38.83,91.06,Up,2025-06-11 08:44:40,2025-06-11 08:52:40,21.08,156.2,1070.7,14,2025-06-11 11:31:40,873.25,58.7,10.0,Running,0,197.45,-5.0,27.2,1.3,27.6,11.0,4.5,60.1,164.1,74603,-5.0,76.4,23.42,4,26.57,11.5,0,1,2.9,MEC06,Mechanical Failure,High,2025-06-11 09:41:40,177,Confirmed,Control_Office,13.0,3.3,37.5,22.6,4344.0,Fog,No_Impact,Good,45.58,2.0,0,1,Green,65.1,60.2,45.3,Excellent,4.87,17.8,In_Progress,263,Healthy,No_Failure,No_Failure,11,Wednesday,6,Monsoon,False,False,In_Transit,2025-06-11 09:07:04,,205.5,12.4,Mechanical,True,8.9
97136,Vande Bharat 10,Vande Bharat,Regional,NCR,20.454083,82.903833,PUNE,ASN,HWH,SEC-NCR-814,TRK-1,51.72,148.55,Up,2025-06-12 09:48:10,2025-06-12 09:51:10,7.34,35.3,1857.2,4,2025-06-12 10:33:10,1756.91,31.7,26.3,Stopped_at_Station,7,100.29,7.1,7.3,10.2,19.3,11.7,9.7,52.9,34.0,39031,8.1,86.9,13.75,4,0.69,29.3,1,1,34.3,CNG04,Traffic Congestion,Medium,2025-06-12 08:52:10,103,Confirmed,Manual_Report,40.7,5.8,49.4,10.2,6269.0,Clear,Low,Excellent,36.74,2.55,0,1,Green,100.0,65.0,48.0,Excellent,4.35,51.5,Due_Soon,77,Healthy,No_Failure,No_Failure,10,Thursday,6,Monsoon,False,False,Completed,2025-06-12 10:19:58,2025-06-12 10:16:10,0.0,5.5,Traffic,False,0.0
26334,Freight 21,Freight,Premium,WR,12.887818,91.685507,MGS,BZA,PUNE,SEC-WR-364,TRK-2,142.22,14.52,Down,2025-06-13 12:43:17,2025-06-13 13:02:17,34.66,73.7,429.4,11,2025-06-13 15:06:17,243.59,79.5,-2.0,Running,0,185.81,14.5,17.4,15.7,27.1,16.7,22.0,74.0,73.5,88594,2.1,78.2,29.95,4,4.9,4.3,1,0,33.8,SIG01,Signal Failure,High,2025-06-13 15:00:17,136,Confirmed,ML_Inference,9.0,0.0,12.9,5.1,7163.0,Rain,Moderate,Fair,55.12,2.1,0,0,Green,100.0,67.9,66.3,Good,5.1,73.6,Up_to_Date,26,Offline,No_Failure,No_Failure,15,Friday,6,Monsoon,False,False,Completed,2025-06-13 12:50:35,2025-06-13 12:55:41,0.0,9.3,No_Delay,False,0.0
76139,DEMU 38,DEMU,Long-Distance,ER,32.07116,94.618348,SC,PNBE,GAYA,SEC-ER-969,TRK-1,156.12,101.81,Down,2025-06-14 03:02:33,2025-06-14 03:08:33,8.6,115.4,587.1,15,2025-06-14 03:41:33,372.67,108.2,18.3,Halted_Signal,28,214.43,7.2,14.5,9.2,16.4,14.8,14.5,59.4,119.9,26125,11.2,65.0,26.71,4,15.0,36.6,0,1,16.8,NON00,No Delay Reported,No_Impact,,0,Not_Applicable,Not_Applicable,34.5,0.0,73.3,9.5,7816.0,Clear,No_Impact,Good,56.27,3.13,45,0,Yellow,97.8,20.0,46.5,Excellent,7.0,23.7,Overdue,193,Faulty,No_Failure,No_Failure,3,Saturday,6,Monsoon,True,False,In_Transit,2025-06-14 03:24:33,,120.0,3.7,No_Delay,False,0.0
84902,Shatabdi 1,Shatabdi,Long-Distance,NCR,32.355809,73.576823,HWH,MAS,NGP,SEC-NCR-595,TRK-3,115.46,26.38,Up,2025-06-14 08:43:02,2025-06-14 08:47:02,28.09,97.1,1019.4,16,2025-06-14 11:04:02,515.16,84.8,1.8,Running,0,504.24,-5.0,18.1,14.4,12.0,29.9,9.3,47.5,103.2,41537,4.6,81.8,7.45,0,12.51,39.3,0,1,22.3,LCB05,Late Crew Boarding,Low,2025-06-14 10:11:02,92,Confirmed,Control_Office,26.0,0.0,51.7,30.6,4053.0,Clear,No_Impact,Good,48.76,2.88,0,0,Yellow,62.4,64.2,44.3,Critical,2.63,34.5,Up_to_Date,355,Healthy,No_Failure,No_Failure,11,Saturday,6,Monsoon,True,False,Completed,2025-06-14 08:55:08,2025-06-14 08:55:14,0.0,10.3,Operational,True,8.8
41274,Vande Bharat 27,Vande Bharat,Long-Distance,WR,28.588037,88.714309,HWH,CNB,ALD,SEC-WR-463,TRK-1,97.6,110.66,Up,2025-06-14 17:59:57,2025-06-14 18:18:57,19.64,155.0,732.0,7,2025-06-14 19:21:57,107.44,50.6,6.8,Running,0,624.56,7.9,-0.1,-5.0,4.6,13.7,9.1,79.6,153.8,59852,0.7,102.5,39.08,1,29.68,25.6,0,0,27.1,MEC06,Mechanical Failure,High,2025-06-14 18:31:57,44,Confirmed,Manual_Report,19.1,2.2,40.9,28.2,10000.0,Clear,Moderate,Excellent,25.64,2.75,0,1,Green,60.2,45.8,65.1,Good,4.48,84.8,Due_Soon,294,Degraded,No_Failure,No_Failure,19,Saturday,6,Monsoon,True,True,Completed,2025-06-14 18:21:15,2025-06-14 18:22:45,0.0,14.5,Mechanical,True,10.5
26133,MEMU 10,MEMU,Regional,CR,26.51379,90.16843,VAPI,SBC,LKO,SEC-CR-625,TRK-2,127.74,91.68,Up,2025-06-14 20:18:13,2025-06-14 20:22:13,30.04,161.5,818.8,15,2025-06-14 21:57:13,269.72,71.1,88.8,Running,0,549.08,5.0,7.2,8.2,10.4,8.6,29.5,72.1,154.0,90984,20.7,93.2,22.6,5,18.95,4.0,1,0,49.7,NON00,No Delay Reported,No_Impact,,0,Not_Applicable,Not_Applicable,32.9,5.8,54.5,12.4,7692.0,Cloudy,No_Impact,Good,42.49,6.51,100,0,Double_Yellow,85.9,35.8,51.6,Excellent,5.55,80.0,Up_to_Date,202,Healthy,No_Failure,No_Failure,21,Saturday,6,Monsoon,True,False,In_Transit,2025-06-14 22:23:49,,474.4,36.8,No_Delay,True,32.2
99732,Freight 10,Freight,Regional,SER,29.15146,85.001959,LKO,SC,BRC,SEC-SER-958,TRK-3,116.35,25.52,Up,2025-06-15 06:41:02,2025-06-15 06:59:02,12.46,71.9,669.7,16,2025-06-15 08:04:02,621.24,100.4,7.4,Stopped_at_Station,3,48.46,8.8,10.7,12.5,0.0,16.3,15.8,89.4,69.6,10053,1.0,54.4,35.67,2,40.25,20.0,1,1,29.5,ANI09,Animal / Obstruction on Track,Medium,2025-06-15 06:27:02,71,Confirmed,ML_Inference,24.9,0.0,67.6,24.3,6861.0,Haze,Low,Good,33.53,3.34,45,0,Auto,69.0,26.1,43.0,Good,3.24,40.6,Due_Soon,281,Healthy,Bearing_Overheat,Moderate,8,Sunday,6,Monsoon,True,True,Completed,2025-06-15 07:01:02,2025-06-15 07:00:14,0.0,12.6,Traffic,True,5.3
58712,Express 31,Express,Premium,NWR,22.2203,74.659194,ASN,PUNE,ST,SEC-NWR-904,TRK-2,26.58,21.84,Up,2025-06-15 18:42:14,2025-06-15 18:59:14,35.08,26.7,1942.9,12,2025-06-15 18:56:14,936.46,64.8,74.0,Stopped_at_Station,10,1006.44,22.8,3.3,17.1,23.5,22.9,10.8,77.8,25.2,45264,19.9,40.2,4.42,5,0.71,42.1,0,0,50.4,CNG04,Traffic Congestion,Medium,2025-06-15 17:48:14,170,Confirmed,Manual_Report,18.4,0.0,65.0,12.7,8895.0,Haze,No_Impact,Excellent,33.09,3.19,30,0,Green,63.3,42.9,31.9,Excellent,5.34,92.7,Up_to_Date,155,Healthy,No_Failure,No_Failure,18,Sunday,6,Monsoon,True,True,Completed,2025-06-15 20:37:26,2025-06-15 20:41:08,0.0,41.2,Traffic,True,28.9
55031,Rajdhani 15,Rajdhani,Long-Distance,WCR,18.421129,74.818369,KOTA,BRC,CSTM,SEC-WCR-216,TRK-1,111.91,165.11,Up,2025-06-15 19:50:16,2025-06-15 20:04:16,15.33,112.9,725.6,19,2025-06-15 21:53:16,618.07,92.1,16.2,Stopped_at_Station,22,107.53,26.2,16.6,-0.7,20.3,8.9,10.2,39.6,110.7,63281,7.0,101.5,24.05,1,4.95,26.1,1,0,43.1,ANI09,Animal / Obstruction on Track,Medium,2025-06-15 19:57:16,158,Confirmed,Control_Office,16.6,0.0,42.6,12.1,10000.0,Cloudy,No_Impact,Good,33.73,5.24,100,0,Green,58.8,59.7,37.5,Good,5.5,60.7,Up_to_Date,117,Faulty,Door_Malfunction,Minor,21,Sunday,6,Monsoon,True,False,Completed,2025-06-15 20:32:34,2025-06-15 20:35:52,0.0,26.1,Traffic,True,18.4
22366,Rajdhani 5,Rajdhani,Freight,SECR,12.531592,69.826993,AGC,MAS,BCT,SEC-SECR-887,TRK-1,19.77,110.51,Down,2025-06-15 21:55:24,2025-06-15 22:05:24,33.54,152.1,1775.0,10,2025-06-15 23:26:24,557.68,42.7,6.4,Running,0,1217.32,10.4,4.7,13.0,20.1,20.8,7.3,68.8,152.5,80974,12.1,47.4,7.56,0,27.07,35.6,0,1,34.1,SIG01,Signal Failure,High,2025-06-15 21:27:24,27,Auto-Detected,IoT_Sensor,25.9,0.0,50.6,12.2,8835.0,Clear,No_Impact,Fair,51.3,1.85,45,0,Green,70.9,64.9,51.6,Needs_Inspection,5.17,28.3,Due_Soon,216,Healthy,No_Failure,No_Failure,23,Sunday,6,Monsoon,True,False,In_Transit,2025-06-15 22:19:12,,1715.7,17.4,No_Delay,True,10.5
97224,Vande Bharat 42,Vande Bharat,Long-Distance,SECR,9.658135,70.256284,SBC,PUNE,NGP,SEC-SECR-615,TRK-3,8.92,166.5,Down,2025-06-15 23:50:46,2025-06-16 00:02:46,6.87,87.9,790.7,0,2025-06-16 00:49:46,368.1,65.4,28.4,Running,0,422.6,6.2,17.7,2.3,28.4,14.2,3.1,34.9,84.8,66956,8.1,47.2,8.4,2,7.71,13.4,0,1,48.3,NON00,No Delay Reported,No_Impact,,0,Not_Applicable,Not_Applicable,24.2,9.1,78.3,2.8,5177.0,Clear,Moderate,Fair,44.19,2.15,30,1,Green,100.0,65.3,52.9,Excellent,4.81,53.7,Due_Soon,145,Healthy,No_Failure,No_Failure,0,Monday,6,Monsoon,False,False,Completed,2025-06-16 00:17:40,2025-06-16 00:09:52,0.0,-1.5,No_Delay,False,0.0
72482,Freight 38,Freight,Long-Distance,ECoR,17.07013,73.638876,CSTM,KOTA,RTM,SEC-ECoR-490,TRK-2,135.01,97.07,Down,2025-06-16 14:44:17,2025-06-16 15:00:17,33.38,95.2,1706.6,19,2025-06-16 16:54:17,1177.45,130.3,3.2,Halted_Signal,40,529.15,25.8,17.0,8.3,17.8,15.1,15.9,99.0,92.8,25304,30.0,85.2,20.2,3,34.84,23.6,1,1,17.1,SIG01,Signal Failure,High,2025-06-16 16:45:17,73,Confirmed,Control_Office,29.9,2.7,47.7,13.7,6581.0,Heavy_Rain,Low,Poor,36.35,4.89,60,0,Double_Yellow,67.8,51.9,35.4,Fair,5.11,6.2,Due_Soon,261,Degraded,No_Failure,No_Failure,16,Monday,6,Monsoon,False,False,Completed,2025-06-16 14:58:23,2025-06-16 14:59:35,0.0,10.9,No_Delay,True,4.9
80735,MEMU 39,MEMU,Regional,ER,29.722759,70.499563,GAYA,SBC,TDL,SEC-ER-729,TRK-2,10.73,133.65,Down,2025-06-17 00:23:40,2025-06-17 00:25:40,21.59,80.8,1215.4,2,2025-06-17 01:20:40,867.3,90.4,2.3,Running,0,348.1,10.4,7.4,10.7,24.2,10.0,12.0,81.8,71.9,21819,28.2,72.0,32.86,5,25.37,43.6,0,1,14.9,WTH03,Adverse Weather,High,2025-06-17 01:04:40,85,Auto-Detected,Manual_Report,20.4,0.6,38.1,12.6,5919.0,Heavy_Rain,Low,Poor,5.0,3.95,0,0,Yellow,51.2,48.5,47.9,Needs_Inspection,5.36,60.9,Up_to_Date,87,Degraded,No_Failure,No_Failure,1,Tuesday,6,Monsoon,False,False,Completed,2025-06-17 00:38:52,2025-06-17 00:37:40,0.0,12.9,Weather,True,6.8
83949,Vande Bharat 42,Vande Bharat,Freight,SCR,30.748514,80.900001,SBC,ASN,SC,SEC-SCR-111,TRK-3,83.93,37.64,Down,2025-06-17 12:33:49,2025-06-17 12:35:49,8.13,24.8,1970.8,10,2025-06-17 12:47:49,1646.54,74.7,0.6,Running,0,324.26,8.8,7.2,27.9,6.8,16.5,22.0,91.3,21.4,29590,-4.9,83.8,9.49,1,2.86,38.0,0,1,33.0,CNG04,Traffic Congestion,Medium,2025-06-17 11:11:49,177,Confirmed,Control_Office,22.9,3.2,62.8,30.2,4445.0,Clear,Low,Good,38.96,2.61,0,0,Auto,44.0,38.2,66.8,Good,4.97,51.3,Due_Soon,56,Healthy,No_Failure,No_Failure,12,Tuesday,6,Monsoon,False,False,Completed,2025-06-17 12:52:01,2025-06-17 12:48:37,0.0,17.6,Traffic,True,11.5
56696,Rajdhani 5,Rajdhani,Regional,CR,16.753424,71.866729,SC,JP,ASN,SEC-CR-506,TRK-2,86.19,77.39,Down,2025-06-17 20:49:40,2025-06-17 21:07:40,31.94,29.5,323.5,0,2025-06-17 22:08:40,153.75,67.5,1.4,Departed_Late,0,169.75,11.6,15.9,17.7,6.3,0.0,10.8,64.3,29.0,89089,13.6,78.5,37.06,3,17.65,24.8,1,1,23.2,MEC06,Mechanical Failure,High,2025-06-17 20:47:40,10,Confirmed,Manual_Report,35.2,2.5,55.2,21.9,6366.0,Clear,Severe,Fair,18.31,3.47,0,0,Green,70.3,55.1,79.9,Critical,6.18,72.2,Up_to_Date,181,Healthy,No_Failure,No_Failure,22,Tuesday,6,Monsoon,False,False,In_Transit,2025-06-17 20:58:46,,153.2,7.7,Mechanical,False,0.0
29586,Garib Rath 4,Garib Rath,Suburban,SR,15.256982,75.445357,ASN,DHN,BRC,SEC-SR-905,TRK-1,29.99,127.49,Up,2025-06-18 05:36:03,2025-06-18 05:49:03,10.67,51.4,166.5,4,2025-06-18 08:02:03,38.52,110.4,25.3,Running,0,127.98,7.2,8.0,8.4,27.2,19.9,5.8,76.1,59.0,48113,29.6,94.1,9.07,5,19.65,14.2,0,1,27.7,WTH03,Adverse Weather,High,2025-06-18 07:01:03,148,Auto-Detected,ML_Inference,25.9,0.0,70.8,9.0,5356.0,Cloudy,Low,Poor,9.15,2.18,0,1,Yellow,70.1,47.9,54.9,Good,6.31,16.5,Up_to_Date,224,Healthy,Brake_Wear,Minor,8,Wednesday,6,Monsoon,False,True,Completed,2025-06-18 06:22:57,2025-06-18 06:28:39,0.0,21.6,Weather,True,10.7
43403,Rajdhani 7,Rajdhani,Long-Distance,SECR,22.49593,87.950945,ADI,VAPI,DHN,SEC-SECR-641,TRK-2,126.94,117.2,Up,2025-06-18 06:14:45,2025-06-18 06:28:45,5.51,73.1,821.0,4,2025-06-18 08:42:45,764.22,33.7,22.9,Terminated,0,56.78,11.3,11.5,9.5,15.3,0.0,16.2,68.9,75.4,62307,17.4,20.6,14.33,2,45.77,16.2,1,1,53.7,SIG01,Signal Failure,High,2025-06-18 08:09:45,61,Confirmed,Control_Office,11.5,0.0,42.3,0.0,5468.0,Cloudy,Severe,Excellent,47.67,4.45,45,0,Green,85.2,53.3,39.7,Excellent,5.1,57.3,Overdue,228,Faulty,No_Failure,No_Failure,8,Wednesday,6,Monsoon,False,True,Completed,2025-06-18 07:10:21,2025-06-18 07:10:51,0.0,32.7,No_Delay,True,14.6
46790,Freight 21,Freight,Regional,NER,11.437795,73.033545,TDL,PNBE,JP,SEC-NER-458,TRK-1,6.49,119.8,Up,2025-06-18 12:24:39,2025-06-18 12:41:39,18.74,113.0,1256.2,0,2025-06-18 14:48:39,314.18,74.5,11.1,Slow_Running,0,942.02,9.3,7.9,2.5,11.8,12.0,8.0,57.9,102.9,28365,4.1,38.9,16.09,5,24.28,4.3,1,1,21.1,NON00,No Delay Reported,No_Impact,,0,Not_Applicable,Not_Applicable,22.6,9.8,63.0,16.0,2163.0,Storm,Low,Poor,36.24,1.71,0,0,Auto,85.1,26.1,67.9,Excellent,4.34,89.0,Overdue,113,Healthy,No_Failure,No_Failure,14,Wednesday,6,Monsoon,False,False,Completed,2025-06-18 12:30:21,2025-06-18 12:26:39,0.0,-5.4,No_Delay,False,0.0
69207,Shatabdi 23,Shatabdi,Regional,SER,28.058367,80.185847,GWL,BZA,BCT,SEC-SER-770,TRK-2,71.48,66.28,Down,2025-06-19 08:47:06,2025-06-19 09:06:06,26.85,69.9,1708.7,13,2025-06-19 09:37:06,1357.3,18.7,49.1,Running,0,351.4,30.0,-0.2,17.8,24.4,9.9,13.0,65.6,60.3,96924,-0.3,94.1,33.44,5,40.54,35.1,1,1,8.7,WTH03,Adverse Weather,High,2025-06-19 08:49:06,90,Confirmed,Manual_Report,36.8,2.0,28.8,13.1,2060.0,Cloudy,No_Impact,Fair,40.27,5.48,60,0,Green,93.1,56.6,55.5,Fair,3.63,80.5,Up_to_Date,335,Healthy,Axle_Fault,Minor,9,Thursday,6,Monsoon,False,True,Completed,2025-06-19 10:00:06,2025-06-19 10:03:54,0.0,23.9,Weather,True,20.6
86890,Express 20,Express,Long-Distance,SR,15.693195,77.968064,ALD,TDL,PUNE,SEC-SR-585,TRK-3,118.89,35.6,Down,2025-06-19 15:02:42,2025-06-19 15:19:42,18.28,19.0,548.4,7,2025-06-19 15:52:42,14.74,54.0,9.9,Running,0,533.66,13.4,4.2,5.7,13.6,5.8,6.2,88.1,22.6,12453,17.9,99.4,29.19,0,5.73,35.0,0,1,28.8,SIG01,Signal Failure,High,2025-06-19 14:57:42,57,Confirmed,IoT_Sensor,20.1,0.0,77.1,13.9,3712.0,Clear,Low,Fair,33.06,5.31,60,0,Green,83.1,58.0,44.1,Good,3.75,8.5,Due_Soon,132,Degraded,Door_Malfunction,Minor,15,Thursday,6,Monsoon,False,False,Completed,2025-06-19 15:25:18,2025-06-19 15:27:12,0.0,12.7,No_Delay,True,8.7
40027,Shatabdi 10,Shatabdi,Long-Distance,WCR,27.20551,69.911746,SBC,CNB,ALD,SEC-WCR-629,TRK-2,123.62,33.53,Down,2025-06-20 04:07:26,2025-06-20 04:18:26,24.59,108.7,1389.2,7,2025-06-20 05:14:26,720.08,45.9,-0.8,Running,0,669.12,22.3,13.6,21.0,28.7,12.3,16.4,59.9,103.2,53222,9.1,79.7,8.94,0,42.61,13.2,1,1,21.0,TRK02,Track Maintenance,Medium,2025-06-20 03:39:26,136,Auto-Detected,ML_Inference,24.3,2.8,52.6,14.8,6137.0,Clear,No_Impact,Under_Repair,27.76,2.94,45,0,Green,55.5,31.4,86.1,Good,4.79,35.5,In_Progress,74,Healthy,No_Failure,No_Failure,5,Friday,6,Monsoon,False,False,Completed,2025-06-20 04:05:20,2025-06-20 04:09:26,0.0,-1.3,Infrastructure,False,0.0
29721,Vande Bharat 43,Vande Bharat,Regional,WR,26.679147,73.626764,DHN,LKO,BCT,SEC-WR-724,TRK-2,95.48,92.06,Down,2025-06-20 21:41:35,2025-06-20 21:50:35,13.95,162.5,404.3,1,2025-06-20 23:01:35,198.53,36.2,43.1,Running,0,205.77,16.2,-5.0,31.1,22.7,6.3,19.7,77.3,161.7,36098,8.2,36.8,17.11,3,7.11,12.1,1,0,49.3,BLK08,Line Block / Engineering Work,High,2025-06-20 22:04:35,39,Confirmed,Manual_Report,25.3,0.1,41.0,14.6,5005.0,Cloudy,No_Impact,Excellent,37.29,2.13,0,0,Green,64.1,42.8,53.5,Good,4.95,87.6,Up_to_Date,31,Healthy,No_Failure,No_Failure,23,Friday,6,Monsoon,False,False,In_Transit,2025-06-20 22:58:47,,351.3,34.1,Infrastructure,True,21.9
46976,Garib Rath 29,Garib Rath,Regional,NCR,17.908929,71.885148,GWL,AGC,SC,SEC-NCR-294,TRK-1,75.96,118.27,Down,2025-06-21 05:01:41,2025-06-21 05:10:41,13.59,123.0,1618.0,2,2025-06-21 07:43:41,1581.12,36.9,22.1,Slow_Running,0,36.88,-5.0,3.5,-0.3,3.7,13.7,7.0,62.1,121.8,75766,25.1,63.2,9.2,1,20.88,24.9,1,1,6.3,PSG07,Passenger Emergency,Medium,2025-06-21 06:28:41,125,Confirmed,Manual_Report,18.2,1.4,55.3,16.4,10000.0,Cloudy,Low,Poor,34.69,3.67,0,0,Auto,71.3,53.0,36.8,Needs_Inspection,6.22,60.7,Up_to_Date,203,Healthy,No_Failure,No_Failure,7,Saturday,6,Monsoon,True,True,Completed,2025-06-21 05:27:41,2025-06-21 05:32:47,0.0,3.9,Operational,False,0.0
63769,MEMU 11,MEMU,Regional,NCR,14.372549,85.008745,BPL,LKO,TDL,SEC-NCR-424,TRK-3,89.44,21.18,Up,2025-06-21 21:06:34,2025-06-21 21:14:34,11.34,25.6,1140.8,15,2025-06-21 21:43:34,818.8,87.3,7.2,Running,0,322.0,11.9,5.4,17.8,10.2,11.2,31.2,67.5,18.0,63783,-0.3,83.1,38.05,3,8.46,15.6,1,1,19.6,WTH03,Adverse Weather,High,2025-06-21 20:26:34,59,Unconfirmed,IoT_Sensor,44.9,1.0,44.8,20.8,9401.0,Clear,No_Impact,Excellent,19.86,0.87,0,0,Green,85.7,40.9,50.6,Good,6.14,13.0,In_Progress,49,Healthy,No_Failure,No_Failure,21,Saturday,6,Monsoon,True,False,Completed,2025-06-21 21:19:28,2025-06-21 21:18:28,0.0,5.7,Weather,False,0.0
22620,MEMU 11,MEMU,Long-Distance,SCR,31.803637,90.815866,NGP,PNBE,AGC,SEC-SCR-592,TRK-2,3.51,92.86,Down,2025-06-21 21:29:30,2025-06-21 21:42:30,31.95,101.5,1376.1,6,2025-06-21 23:06:30,998.54,60.1,-1.9,Halted_Signal,38,377.56,18.5,0.3,23.3,26.1,20.1,8.7,80.4,107.2,31625,-5.0,65.5,5.48,4,8.62,19.3,1,1,19.4,NON00,No Delay Reported,No_Impact,,0,Not_Applicable,Not_Applicable,30.6,8.2,42.7,15.3,20.0,Heavy_Rain,No_Impact,Poor,25.88,4.87,0,0,Green,51.5,62.8,59.2,Good,5.33,46.0,Up_to_Date,100,Healthy,No_Failure,No_Failure,23,Saturday,6,Monsoon,True,False,Completed,2025-06-21 21:29:06,2025-06-21 21:25:48,0.0,1.5,No_Delay,False,0.0
38909,Rajdhani 16,Rajdhani,Regional,NWR,10.549062,69.053075,CNB,BZA,JP,SEC-NWR-909,TRK-2,83.32,173.91,Down,2025-06-22 20:53:05,2025-06-22 20:55:05,3.84,107.6,168.7,3,2025-06-22 20:50:05,124.74,83.7,4.8,Running,0,43.96,13.5,5.3,-0.2,16.6,4.4,5.7,63.1,99.7,18131,8.8,95.1,29.62,5,28.36,37.0,0,1,60.2,NON00,No Delay Reported,No_Impact,,0,Not_Applicable,Not_Applicable,11.0,0.8,66.3,9.9,2312.0,Cloudy,No_Impact,Good,30.65,6.0,30,0,Green,63.3,80.7,50.9,Excellent,4.17,86.5,Up_to_Date,211,Healthy,Axle_Fault,Moderate,20,Sunday,6,Monsoon,True,True,Completed,2025-06-22 21:08:35,2025-06-22 21:03:59,0.0,10.7,No_Delay,True,7.7
67822,Vande Bharat 20,Vande Bharat,Long-Distance,SECR,19.615382,79.82522,PUNE,BPL,BZA,SEC-SECR-343,TRK-2,174.68,43.4,Down,2025-06-23 06:57:32,2025-06-23 07:01:32,14.66,99.0,522.3,18,2025-06-23 08:04:32,505.65,68.9,24.5,Running,0,16.65,22.6,3.8,10.4,25.0,0.0,15.7,64.2,99.0,65547,11.6,53.0,12.63,4,27.61,35.1,0,1,40.7,LCB05,Late Crew Boarding,Low,2025-06-23 06:58:32,141,Unconfirmed,Control_Office,18.5,4.7,85.2,12.0,5216.0,Clear,No_Impact,Poor,7.63,3.39,0,0,Red,67.1,62.8,80.3,Good,3.96,20.4,Up_to_Date,122,Healthy,No_Failure,No_Failure,8,Monday,6,Monsoon,False,True,Completed,2025-06-23 07:24:14,2025-06-23 07:23:02,0.0,2.2,Operational,False,0.0
50795,DEMU 15,DEMU,Regional,SWR,18.964172,87.945257,TDL,RTM,ADI,SEC-SWR-747,TRK-2,69.36,100.9,Down,2025-06-23 13:16:11,2025-06-23 13:27:11,17.24,21.3,58.4,6,2025-06-23 14:39:11,12.83,41.3,5.5,Departed_Late,0,45.57,10.4,15.4,11.2,16.0,2.8,11.4,91.0,20.6,53457,8.1,48.3,6.41,4,11.76,8.6,1,0,30.2,NON00,No Delay Reported,No_Impact,,0,Not_Applicable,Not_Applicable,34.9,12.9,37.4,4.2,10000.0,Clear,Moderate,Excellent,40.5,3.7,0,0,Yellow,64.0,73.4,65.0,Good,3.76,21.2,Due_Soon,94,Healthy,No_Failure,No_Failure,14,Monday,6,Monsoon,True,False,Completed,2025-06-23 13:32:17,2025-06-23 13:41:11,0.0,10.6,No_Delay,True,6.2
80745,Mail 16,Mail,Long-Distance,WCR,26.78703,84.125519,ASN,PUNE,BRC,SEC-WCR-862,TRK-3,102.08,168.07,Up,2025-06-24 00:05:14,2025-06-24 00:23:14,27.29,154.3,1356.2,13,2025-06-24 00:41:14,829.82,67.3,3.0,Running,0,526.38,16.0,19.0,20.9,10.7,12.1,3.3,68.7,147.2,18628,13.2,65.7,4.22,2,38.93,44.3,0,1,19.2,LCB05,Late Crew Boarding,Low,2025-06-23 23:35:14,117,Auto-Detected,Control_Office,27.6,10.6,54.7,17.0,8962.0,Clear,No_Impact,Fair,18.1,4.4,45,0,Green,55.9,43.2,73.6,Fair,6.37,33.3,Due_Soon,238,Healthy,Electrical_Fault,Minor,0,Tuesday,6,Monsoon,False,False,Completed,2025-06-24 00:09:14,2025-06-24 00:13:44,0.0,1.0,Operational,False,0.0
70988,Garib Rath 24,Garib Rath,Long-Distance,ER,14.150132,90.594148,ADI,TDL,CSTM,SEC-ER-516,TRK-2,48.98,56.37,Down,2025-06-24 01:55:04,2025-06-24 02:02:04,33.73,116.0,528.6,19,2025-06-24 02:46:04,228.23,61.3,2.0,Running,0,300.37,5.2,0.7,32.3,3.1,10.2,10.5,77.2,109.6,12043,-1.8,40.5,11.4,4,12.89,30.2,0,0,7.0,WTH03,Adverse Weather,High,2025-06-24 01:18:04,26,Confirmed,IoT_Sensor,34.6,4.9,55.7,7.7,7530.0,Rain,Severe,Good,19.12,7.14,45,0,Double_Yellow,62.8,64.1,87.4,Needs_Inspection,4.84,34.9,Up_to_Date,10,Healthy,No_Failure,No_Failure,2,Tuesday,6,Monsoon,False,False,Completed,2025-06-24 02:19:40,2025-06-24 02:23:22,0.0,22.6,Weather,True,9.9
61966,Garib Rath 40,Garib Rath,Premium,WR,26.685838,82.840027,ADI,VAPI,CNB,SEC-WR-210,TRK-3,84.31,179.9,Down,2025-06-24 00:14:31,2025-06-24 00:28:31,1.66,108.3,1869.0,9,2025-06-24 02:57:31,654.3,94.2,-2.6,Running,0,1214.7,19.2,25.7,9.7,22.6,19.3,15.2,88.2,117.2,26210,4.1,76.8,19.97,0,5.67,32.5,0,1,39.2,NON00,No Delay Reported,No_Impact,,0,Not_Applicable,Not_Applicable,37.2,1.4,33.8,17.3,10000.0,Cloudy,No_Impact,Good,11.13,0.96,60,1,Green,92.3,83.8,53.5,Fair,4.54,33.1,Up_to_Date,166,Healthy,Bearing_Overheat,Moderate,2,Tuesday,6,Monsoon,False,False,Completed,2025-06-24 00:14:25,2025-06-24 00:15:37,0.0,2.5,No_Delay,False,0.0
70375,Vande Bharat 12,Vande Bharat,Regional,SECR,15.329158,74.218999,NDLS,ST,PNBE,SEC-SECR-736,TRK-3,79.51,3.4,Down,2025-06-24 01:33:14,2025-06-24 01:44:14,25.67,95.1,1255.1,2,2025-06-24 03:39:14,1097.51,72.7,3.8,Slow_Running,0,157.59,21.5,-0.8,6.0,8.0,7.7,13.5,60.5,111.4,41091,7.6,49.4,17.93,4,43.18,7.0,0,0,42.6,BLK08,Line Block / Engineering Work,High,2025-06-24 03:09:14,54,Auto-Detected,Station_Master,19.5,5.7,66.2,4.1,7373.0,Clear,No_Impact,Fair,49.71,4.13,0,1,Yellow,45.4,37.3,71.5,Good,6.01,50.9,Up_to_Date,223,Healthy,No_Failure,No_Failure,3,Tuesday,6,Monsoon,False,False,In_Transit,2025-06-24 01:59:26,,136.8,22.4,Infrastructure,True,17.7
57768,Rajdhani 3,Rajdhani,Regional,SECR,27.772539,71.694828,MGS,PUNE,CNB,SEC-SECR-918,TRK-2,175.86,146.94,Down,2025-06-24 06:58:15,2025-06-24 07:14:15,2.68,179.7,789.8,12,2025-06-24 06:50:15,367.12,76.6,-1.5,Slow_Running,0,422.68,29.1,0.8,-1.2,28.5,4.5,22.5,79.6,184.6,58683,0.8,64.8,2.51,2,20.46,22.8,1,1,13.9,MEC06,Mechanical Failure,High,2025-06-24 06:24:15,176,Confirmed,IoT_Sensor,31.3,1.4,56.2,11.3,7760.0,Rain,Severe,Fair,29.93,0.25,100,0,Double_Yellow,56.0,48.6,64.5,Good,4.92,0.9,In_Progress,261,Healthy,No_Failure,No_Failure,6,Tuesday,6,Monsoon,False,False,Completed,2025-06-24 07:14:03,2025-06-24 07:13:51,0.0,17.3,Mechanical,True,12.2
23795,Mail 43,Mail,Long-Distance,SWR,15.115612,85.086964,BZA,JHS,SC,SEC-SWR-322,TRK-3,8.42,164.89,Down,2025-06-24 07:21:47,2025-06-24 07:27:47,17.13,34.4,1033.7,17,2025-06-24 08:42:47,812.82,69.3,2.9,Halted_Signal,4,220.88,15.3,9.5,1.0,8.2,14.2,21.3,62.8,25.4,88577,10.5,6.6,26.81,5,35.39,36.7,0,1,22.4,CNG04,Traffic Congestion,Medium,2025-06-24 06:53:47,98,Auto-Detected,Manual_Report,30.9,3.5,53.5,31.1,3754.0,Rain,No_Impact,Good,43.24,1.81,60,0,Double_Yellow,69.3,44.9,58.3,Fair,3.63,81.1,Up_to_Date,179,Healthy,No_Failure,No_Failure,8,Tuesday,6,Monsoon,False,True,In_Transit,2025-06-24 07:36:41,,194.8,12.0,Traffic,True,8.8
69719,Duronto 4,Duronto,Regional,WR,32.700922,92.112163,NGP,HWH,SC,SEC-WR-132,TRK-3,129.6,20.74,Down,2025-06-25 04:38:48,2025-06-25 04:41:48,6.65,175.2,1969.9,0,2025-06-25 07:33:48,1784.51,44.5,-0.1,Running,0,185.39,16.0,27.6,5.4,19.6,19.5,17.4,49.7,169.7,38466,20.0,65.4,6.84,5,27.94,38.6,1,0,14.6,MEC06,Mechanical Failure,High,2025-06-25 05:52:48,150,Confirmed,IoT_Sensor,24.6,0.4,53.4,8.7,3635.0,Clear,No_Impact,Good,15.96,2.61,0,0,Green,28.5,64.2,32.3,Good,4.52,47.1,Due_Soon,363,Healthy,No_Failure,No_Failure,7,Wednesday,6,Monsoon,False,True,Completed,2025-06-25 04:48:30,2025-06-25 04:46:36,0.0,9.8,Mechanical,False,0.0
53972,Passenger 11,Passenger,Long-Distance,SECR,17.655582,94.491648,BCT,MAS,BPL,SEC-SECR-876,TRK-3,138.17,104.0,Up,2025-06-25 13:08:56,2025-06-25 13:19:56,30.1,43.6,433.4,0,2025-06-25 14:36:56,423.75,67.3,28.6,Slow_Running,0,9.65,15.9,6.1,13.3,14.0,20.7,10.2,54.4,44.2,91096,0.3,56.0,10.83,3,40.1,30.0,0,1,6.9,SIG01,Signal Failure,High,2025-06-25 13:31:56,159,Confirmed,Manual_Report,19.4,5.9,40.7,31.3,4570.0,Clear,No_Impact,Fair,33.21,5.55,0,0,Auto,85.3,63.0,38.1,Good,4.32,86.8,Up_to_Date,126,Healthy,Bearing_Overheat,Minor,14,Wednesday,6,Monsoon,False,False,In_Transit,2025-06-25 13:51:14,,12.7,13.7,No_Delay,True,5.7
42730,Garib Rath 14,Garib Rath,Suburban,WR,32.976495,81.945893,CSTM,KOTA,BCT,SEC-WR-722,TRK-2,33.63,10.65,Down,2025-06-25 13:52:17,2025-06-25 14:03:17,33.67,62.5,174.7,15,2025-06-25 15:54:17,78.98,139.9,20.2,Running,0,95.72,18.1,18.2,12.3,26.0,0.0,4.1,29.8,65.3,79276,21.9,74.4,3.28,5,27.36,36.7,0,1,24.4,CNG04,Traffic Congestion,Medium,2025-06-25 14:09:17,140,Confirmed,IoT_Sensor,18.3,5.3,21.7,13.8,3588.0,Cloudy,Moderate,Good,41.61,5.27,0,0,Red,92.7,58.9,61.0,Good,3.63,67.1,Up_to_Date,18,Healthy,No_Failure,No_Failure,15,Wednesday,6,Monsoon,False,False,In_Transit,2025-06-25 14:27:29,,45.6,15.0,Traffic,True,8.1
59768,Express 22,Express,Freight,CR,16.663366,82.857056,LKO,VAPI,MGS,SEC-CR-345,TRK-2,22.12,174.02,Up,2025-06-25 14:11:57,2025-06-25 14:27:57,7.2,113.2,2073.6,0,2025-06-25 17:10:57,660.45,76.1,18.4,Running,0,1413.15,32.7,16.6,-5.0,25.7,0.7,19.5,82.1,100.5,88897,0.8,61.6,25.67,5,15.99,6.2,1,1,31.0,ANI09,Animal / Obstruction on Track,Medium,2025-06-25 15:11:57,105,Confirmed,Station_Master,22.8,3.6,45.4,7.5,4302.0,Clear,No_Impact,Good,45.03,1.02,75,1,Green,88.6,48.8,39.1,Needs_Inspection,3.87,51.8,In_Progress,293,Healthy,No_Failure,No_Failure,17,Wednesday,6,Monsoon,False,True,Completed,2025-06-25 14:37:51,2025-06-25 14:36:51,0.0,7.5,Traffic,False,0.0
10488,DEMU 23,DEMU,Premium,CR,21.47112,77.091658,BCT,MGS,PNBE,SEC-CR-831,TRK-2,104.71,151.16,Down,2025-06-25 17:34:12,2025-06-25 17:44:12,30.75,74.8,2112.6,1,2025-06-25 19:19:12,583.95,66.1,0.8,Running,0,1528.65,16.1,15.4,20.3,17.9,22.6,14.6,86.9,78.8,10658,14.4,75.9,21.18,3,34.56,28.8,1,1,5.0,NON00,No Delay Reported,No_Impact,,0,Not_Applicable,Not_Applicable,36.7,0.0,82.3,14.2,8083.0,Rain,No_Impact,Fair,12.8,6.03,0,1,Green,77.4,73.7,53.3,Needs_Inspection,6.44,17.1,Up_to_Date,91,Healthy,No_Failure,No_Failure,19,Wednesday,6,Monsoon,False,True,Completed,2025-06-25 17:39:54,2025-06-25 17:36:30,0.0,4.9,No_Delay,False,0.0
78390,MEMU 9,MEMU,Premium,SER,31.493785,95.563687,ASN,MGS,BCT,SEC-SER-212,TRK-3,110.32,165.62,Up,2025-06-26 00:32:41,2025-06-26 00:43:41,19.93,34.6,682.1,14,2025-06-26 02:10:41,156.49,88.0,15.5,Running,0,525.61,9.9,6.4,16.6,18.3,1.7,5.1,55.5,31.5,66997,17.3,25.9,0.95,0,1.34,18.7,0,1,24.0,TRK02,Track Maintenance,Medium,2025-06-26 01:12:41,32,Auto-Detected,IoT_Sensor,32.9,2.6,62.1,21.3,7031.0,Clear,No_Impact,Under_Repair,32.33,4.76,0,0,Green,84.4,81.2,73.6,Good,4.29,3.8,In_Progress,312,Healthy,Electrical_Fault,Critical,2,Thursday,6,Monsoon,False,False,Completed,2025-06-26 00:59:35,2025-06-26 01:00:11,0.0,11.4,Infrastructure,True,7.0
95141,Shatabdi 9,Shatabdi,Regional,WR,22.841523,78.22857,GAYA,ALD,BPL,SEC-WR-721,TRK-2,141.09,88.45,Down,2025-06-26 18:05:27,2025-06-26 18:09:27,13.33,84.1,896.3,12,2025-06-26 18:22:27,832.85,56.4,5.7,Running,0,63.45,20.8,5.1,2.0,18.6,20.7,13.7,49.8,94.7,77925,-5.0,61.7,13.56,5,39.44,23.2,0,1,72.8,MEC06,Mechanical Failure,High,2025-06-26 17:12:27,32,Auto-Detected,ML_Inference,29.3,3.8,57.8,20.6,6379.0,Rain,Low,Fair,47.15,3.95,75,0,Auto,35.5,49.9,73.4,Excellent,7.12,70.0,Up_to_Date,220,Degraded,No_Failure,No_Failure,18,Thursday,6,Monsoon,False,True,Completed,2025-06-26 18:15:33,2025-06-26 18:12:15,0.0,4.4,Mechanical,False,0.0
25909,Superfast 49,Superfast,Long-Distance,SR,20.813058,75.789749,SC,CNB,ST,SEC-SR-462,TRK-1,66.66,169.3,Down,2025-06-26 20:34:48,2025-06-26 20:47:48,23.89,163.7,1107.7,12,2025-06-26 20:28:48,903.78,81.5,4.9,Slow_Running,0,203.92,7.9,18.3,8.0,24.6,16.4,19.5,57.3,161.5,53022,25.8,62.0,29.67,5,15.35,23.1,1,1,12.1,WTH03,Adverse Weather,High,2025-06-26 20:28:48,151,Confirmed,Station_Master,28.3,2.8,24.3,11.7,1567.0,Cloudy,No_Impact,Under_Repair,19.9,3.54,100,0,Green,65.9,57.1,49.2,Good,4.84,25.5,Due_Soon,224,Healthy,Brake_Wear,Moderate,20,Thursday,6,Monsoon,False,True,Completed,2025-06-26 20:56:54,2025-06-26 20:53:24,0.0,17.2,Weather,True,10.4
96443,Freight 46,Freight,Regional,ECoR,14.547291,77.335069,CNB,RTM,ASN,SEC-ECoR-611,TRK-2,67.46,76.23,Down,2025-06-27 01:43:55,2025-06-27 02:00:55,19.11,119.5,719.7,12,2025-06-27 02:10:55,170.5,81.5,14.3,Terminated,0,549.2,1.3,12.3,6.2,10.0,6.8,16.0,48.5,119.6,85281,10.8,60.2,35.64,5,34.31,4.5,0,1,5.2,PSG07,Passenger Emergency,Medium,2025-06-27 01:57:55,74,Unconfirmed,ML_Inference,25.1,3.4,82.6,7.4,3356.0,Fog,No_Impact,Poor,25.44,1.52,30,0,Yellow,56.9,73.0,24.7,Critical,4.32,21.2,Up_to_Date,151,Healthy,No_Failure,No_Failure,2,Friday,6,Monsoon,False,False,Completed,2025-06-27 02:11:49,2025-06-27 02:04:37,0.0,13.6,Operational,True,5.5
13353,Freight 48,Freight,Premium,SR,12.226566,85.30093,MGS,ALD,LKO,SEC-SR-656,TRK-3,103.66,3.81,Down,2025-06-27 06:37:08,2025-06-27 06:56:08,20.72,22.0,822.8,4,2025-06-27 08:05:08,518.87,82.7,52.3,Terminated,0,303.93,-3.7,23.2,-3.8,14.7,13.7,3.8,58.7,29.1,23010,21.7,64.2,15.21,5,2.44,37.8,1,0,2.8,CNG04,Traffic Congestion,Medium,2025-06-27 07:04:08,87,Confirmed,Station_Master,18.7,0.6,69.6,3.3,6928.0,Storm,Low,Good,34.48,2.95,30,0,Green,55.4,47.1,22.9,Fair,4.88,30.1,Up_to_Date,262,Healthy,No_Failure,No_Failure,8,Friday,6,Monsoon,False,True,Completed,2025-06-27 07:46:02,2025-06-27 07:52:38,0.0,16.6,Traffic,True,6.7
69787,Passenger 12,Passenger,Suburban,NR,33.555726,76.486558,TDL,SBC,CNB,SEC-NR-332,TRK-1,51.59,137.19,Down,2025-06-27 11:52:35,2025-06-27 12:10:35,12.72,103.5,1067.1,1,2025-06-27 12:21:35,1049.68,96.9,8.9,Stopped_at_Station,3,17.42,11.7,26.3,9.9,22.0,15.7,20.6,99.0,114.1,70719,16.9,69.8,37.22,4,2.72,28.3,0,1,5.1,TRK02,Track Maintenance,Medium,2025-06-27 12:06:35,179,Auto-Detected,IoT_Sensor,29.8,0.3,44.1,17.9,10000.0,Cloudy,No_Impact,Excellent,48.26,0.1,0,0,Double_Yellow,61.0,71.3,35.8,Excellent,4.95,77.0,Overdue,153,Offline,No_Failure,No_Failure,12,Friday,6,Monsoon,False,False,Completed,2025-06-27 12:06:17,2025-06-27 12:03:35,0.0,4.8,Infrastructure,False,0.0
21048,Duronto 43,Duronto,Long-Distance,WCR,26.159057,94.5854,SBC,BZA,LKO,SEC-WCR-467,TRK-1,29.23,156.15,Up,2025-06-28 04:47:56,2025-06-28 04:50:56,30.79,106.0,1532.5,8,2025-06-28 07:44:56,400.21,71.7,1.5,Slow_Running,0,1132.29,19.9,24.0,-1.0,7.9,21.0,13.6,82.9,105.8,83362,43.1,92.1,12.58,3,6.68,12.4,0,1,71.9,NON00,No Delay Reported,No_Impact,,0,Not_Applicable,Not_Applicable,32.6,3.1,78.7,15.7,1768.0,Cloudy,Low,Fair,31.59,6.63,75,0,Yellow,100.0,57.6,36.1,Fair,5.46,44.3,Due_Soon,138,Healthy,Bearing_Overheat,Minor,7,Saturday,6,Monsoon,True,True,Completed,2025-06-28 05:15:14,2025-06-28 05:21:44,0.0,25.8,No_Delay,True,17.9
67134,MEMU 21,MEMU,Premium,SR,17.013682,72.13166,MGS,GWL,ST,SEC-SR-578,TRK-3,33.87,107.89,Down,2025-06-29 11:26:07,2025-06-29 11:31:07,21.05,27.5,190.3,4,2025-06-29 14:19:07,58.02,27.9,14.7,Departed_Late,0,132.28,7.7,20.8,-5.0,8.6,9.6,17.8,64.9,32.9,62218,13.0,84.6,5.66,5,44.9,32.4,1,1,43.9,CNG04,Traffic Congestion,Medium,2025-06-29 13:32:07,14,Auto-Detected,ML_Inference,39.1,0.9,73.3,25.9,4824.0,Fog,Severe,Excellent,16.42,2.69,0,0,Green,58.0,23.4,61.7,Critical,3.66,97.5,Due_Soon,219,Healthy,No_Failure,No_Failure,14,Sunday,6,Monsoon,True,False,Not_Started,,,289.8,17.6,Traffic,True,7.0
90826,Superfast 8,Superfast,Regional,ECR,20.33575,74.749245,TDL,GAYA,ASN,SEC-ECR-343,TRK-1,15.7,89.81,Up,2025-06-29 15:31:17,2025-06-29 15:46:17,23.31,144.9,343.5,19,2025-06-29 16:06:17,176.06,25.0,-1.2,Running,0,167.44,28.3,6.2,4.4,8.8,8.9,7.3,68.8,138.2,19598,14.5,90.7,33.21,3,44.18,13.6,0,1,17.9,TRK02,Track Maintenance,Medium,2025-06-29 15:51:17,175,Confirmed,Station_Master,29.5,4.0,55.5,5.6,270.0,Clear,No_Impact,Poor,45.09,3.64,0,0,Double_Yellow,94.6,46.0,59.3,Fair,5.0,9.9,Overdue,76,Healthy,HVAC_Failure,Moderate,16,Sunday,6,Monsoon,True,False,In_Transit,2025-06-29 15:45:29,,406.5,15.4,Infrastructure,True,9.8
72043,Garib Rath 19,Garib Rath,Long-Distance,ER,18.346833,82.914111,VAPI,CNB,BPL,SEC-ER-821,TRK-3,49.4,126.06,Down,2025-06-29 20:20:57,2025-06-29 20:38:57,13.8,9.4,365.5,2,2025-06-29 23:17:57,178.4,41.2,14.6,Running,0,187.1,16.4,21.9,24.9,19.1,8.3,16.1,48.3,10.4,55674,16.1,65.5,27.99,3,12.69,8.3,0,0,18.9,TRK02,Track Maintenance,Medium,2025-06-29 23:04:57,159,Confirmed,Station_Master,31.4,1.5,56.8,8.9,4439.0,Rain,Low,Fair,32.16,4.15,100,0,Auto,47.7,87.3,48.6,Fair,4.91,49.3,Up_to_Date,349,Healthy,Bearing_Overheat,Critical,23,Sunday,6,Monsoon,True,False,Completed,2025-06-29 20:51:03,2025-06-29 20:56:21,0.0,15.5,Infrastructure,True,11.1
55066,Shatabdi 41,Shatabdi,Long-Distance,SER,29.531456,85.473015,NDLS,GAYA,SBC,SEC-SER-596,TRK-1,44.53,128.12,Up,2025-06-30 04:56:59,2025-06-30 05:09:59,32.18,169.1,1433.5,6,2025-06-30 05:44:59,285.18,67.4,-2.5,Terminated,0,1148.32,12.3,18.4,10.4,12.8,3.1,9.2,65.3,169.8,86709,7.0,31.1,23.26,4,48.37,16.4,1,0,38.8,SIG01,Signal Failure,High,2025-06-30 04:32:59,56,Confirmed,Station_Master,20.0,6.0,64.4,12.0,4784.0,Clear,No_Impact,Poor,21.96,3.73,100,0,Green,88.3,68.5,57.6,Excellent,5.68,88.6,Due_Soon,45,Degraded,No_Failure,No_Failure,5,Monday,6,Monsoon,False,False,Completed,2025-06-30 04:54:47,2025-06-30 04:54:29,0.0,0.3,No_Delay,False,0.0
33928,Mail 40,Mail,Freight,ECR,19.042659,89.905813,BZA,LKO,TDL,SEC-ECR-560,TRK-3,76.77,24.62,Down,2025-06-30 06:17:55,2025-06-30 06:26:55,30.08,141.0,107.1,13,2025-06-30 07:05:55,45.64,112.2,1.8,Running,0,61.46,3.8,19.8,0.2,30.5,7.9,5.1,88.4,139.2,97097,7.4,61.3,14.62,0,2.51,24.6,0,1,19.9,NON00,No Delay Reported,No_Impact,,0,Not_Applicable,Not_Applicable,15.4,5.2,58.3,25.6,10000.0,Clear,Moderate,Fair,38.75,2.84,0,0,Green,81.4,62.5,44.4,Critical,4.72,76.5,Up_to_Date,141,Degraded,Bearing_Overheat,Critical,7,Monday,6,Monsoon,False,True,In_Transit,2025-06-30 06:22:43,,33.8,3.0,No_Delay,False,0.0
66457,Rajdhani 44,Rajdhani,Regional,WCR,16.535136,87.176245,BPL,DHN,PUNE,SEC-WCR-859,TRK-3,115.84,119.39,Down,2025-06-30 05:44:27,2025-06-30 05:52:27,26.17,117.1,1741.8,6,2025-06-30 08:06:27,1423.28,51.8,6.9,Running,0,318.52,3.5,9.9,12.9,5.0,6.5,22.1,27.1,118.7,29179,11.1,93.1,9.02,4,16.38,6.0,1,0,33.8,BLK08,Line Block / Engineering Work,High,2025-06-30 06:18:27,30,Confirmed,IoT_Sensor,23.3,5.3,58.0,24.1,4092.0,Cloudy,No_Impact,Good,22.18,3.05,45,1,Green,68.7,45.0,40.5,Critical,6.02,0.7,Up_to_Date,101,Healthy,Door_Malfunction,Minor,8,Monday,6,Monsoon,False,True,Not_Started,,,375.4,21.4,Infrastructure,True,10.2
51057,Rajdhani 14,Rajdhani,Long-Distance,SECR,17.821649,80.852463,NDLS,CNB,MAS,SEC-SECR-146,TRK-2,160.15,43.86,Down,2025-06-30 09:13:42,2025-06-30 09:16:42,2.44,117.9,1932.0,12,2025-06-30 09:30:42,909.13,27.6,-2.3,Running,0,1022.87,15.4,6.2,1.6,16.7,20.6,21.0,62.2,122.5,61643,17.9,75.6,15.62,3,11.01,6.3,0,1,27.9,WTH03,Adverse Weather,High,2025-06-30 08:23:42,165,Confirmed,IoT_Sensor,38.9,1.3,30.7,15.2,10000.0,Clear,No_Impact,Good,33.16,2.63,0,0,Green,63.1,27.9,79.9,Fair,4.89,18.7,Due_Soon,28,Degraded,No_Failure,No_Failure,9,Monday,6,Monsoon,False,True,Completed,2025-06-30 09:20:06,2025-06-30 09:25:00,0.0,8.7,Weather,False,0.0
67947,Rajdhani 24,Rajdhani,Long-Distance,WR,11.744166,95.48643,NGP,SBC,JP,SEC-WR-153,TRK-3,150.45,104.13,Up,2025-06-30 14:01:31,2025-06-30 14:19:31,6.76,25.3,1399.7,19,2025-06-30 16:07:31,715.9,59.4,10.8,Running,0,683.8,7.8,18.6,21.0,10.5,20.6,16.4,57.0,38.9,82906,13.0,65.7,1.36,3,37.92,35.6,0,1,45.9,NON00,No Delay Reported,No_Impact,,0,Not_Applicable,Not_Applicable,22.6,0.0,38.7,12.6,6906.0,Cloudy,Low,Fair,54.16,3.7,30,0,Double_Yellow,54.1,51.2,54.6,Excellent,4.81,76.8,Due_Soon,58,Healthy,Electrical_Fault,Minor,16,Monday,6,Monsoon,False,False,Completed,2025-06-30 14:20:43,2025-06-30 14:19:49,0.0,8.4,No_Delay,False,0.0
94423,DEMU 35,DEMU,Regional,SWR,32.830898,89.183882,JHS,BCT,NDLS,SEC-SWR-134,TRK-1,26.17,104.05,Down,2025-06-30 18:51:20,2025-06-30 18:55:20,35.29,38.5,1908.1,0,2025-06-30 20:44:20,517.46,99.4,50.5,Stopped_at_Station,7,1390.64,14.8,9.3,-0.3,18.4,15.6,3.8,75.0,39.4,49168,26.6,83.3,23.24,5,9.32,14.3,1,1,18.9,NON00,No Delay Reported,No_Impact,,0,Not_Applicable,Not_Applicable,19.0,0.0,51.0,0.0,3036.0,Clear,No_Impact,Fair,54.84,3.42,45,0,Yellow,67.6,58.2,63.9,Excellent,4.97,76.5,Due_Soon,62,Healthy,No_Failure,No_Failure,20,Monday,6,Monsoon,False,True,Completed,2025-06-30 20:06:20,2025-06-30 20:13:32,0.0,24.5,No_Delay,True,17.1
84945,Passenger 45,Passenger,Freight,NCR,33.2599,76.908644,MGS,BZA,HWH,SEC-NCR-384,TRK-3,97.47,96.22,Down,2025-07-01 09:12:28,2025-07-01 09:20:28,26.96,114.3,1601.2,15,2025-07-01 09:55:28,530.51,69.2,8.3,Running,0,1070.69,8.0,15.3,-5.0,6.3,10.1,8.6,47.9,118.3,38953,16.9,30.2,18.21,2,25.19,27.4,0,1,18.0,CNG04,Traffic Congestion,Medium,2025-07-01 09:27:28,14,Confirmed,ML_Inference,24.0,1.7,74.6,25.8,4176.0,Cloudy,Low,Fair,37.49,3.12,100,0,Yellow,62.9,55.7,40.1,Excellent,5.46,88.5,Due_Soon,11,Healthy,No_Failure,No_Failure,9,Tuesday,7,Monsoon,False,True,Completed,2025-07-01 09:39:40,2025-07-01 09:35:34,0.0,18.9,Traffic,True,9.6
17888,DEMU 40,DEMU,Suburban,SER,18.283419,83.295512,NGP,SBC,GAYA,SEC-SER-732,TRK-2,89.17,70.14,Up,2025-07-01 11:25:30,2025-07-01 11:29:30,29.34,65.0,1556.5,6,2025-07-01 11:30:30,664.16,50.9,22.5,Halted_Signal,21,892.34,8.2,-2.3,6.1,14.7,13.7,10.1,55.2,65.7,12250,-5.0,78.6,29.23,2,48.23,41.7,1,1,60.7,ANI09,Animal / Obstruction on Track,Medium,2025-07-01 09:36:30,176,Unconfirmed,Station_Master,21.6,2.1,78.7,0.3,8393.0,Cloudy,Low,Good,53.87,0.76,45,0,Green,66.8,69.8,50.2,Excellent,5.35,60.3,Due_Soon,325,Healthy,No_Failure,No_Failure,11,Tuesday,7,Monsoon,False,False,Completed,2025-07-01 12:06:18,2025-07-01 12:05:48,0.0,18.3,Traffic,True,15.4
32903,Passenger 42,Passenger,Premium,NFR,25.50222,94.731413,DHN,GWL,MGS,SEC-NFR-387,TRK-3,95.94,5.18,Up,2025-07-01 10:22:09,2025-07-01 10:34:09,9.91,79.1,760.6,8,2025-07-01 12:36:09,35.8,78.5,3.5,Running,0,724.8,41.2,13.5,27.0,13.4,12.9,16.6,60.0,62.5,48678,10.3,55.8,36.84,1,49.82,33.7,0,1,33.3,WTH03,Adverse Weather,High,2025-07-01 11:19:09,74,Auto-Detected,ML_Inference,48.0,0.5,37.4,18.6,4449.0,Haze,Moderate,Excellent,34.07,3.29,60,1,Yellow,76.0,59.5,37.0,Excellent,4.54,46.4,Overdue,192,Healthy,No_Failure,No_Failure,12,Tuesday,7,Monsoon,False,False,Completed,2025-07-01 10:46:51,2025-07-01 10:52:51,0.0,21.2,Weather,True,8.8
74944,Passenger 20,Passenger,Long-Distance,NCR,11.683635,74.724723,JHS,ADI,BRC,SEC-NCR-189,TRK-3,92.2,109.84,Up,2025-07-02 05:08:54,2025-07-02 05:22:54,4.83,153.9,401.9,3,2025-07-02 07:57:54,325.06,65.1,9.4,Running,0,76.84,13.4,13.5,5.4,22.3,19.6,11.6,73.0,142.4,31714,3.9,55.6,29.45,1,20.74,26.0,1,1,54.7,WTH03,Adverse Weather,High,2025-07-02 07:48:54,112,Confirmed,IoT_Sensor,18.8,0.7,69.9,6.6,6341.0,Cloudy,Low,Good,31.68,1.73,0,0,Green,86.7,45.2,54.1,Good,4.09,3.8,Up_to_Date,168,Healthy,No_Failure,No_Failure,7,Wednesday,7,Monsoon,False,True,In_Transit,2025-07-02 05:30:18,,74.4,12.0,Weather,True,7.4
17599,Freight 41,Freight,Suburban,ER,22.739789,76.005257,MGS,JP,BRC,SEC-ER-195,TRK-3,73.46,143.11,Down,2025-07-02 11:53:36,2025-07-02 11:58:36,4.22,158.6,1808.8,6,2025-07-02 11:48:36,1053.74,71.5,9.3,Running,0,755.06,24.2,11.7,21.2,12.1,18.6,20.5,81.4,166.3,49071,12.7,92.5,10.37,2,4.71,21.0,1,1,29.3,WTH03,Adverse Weather,High,2025-07-02 11:28:36,133,Auto-Detected,Station_Master,36.2,2.2,100.0,19.1,8235.0,Cloudy,Moderate,Excellent,29.23,5.4,0,0,Red,86.5,71.8,33.7,Fair,5.23,79.6,Overdue,201,Healthy,Door_Malfunction,Critical,11,Wednesday,7,Monsoon,False,False,In_Transit,2025-07-02 12:10:36,,635.9,7.7,Weather,False,0.0
35551,Passenger 48,Passenger,Long-Distance,ECoR,9.632269,95.307413,PUNE,MAS,BZA,SEC-ECoR-656,TRK-1,103.7,179.83,Down,2025-07-02 14:49:41,2025-07-02 15:00:41,28.34,91.0,1633.4,11,2025-07-02 15:36:41,1484.19,104.3,52.1,Stopped_at_Station,19,149.21,30.3,8.5,14.1,16.4,5.2,4.6,82.7,94.5,24519,20.8,37.0,24.88,1,5.39,8.3,1,0,62.2,PSG07,Passenger Emergency,Medium,2025-07-02 14:46:41,148,Confirmed,Control_Office,34.7,1.7,46.4,6.4,3394.0,Rain,No_Impact,Fair,38.11,2.14,75,0,Double_Yellow,60.3,34.5,65.6,Excellent,4.84,49.0,Up_to_Date,306,Healthy,No_Failure,No_Failure,15,Wednesday,7,Monsoon,False,False,Completed,2025-07-02 16:10:05,2025-07-02 16:04:11,0.0,28.3,Operational,True,13.3
67057,Passenger 46,Passenger,Premium,SER,31.911035,85.145805,BZA,MGS,HWH,SEC-SER-639,TRK-3,117.8,25.91,Down,2025-07-02 16:48:15,2025-07-02 17:05:15,15.53,75.0,739.9,18,2025-07-02 17:24:15,350.49,37.1,31.5,Running,0,389.41,-4.1,4.3,33.5,3.2,3.1,18.2,99.0,78.5,54904,12.0,49.8,5.97,1,43.69,16.2,1,0,25.4,CNG04,Traffic Congestion,Medium,2025-07-02 15:39:15,51,Auto-Detected,Manual_Report,32.9,0.2,28.5,10.2,3773.0,Clear,No_Impact,Excellent,17.05,3.33,0,0,Green,73.7,78.8,61.9,Fair,4.3,73.6,Up_to_Date,125,Healthy,No_Failure,No_Failure,17,Wednesday,7,Monsoon,False,True,In_Transit,2025-07-02 17:40:09,,635.9,20.4,Traffic,True,11.7
30526,Freight 40,Freight,Suburban,ER,30.809434,90.018252,BRC,HWH,SBC,SEC-ER-923,TRK-1,65.84,72.56,Down,2025-07-03 00:15:25,2025-07-03 00:27:25,28.45,173.1,1830.7,12,2025-07-03 02:39:25,542.18,68.6,15.5,Stopped_at_Station,4,1288.52,-1.4,20.4,12.4,13.1,17.4,14.5,63.6,174.2,30510,-5.0,84.7,5.47,2,48.93,14.6,1,0,6.4,CNG04,Traffic Congestion,Medium,2025-07-03 01:20:25,141,Confirmed,IoT_Sensor,14.2,4.8,54.0,2.9,4397.0,Rain,No_Impact,Excellent,41.45,2.44,0,0,Yellow,61.6,34.7,60.3,Needs_Inspection,3.66,92.6,Due_Soon,91,Healthy,No_Failure,No_Failure,2,Thursday,7,Monsoon,False,False,Completed,2025-07-03 01:00:37,2025-07-03 00:59:55,0.0,29.7,Traffic,True,22.2
50888,Mail 8,Mail,Regional,WR,16.606422,68.979539,TDL,RTM,PUNE,SEC-WR-689,TRK-2,156.18,136.24,Down,2025-07-03 03:55:49,2025-07-03 04:03:49,19.57,79.5,247.5,16,2025-07-03 04:37:49,48.0,43.4,10.8,Running,0,199.5,15.8,5.7,18.3,14.6,14.4,16.6,71.4,81.9,24675,1.8,59.6,28.78,4,10.84,36.3,0,1,57.0,SIG01,Signal Failure,High,2025-07-03 04:35:49,59,Confirmed,Station_Master,32.6,1.7,44.4,18.4,4405.0,Fog,Severe,Fair,55.55,1.16,75,0,Green,41.1,49.5,40.3,Fair,6.51,51.8,Overdue,156,Healthy,No_Failure,No_Failure,4,Thursday,7,Monsoon,False,False,Completed,2025-07-03 04:31:07,2025-07-03 04:32:25,0.0,24.5,No_Delay,True,21.5
48141,Superfast 26,Superfast,Suburban,SER,26.668145,80.772382,GWL,ADI,ALD,SEC-SER-339,TRK-2,154.37,134.46,Up,2025-07-03 04:56:12,2025-07-03 05:11:12,19.78,126.3,445.6,14,2025-07-03 05:09:12,421.95,70.2,21.2,Slow_Running,0,23.65,29.1,-4.4,14.8,24.0,20.7,6.4,95.0,129.6,46821,-5.0,35.0,34.8,4,33.37,25.0,1,1,44.0,NON00,No Delay Reported,No_Impact,,0,Not_Applicable,Not_Applicable,18.0,0.0,27.5,11.7,4180.0,Clear,No_Impact,Good,11.13,2.9,30,0,Green,58.6,40.5,48.8,Good,4.77,88.6,Up_to_Date,159,Healthy,No_Failure,No_Failure,5,Thursday,7,Monsoon,False,False,Completed,2025-07-03 05:40:48,2025-07-03 05:38:42,0.0,23.4,No_Delay,True,13.4
50188,Garib Rath 7,Garib Rath,Regional,NFR,17.169023,76.359219,BZA,NDLS,KOTA,SEC-NFR-357,TRK-2,103.21,77.44,Down,2025-07-03 09:34:03,2025-07-03 09:49:03,35.67,77.7,1217.1,6,2025-07-03 10:54:03,384.15,85.9,15.4,Running,0,832.95,-5.0,11.7,21.7,15.6,15.3,5.9,85.3,68.5,93094,2.5,53.4,1.39,2,1.74,3.1,1,1,12.6,ANI09,Animal / Obstruction on Track,Medium,2025-07-03 10:07:03,87,Unconfirmed,ML_Inference,15.6,3.2,43.7,14.5,6380.0,Clear,Severe,Fair,22.55,4.79,0,1,Green,72.8,40.1,34.0,Critical,4.93,7.6,Up_to_Date,309,Healthy,No_Failure,No_Failure,10,Thursday,7,Monsoon,False,False,Completed,2025-07-03 09:52:09,2025-07-03 09:51:27,0.0,2.7,Traffic,False,0.0
18292,Vande Bharat 5,Vande Bharat,Suburban,SCR,14.728114,86.750688,RTM,NGP,PUNE,SEC-SCR-142,TRK-2,37.05,173.29,Down,2025-07-03 11:55:10,2025-07-03 12:02:10,14.45,42.9,1303.2,5,2025-07-03 14:00:10,1053.9,66.7,2.4,Running,0,249.3,14.2,5.5,30.5,8.1,12.5,26.7,79.9,55.6,84322,7.7,95.8,31.64,3,38.51,20.2,1,0,17.0,TRK02,Track Maintenance,Medium,2025-07-03 12:01:10,121,Auto-Detected,ML_Inference,29.7,4.1,36.5,7.5,3428.0,Fog,No_Impact,Poor,33.02,2.19,0,1,Red,78.2,34.6,53.5,Good,3.92,21.7,Up_to_Date,130,Offline,No_Failure,No_Failure,14,Thursday,7,Monsoon,False,False,Not_Started,,,226.9,8.7,Infrastructure,False,0.0
55450,Express 40,Express,Long-Distance,CR,32.274696,81.351355,LKO,BPL,DHN,SEC-CR-834,TRK-2,102.36,167.75,Down,2025-07-03 13:14:54,2025-07-03 13:25:54,34.22,112.6,801.9,5,2025-07-03 15:10:54,502.51,63.3,13.8,Running,0,299.39,14.8,12.6,2.0,17.1,0.5,9.4,96.9,116.5,93440,0.4,71.0,22.43,5,0.79,36.4,0,1,3.2,MEC06,Mechanical Failure,High,2025-07-03 14:15:54,124,Confirmed,Manual_Report,25.0,1.9,56.0,28.6,5079.0,Rain,No_Impact,Fair,26.18,0.16,0,0,Green,81.7,56.7,51.3,Good,5.37,64.4,Due_Soon,26,Healthy,No_Failure,No_Failure,15,Thursday,7,Monsoon,False,False,Completed,2025-07-03 13:43:48,2025-07-03 13:40:42,0.0,15.1,Mechanical,True,13.6
75592,Garib Rath 48,Garib Rath,Long-Distance,SWR,32.81138,77.519114,ASN,KOTA,CNB,SEC-SWR-773,TRK-3,13.73,95.91,Down,2025-07-03 17:25:26,2025-07-03 17:31:26,17.27,166.4,1458.3,3,2025-07-03 19:13:26,270.2,56.4,14.0,Running,0,1188.1,10.1,13.8,14.0,34.4,6.4,9.9,75.1,171.2,96238,-3.3,73.3,10.55,0,35.21,22.9,0,1,24.6,CNG04,Traffic Congestion,Medium,2025-07-03 17:28:26,114,Auto-Detected,ML_Inference,26.1,17.7,48.0,7.2,4015.0,Clear,No_Impact,Good,32.53,4.24,0,0,Green,68.2,67.5,24.1,Needs_Inspection,5.15,75.5,Due_Soon,266,Healthy,No_Failure,No_Failure,19,Thursday,7,Monsoon,False,True,Completed,2025-07-03 17:51:08,2025-07-03 17:40:26,0.0,11.7,Traffic,True,5.4
50153,Superfast 15,Superfast,Long-Distance,NFR,10.134441,91.494782,KOTA,TDL,HWH,SEC-NFR-838,TRK-1,24.68,2.98,Down,2025-07-03 21:37:29,2025-07-03 21:44:29,17.48,37.0,2029.0,10,2025-07-03 22:00:29,1614.62,59.6,7.8,Running,0,414.38,26.3,13.1,17.8,13.2,7.7,22.0,62.3,39.6,12857,-5.0,58.7,18.0,2,15.27,31.4,1,0,7.4,BLK08,Line Block / Engineering Work,High,2025-07-03 20:17:29,20,Auto-Detected,Manual_Report,16.4,3.6,29.4,7.1,7344.0,Storm,No_Impact,Poor,12.44,5.15,45,0,Yellow,77.5,34.4,55.0,Good,4.54,64.6,Up_to_Date,207,Healthy,No_Failure,No_Failure,22,Thursday,7,Monsoon,False,False,Completed,2025-07-03 22:03:47,2025-07-03 22:02:59,0.0,18.5,Infrastructure,True,13.7
16112,Vande Bharat 14,Vande Bharat,Long-Distance,SECR,27.862147,82.195957,NGP,LKO,SBC,SEC-SECR-132,TRK-1,62.86,108.4,Up,2025-07-03 23:25:54,2025-07-03 23:37:54,16.38,24.6,189.4,13,2025-07-04 00:14:54,175.65,76.2,-1.0,Running,0,13.75,2.9,16.2,4.5,18.3,22.1,19.8,55.5,20.0,77037,2.1,58.3,26.58,3,26.87,17.6,0,1,29.5,WTH03,Adverse Weather,High,2025-07-03 23:06:54,89,Confirmed,Manual_Report,27.8,4.0,38.1,21.3,8251.0,Clear,No_Impact,Good,17.01,3.54,0,1,Double_Yellow,84.3,49.0,28.2,Good,5.1,84.6,Overdue,190,Degraded,No_Failure,No_Failure,0,Friday,7,Monsoon,False,False,Completed,2025-07-03 23:51:06,2025-07-03 23:51:48,0.0,26.2,Weather,True,12.0
34027,Mail 16,Mail,Long-Distance,WCR,27.092168,70.360401,AGC,BPL,LKO,SEC-WCR-328,TRK-2,154.2,23.51,Up,2025-07-04 04:21:16,2025-07-04 04:24:16,6.61,156.2,1726.2,2,2025-07-04 04:52:16,965.2,38.1,0.1,Halted_Signal,39,761.0,3.3,12.8,27.5,10.4,12.2,22.1,65.6,145.0,37162,3.3,84.8,10.23,5,22.04,42.9,1,1,50.5,SIG01,Signal Failure,High,2025-07-04 04:38:16,104,Confirmed,Manual_Report,27.1,1.3,46.8,24.1,2217.0,Fog,Moderate,Fair,39.85,1.8,0,1,Green,88.2,81.0,32.9,Excellent,5.19,82.6,Due_Soon,301,Healthy,No_Failure,No_Failure,4,Friday,7,Monsoon,True,False,Completed,2025-07-04 04:28:34,2025-07-04 04:23:58,0.0,7.2,No_Delay,False,0.0
34182,Mail 20,Mail,Long-Distance,NER,26.056377,90.054753,BZA,HWH,KOTA,SEC-NER-929,TRK-1,125.89,34.23,Down,2025-07-04 10:00:39,2025-07-04 10:05:39,27.64,173.1,978.7,12,2025-07-04 09:56:39,624.81,97.3,4.2,Running,0,353.89,25.4,9.7,3.9,14.8,0.0,16.2,74.5,171.5,70754,6.8,27.2,29.19,5,38.55,41.0,0,1,19.1,BLK08,Line Block / Engineering Work,High,2025-07-04 08:06:39,96,Auto-Detected,Manual_Report,13.7,5.1,54.2,6.0,6573.0,Clear,Low,Excellent,29.91,4.29,0,0,Green,55.8,34.2,20.0,Excellent,4.26,68.9,Up_to_Date,203,Healthy,No_Failure,No_Failure,9,Friday,7,Monsoon,False,True,In_Transit,2025-07-04 10:08:33,,219.3,3.7,Infrastructure,False,0.0
47652,Duronto 10,Duronto,Suburban,WR,11.679562,88.924963,TDL,BCT,PUNE,SEC-WR-539,TRK-1,124.58,77.8,Down,2025-07-04 11:50:55,2025-07-04 12:03:55,7.64,76.6,127.5,12,2025-07-04 13:36:55,74.06,72.4,-2.4,Departed_Late,0,53.44,2.7,11.9,8.5,13.2,13.7,19.2,82.0,75.4,39441,14.4,54.3,6.6,4,43.05,36.7,0,0,35.5,MEC06,Mechanical Failure,High,2025-07-04 13:01:55,54,Confirmed,Control_Office,26.4,3.7,39.8,29.1,4359.0,Clear,No_Impact,Good,55.13,5.95,75,0,Green,100.0,71.5,76.9,Excellent,5.11,75.5,Overdue,302,Healthy,Bearing_Overheat,Critical,13,Friday,7,Monsoon,False,False,Completed,2025-07-04 11:52:55,2025-07-04 11:50:01,0.0,4.4,Mechanical,False,0.0
23825,Rajdhani 48,Rajdhani,Regional,NFR,29.076072,71.066569,SBC,LKO,BZA,SEC-NFR-439,TRK-1,53.42,169.66,Up,2025-07-04 18:06:35,2025-07-04 18:11:35,25.53,126.1,68.8,17,2025-07-04 18:29:35,51.85,30.6,24.9,Running,0,16.95,17.9,-0.8,10.5,10.7,21.0,4.9,66.3,120.7,96820,4.6,58.5,31.05,2,18.14,42.2,1,0,27.7,BLK08,Line Block / Engineering Work,High,2025-07-04 18:07:35,3,Confirmed,Control_Office,30.4,6.4,46.8,12.8,6626.0,Storm,No_Impact,Excellent,44.66,2.82,75,0,Green,38.2,59.8,55.0,Fair,4.59,53.1,Up_to_Date,152,Healthy,No_Failure,No_Failure,18,Friday,7,Monsoon,False,True,Completed,2025-07-04 18:27:23,2025-07-04 18:23:53,0.0,-4.1,Infrastructure,False,0.0
59232,Rajdhani 40,Rajdhani,Premium,WCR,23.403046,77.356098,PNBE,ADI,JHS,SEC-WCR-833,TRK-2,179.83,143.64,Down,2025-07-04 16:21:43,2025-07-04 16:40:43,10.61,154.7,1311.2,14,2025-07-04 18:36:43,209.4,73.4,12.0,Running,0,1101.8,16.9,7.1,10.6,4.5,15.7,13.5,99.0,162.4,95764,15.1,61.4,15.02,1,28.16,41.1,1,0,19.3,BLK08,Line Block / Engineering Work,High,2025-07-04 16:58:43,126,Unconfirmed,Station_Master,17.6,1.9,100.0,10.5,4420.0,Clear,No_Impact,Fair,38.55,1.66,0,0,Double_Yellow,24.2,60.7,69.8,Excellent,4.77,13.7,In_Progress,266,Faulty,No_Failure,No_Failure,18,Friday,7,Monsoon,False,True,In_Transit,2025-07-04 16:49:13,,905.3,15.5,Infrastructure,True,10.7
92233,Mail 38,Mail,Long-Distance,ER,13.058456,85.463647,VAPI,BPL,JHS,SEC-ER-287,TRK-1,127.58,178.1,Up,2025-07-04 17:17:08,2025-07-04 17:28:08,15.24,29.6,1555.6,4,2025-07-04 20:04:08,966.76,103.2,11.0,Running,0,588.84,23.0,1.4,-2.3,13.3,11.6,16.9,73.0,27.1,26604,22.3,78.7,29.83,3,34.23,16.4,0,0,27.7,NON00,No Delay Reported,No_Impact,,0,Not_Applicable,Not_Applicable,38.9,6.9,35.3,25.4,5632.0,Heavy_Rain,Moderate,Fair,21.17,1.5,0,0,Green,52.3,38.3,51.1,Fair,5.59,36.5,In_Progress,91,Healthy,No_Failure,No_Failure,20,Friday,7,Monsoon,False,True,In_Transit,2025-07-04 17:31:32,,343.4,3.4,No_Delay,False,0.0
66849,Garib Rath 23,Garib Rath,Long-Distance,ER,24.841844,91.914324,DHN,GAYA,VAPI,SEC-ER-117,TRK-2,47.76,17.77,Down,2025-07-05 13:40:24,2025-07-05 13:45:24,24.41,163.1,1724.0,15,2025-07-05 16:39:24,186.77,50.9,2.7,Running,0,1537.23,7.6,16.8,8.3,21.6,3.7,13.2,73.0,158.9,10409,23.0,92.9,17.1,4,21.51,41.0,1,1,14.6,ANI09,Animal / Obstruction on Track,Medium,2025-07-05 14:46:24,156,Auto-Detected,Manual_Report,31.8,0.0,66.0,13.7,7674.0,Haze,No_Impact,Fair,31.1,6.41,0,0,Green,92.9,27.9,39.2,Needs_Inspection,5.51,42.3,Up_to_Date,117,Healthy,Bearing_Overheat,Moderate,16,Saturday,7,Monsoon,True,False,Completed,2025-07-05 13:42:30,2025-07-05 13:47:24,0.0,-0.6,Traffic,False,0.0
46574,MEMU 45,MEMU,Long-Distance,SWR,26.945494,79.796255,CSTM,SBC,TDL,SEC-SWR-861,TRK-2,166.41,150.59,Up,2025-07-05 18:19:31,2025-07-05 18:36:31,25.7,78.9,1151.9,4,2025-07-05 20:22:31,588.58,64.3,6.7,Running,0,563.32,0.4,4.0,20.5,22.6,20.9,11.0,62.8,84.4,62269,10.1,55.5,14.23,4,45.93,12.6,0,1,54.9,SIG01,Signal Failure,High,2025-07-05 20:17:31,90,Confirmed,Control_Office,25.8,0.0,56.2,27.1,3160.0,Cloudy,Moderate,Excellent,53.26,2.83,60,1,Green,75.5,66.5,50.2,Needs_Inspection,5.39,66.5,Up_to_Date,8,Healthy,Bearing_Overheat,Moderate,20,Saturday,7,Monsoon,True,True,Completed,2025-07-05 18:35:01,2025-07-05 18:33:49,0.0,8.8,No_Delay,False,0.0
36718,DEMU 37,DEMU,Regional,SER,13.741107,88.157931,JP,NGP,VAPI,SEC-SER-974,TRK-1,113.29,123.28,Up,2025-07-06 01:07:48,2025-07-06 01:17:48,8.69,175.6,587.0,0,2025-07-06 02:15:48,111.23,90.1,15.0,Terminated,0,475.77,18.4,16.9,-5.0,14.7,12.1,0.0,77.6,181.2,79168,30.2,65.7,4.49,5,25.11,10.7,0,1,65.0,CNG04,Traffic Congestion,Medium,2025-07-06 00:36:48,17,Confirmed,IoT_Sensor,36.8,0.5,5.0,15.6,5055.0,Clear,No_Impact,Poor,65.88,4.19,0,0,Green,77.2,79.0,41.6,Fair,5.23,62.3,Overdue,202,Healthy,No_Failure,No_Failure,2,Sunday,7,Monsoon,True,False,Completed,2025-07-06 01:41:42,2025-07-06 01:41:30,0.0,18.9,Traffic,True,9.5
14904,Mail 31,Mail,Long-Distance,ECoR,18.601764,82.931661,VAPI,GWL,MGS,SEC-ECoR-357,TRK-1,155.67,72.58,Up,2025-07-06 12:33:35,2025-07-06 12:49:35,15.0,30.7,620.4,4,2025-07-06 12:46:35,524.43,74.0,-2.3,Halted_Signal,12,95.97,4.9,-1.8,8.0,10.6,13.0,9.3,50.9,23.1,87989,-5.0,20.4,6.28,5,30.5,20.7,0,1,15.2,TRK02,Track Maintenance,Medium,2025-07-06 11:58:35,61,Unconfirmed,IoT_Sensor,35.9,12.0,48.6,6.1,10000.0,Fog,Severe,Good,48.5,3.66,60,0,Yellow,33.0,73.7,66.6,Good,4.14,6.3,Due_Soon,336,Healthy,No_Failure,No_Failure,12,Sunday,7,Monsoon,True,False,In_Transit,2025-07-06 12:46:05,,82.3,14.8,Infrastructure,True,12.1
82394,DEMU 19,DEMU,Regional,ECR,13.383464,72.046792,GAYA,DHN,VAPI,SEC-ECR-810,TRK-3,175.08,62.55,Down,2025-07-06 11:16:52,2025-07-06 11:28:52,24.22,16.8,510.8,8,2025-07-06 12:56:52,187.6,96.8,33.0,Slow_Running,0,323.2,18.0,1.5,1.9,26.7,7.6,17.5,78.7,19.5,64640,13.9,74.7,8.93,3,47.37,20.3,1,0,60.2,CNG04,Traffic Congestion,Medium,2025-07-06 11:08:52,64,Confirmed,Station_Master,29.7,2.5,75.7,14.0,4133.0,Clear,No_Impact,Excellent,31.23,3.52,0,1,Red,72.1,48.6,52.7,Needs_Inspection,5.52,4.6,In_Progress,106,Faulty,No_Failure,No_Failure,12,Sunday,7,Monsoon,True,False,Completed,2025-07-06 12:08:40,2025-07-06 12:11:28,0.0,18.8,Traffic,True,16.5
11945,Rajdhani 44,Rajdhani,Suburban,SWR,8.701696,88.109759,BPL,JHS,BRC,SEC-SWR-729,TRK-1,74.77,73.85,Up,2025-07-06 20:00:58,2025-07-06 20:11:58,23.47,112.2,1343.8,3,2025-07-06 20:11:58,659.76,115.6,9.6,Slow_Running,0,684.04,16.9,4.1,31.5,13.4,23.1,4.4,82.0,108.4,67862,-5.0,29.8,22.32,1,44.83,36.4,1,1,15.7,NON00,No Delay Reported,No_Impact,,0,Not_Applicable,Not_Applicable,23.8,5.3,21.0,28.4,4496.0,Clear,Low,Good,38.18,4.35,45,0,Green,72.3,56.8,49.1,Critical,5.47,1.0,Up_to_Date,298,Healthy,No_Failure,No_Failure,20,Sunday,7,Monsoon,True,True,Completed,2025-07-06 20:29:58,2025-07-06 20:25:34,0.0,19.4,No_Delay,True,12.7
80868,Freight 21,Freight,Suburban,NER,34.401024,71.438335,LKO,BZA,RTM,SEC-NER-149,TRK-2,163.03,115.27,Down,2025-07-07 03:27:38,2025-07-07 03:40:38,35.72,24.0,1977.2,9,2025-07-07 03:37:38,1482.22,89.0,1.4,Running,0,494.98,7.7,5.8,6.6,19.1,1.7,8.8,99.0,19.0,81852,26.2,73.2,25.14,4,20.14,4.9,1,1,4.2,TRK02,Track Maintenance,Medium,2025-07-07 01:43:38,142,Auto-Detected,IoT_Sensor,19.0,13.4,63.7,23.6,5940.0,Cloudy,Low,Excellent,44.9,4.1,0,0,Green,49.7,48.1,38.5,Fair,6.49,32.0,Up_to_Date,314,Faulty,No_Failure,No_Failure,3,Monday,7,Monsoon,False,False,Completed,2025-07-07 03:32:08,2025-07-07 03:26:44,0.0,3.1,Infrastructure,False,0.0
23634,Freight 15,Freight,Suburban,ER,25.004001,91.497305,PNBE,RTM,ST,SEC-ER-727,TRK-1,122.9,130.45,Down,2025-07-07 03:52:19,2025-07-07 04:07:19,25.49,112.3,1030.4,4,2025-07-07 03:55:19,1012.48,59.3,0.8,Running,0,17.92,20.2,9.3,15.4,15.1,6.9,8.8,83.2,102.9,21774,2.7,48.4,38.73,3,29.2,34.6,0,1,59.4,CNG04,Traffic Congestion,Medium,2025-07-07 03:07:19,49,Confirmed,IoT_Sensor,24.3,0.0,41.0,6.4,1307.0,Cloudy,Moderate,Fair,53.21,3.06,0,0,Auto,51.9,55.4,32.8,Excellent,4.68,2.6,Up_to_Date,268,Healthy,No_Failure,No_Failure,3,Monday,7,Monsoon,False,False,In_Transit,2025-07-07 03:46:31,,16.2,-6.6,Traffic,False,0.0
82132,Superfast 20,Superfast,Regional,NER,15.358995,89.344082,NGP,ST,VAPI,SEC-NER-274,TRK-2,92.25,89.62,Up,2025-07-07 08:22:38,2025-07-07 08:24:38,32.18,137.2,1294.7,17,2025-07-07 08:36:38,710.87,64.3,-2.4,Slow_Running,0,583.83,14.1,-5.0,-5.0,7.0,9.3,18.8,46.2,123.8,51441,7.7,103.1,21.62,0,46.38,34.3,1,1,19.3,SIG01,Signal Failure,High,2025-07-07 08:21:38,49,Unconfirmed,Station_Master,12.3,0.0,32.3,13.2,3863.0,Rain,No_Impact,Poor,34.72,5.18,30,1,Yellow,100.0,57.6,58.4,Excellent,5.2,20.1,Up_to_Date,38,Healthy,No_Failure,No_Failure,8,Monday,7,Monsoon,False,True,Completed,2025-07-07 08:24:44,2025-07-07 08:19:38,0.0,4.5,No_Delay,False,0.0
67830,Mail 19,Mail,Long-Distance,SCR,30.185841,84.28222,GAYA,MAS,LKO,SEC-SCR-330,TRK-2,122.25,41.28,Down,2025-07-07 10:15:59,2025-07-07 10:27:59,3.53,119.1,155.9,3,2025-07-07 12:24:59,2.59,64.5,6.0,Running,0,153.31,26.3,14.1,-5.0,5.9,9.3,7.0,72.3,114.5,91355,15.7,69.5,19.6,2,48.63,36.9,0,1,34.3,NON00,No Delay Reported,No_Impact,,0,Not_Applicable,Not_Applicable,24.3,9.7,27.1,3.3,6866.0,Clear,No_Impact,Excellent,39.4,4.02,0,0,Green,60.5,95.1,68.9,Good,5.47,54.7,Up_to_Date,177,Healthy,Axle_Fault,Critical,12,Monday,7,Monsoon,False,False,Completed,2025-07-07 10:19:59,2025-07-07 10:27:41,0.0,-2.0,No_Delay,False,0.0
46070,MEMU 5,MEMU,Suburban,ER,34.210565,92.972184,CSTM,ADI,ST,SEC-ER-473,TRK-1,38.41,95.82,Up,2025-07-07 18:59:34,2025-07-07 19:14:34,6.14,53.3,1721.2,6,2025-07-07 18:52:34,1265.68,61.5,45.3,Running,0,455.52,28.6,9.8,-5.0,28.5,9.9,5.9,48.8,55.9,76957,17.3,60.7,23.65,3,15.75,39.1,1,1,17.9,NON00,No Delay Reported,No_Impact,,0,Not_Applicable,Not_Applicable,22.8,0.9,53.8,17.2,3430.0,Cloudy,No_Impact,Fair,37.99,5.33,0,0,Green,35.0,46.6,52.0,Good,4.83,29.5,Up_to_Date,275,Healthy,No_Failure,No_Failure,18,Monday,7,Monsoon,False,True,Completed,2025-07-07 20:34:34,2025-07-07 20:34:52,0.0,49.7,No_Delay,True,36.1
38862,Vande Bharat 15,Vande Bharat,Freight,SWR,9.176528,74.523184,AGC,ST,ALD,SEC-SWR-898,TRK-1,41.61,156.63,Up,2025-07-08 02:41:34,2025-07-08 02:59:34,14.96,13.3,1283.2,1,2025-07-08 05:06:34,1115.09,35.3,3.7,Slow_Running,0,168.11,-5.0,21.7,-1.9,25.1,24.6,8.7,78.7,5.0,10527,6.9,53.2,20.67,1,49.76,5.3,1,1,8.3,NON00,No Delay Reported,No_Impact,,0,Not_Applicable,Not_Applicable,21.2,1.4,52.9,6.6,4174.0,Clear,No_Impact,Good,35.29,5.81,0,0,Red,78.0,78.9,41.4,Fair,4.38,61.3,Up_to_Date,20,Healthy,Bearing_Overheat,Minor,5,Tuesday,7,Monsoon,False,False,Completed,2025-07-08 02:35:34,2025-07-08 02:38:34,0.0,-9.7,No_Delay,False,0.0
38533,Passenger 12,Passenger,Suburban,NER,12.191448,77.570141,BZA,ALD,VAPI,SEC-NER-974,TRK-2,112.52,37.53,Up,2025-07-08 04:42:13,2025-07-08 04:58:13,26.95,42.4,143.0,1,2025-07-08 05:13:13,51.9,106.7,5.4,Running,0,91.1,22.2,17.8,8.1,12.7,15.5,13.6,49.4,38.5,23160,7.3,28.1,18.58,0,23.94,5.5,1,1,43.8,NON00,No Delay Reported,No_Impact,,0,Not_Applicable,Not_Applicable,28.8,0.0,43.7,30.6,7751.0,Cloudy,No_Impact,Fair,37.03,5.59,45,0,Green,80.7,57.9,30.8,Good,5.45,31.5,Due_Soon,212,Healthy,No_Failure,No_Failure,5,Tuesday,7,Monsoon,False,False,Completed,2025-07-08 04:52:19,2025-07-08 04:51:49,0.0,4.7,No_Delay,False,0.0
96371,MEMU 33,MEMU,Regional,SCR,25.168753,76.47418,BRC,ADI,RTM,SEC-SCR-568,TRK-3,143.09,99.85,Up,2025-07-08 08:11:40,2025-07-08 08:24:40,19.18,40.7,1725.1,13,2025-07-08 09:43:40,1497.78,89.0,8.3,Stopped_at_Station,1,227.32,34.4,22.1,19.6,6.2,8.1,18.8,91.2,27.9,41885,13.6,84.7,13.29,5,27.28,30.0,0,1,10.0,TRK02,Track Maintenance,Medium,2025-07-08 09:41:40,53,Unconfirmed,Control_Office,46.7,0.0,52.1,11.4,6536.0,Cloudy,Low,Good,26.15,2.68,0,0,Yellow,61.5,46.9,39.1,Excellent,4.25,50.6,Overdue,293,Healthy,Electrical_Fault,Moderate,9,Tuesday,7,Monsoon,False,True,Completed,2025-07-08 08:27:10,2025-07-08 08:28:22,0.0,7.2,Infrastructure,False,0.0
80435,Shatabdi 49,Shatabdi,Freight,ER,18.107371,89.264919,MAS,HWH,BPL,SEC-ER-196,TRK-3,119.32,41.04,Up,2025-07-08 10:52:12,2025-07-08 11:08:12,27.48,151.7,428.9,18,2025-07-08 12:40:12,58.5,71.5,2.4,Running,0,370.4,6.9,-5.0,9.5,9.5,7.0,9.7,83.2,146.8,64137,17.1,54.6,35.42,4,4.15,35.7,0,1,25.2,LCB05,Late Crew Boarding,Low,2025-07-08 11:20:12,31,Confirmed,ML_Inference,36.1,2.8,51.9,10.7,6856.0,Fog,No_Impact,Poor,35.01,3.56,30,1,Double_Yellow,59.7,40.6,62.8,Good,4.44,30.9,Due_Soon,175,Healthy,No_Failure,No_Failure,12,Tuesday,7,Monsoon,False,False,Not_Started,,,314.1,10.8,Operational,True,6.4
86169,Garib Rath 27,Garib Rath,Regional,ECR,28.999265,68.672656,ALD,BCT,NDLS,SEC-ECR-426,TRK-1,108.96,35.44,Down,2025-07-08 19:24:51,2025-07-08 19:30:51,22.89,77.4,1384.2,9,2025-07-08 21:10:51,173.0,69.3,24.8,Running,0,1211.2,16.3,-3.6,18.8,11.9,8.5,20.1,78.3,72.9,22831,6.8,57.0,33.78,4,14.72,32.1,1,1,57.7,CNG04,Traffic Congestion,Medium,2025-07-08 19:59:51,62,Confirmed,Manual_Report,13.6,0.9,99.9,17.4,4131.0,Rain,No_Impact,Fair,47.39,3.49,75,1,Green,66.7,57.6,74.1,Fair,5.08,96.0,Up_to_Date,237,Healthy,No_Failure,No_Failure,21,Tuesday,7,Monsoon,False,False,Completed,2025-07-08 20:10:45,2025-07-08 20:05:15,0.0,21.1,Traffic,True,12.0
62942,Duronto 6,Duronto,Premium,NER,32.588243,93.238493,ASN,NGP,BPL,SEC-NER-192,TRK-2,20.21,34.95,Down,2025-07-09 14:22:21,2025-07-09 14:37:21,24.03,35.0,405.2,6,2025-07-09 15:43:21,70.49,116.5,3.9,Slow_Running,0,334.71,16.9,13.1,-1.8,7.7,12.8,1.3,49.4,34.9,65987,3.4,104.7,6.07,3,4.01,36.8,1,0,40.2,NON00,No Delay Reported,No_Impact,,0,Not_Applicable,Not_Applicable,30.5,4.1,59.0,26.1,3367.0,Clear,No_Impact,Excellent,38.69,3.17,60,1,Green,97.4,29.9,57.4,Needs_Inspection,5.42,12.4,Up_to_Date,3,Healthy,No_Failure,No_Failure,15,Wednesday,7,Monsoon,False,False,Completed,2025-07-09 14:24:09,2025-07-09 14:25:15,0.0,-2.1,No_Delay,False,0.0
47615,MEMU 47,MEMU,Freight,SCR,23.92133,86.704533,ADI,ST,MAS,SEC-SCR-613,TRK-1,15.51,15.54,Up,2025-07-09 23:38:13,2025-07-09 23:43:13,8.37,142.5,83.1,9,2025-07-10 00:35:13,55.45,136.4,-2.3,Halted_Signal,23,27.65,5.6,3.8,10.9,12.2,20.4,27.9,57.6,138.1,38526,33.7,106.4,5.04,1,27.02,13.5,0,1,43.5,PSG07,Passenger Emergency,Medium,2025-07-09 22:48:13,121,Confirmed,ML_Inference,20.5,2.2,21.9,6.4,8450.0,Clear,No_Impact,Excellent,38.91,0.0,0,0,Red,85.9,41.1,47.3,Fair,5.95,14.5,In_Progress,131,Healthy,No_Failure,No_Failure,0,Thursday,7,Monsoon,False,False,Completed,2025-07-09 23:42:01,2025-07-09 23:47:13,0.0,6.1,Operational,False,0.0
99312,Passenger 19,Passenger,Freight,SWR,17.442413,88.209293,SBC,TDL,ST,SEC-SWR-966,TRK-2,34.79,18.92,Down,2025-07-09 22:41:22,2025-07-09 22:58:22,23.26,106.1,1365.4,0,2025-07-10 00:40:22,537.24,113.1,19.9,Running,0,828.16,6.0,5.1,-5.0,28.0,0.0,11.5,37.2,112.3,63255,10.1,95.7,5.77,4,47.02,43.4,1,1,35.0,NON00,No Delay Reported,No_Impact,,0,Not_Applicable,Not_Applicable,15.2,1.5,46.5,12.1,4909.0,Heavy_Rain,No_Impact,Good,38.64,2.86,0,0,Double_Yellow,48.4,65.4,39.1,Excellent,5.43,28.1,Up_to_Date,0,Healthy,No_Failure,No_Failure,0,Thursday,7,Monsoon,False,False,Completed,2025-07-09 23:07:34,2025-07-09 23:10:10,0.0,6.3,No_Delay,False,0.0
95606,Shatabdi 15,Shatabdi,Premium,ECoR,21.019544,70.637457,PNBE,GAYA,HWH,SEC-ECoR-297,TRK-2,10.01,25.91,Down,2025-07-10 02:34:50,2025-07-10 02:46:50,34.21,131.3,1946.3,1,2025-07-10 03:34:50,1209.46,49.0,88.4,Running,0,736.84,23.2,18.9,8.2,11.1,16.6,22.5,65.4,132.5,82785,5.4,42.6,34.72,5,42.78,17.9,1,1,8.9,LCB05,Late Crew Boarding,Low,2025-07-10 01:56:50,74,Unconfirmed,ML_Inference,10.4,1.2,51.0,3.6,1261.0,Clear,No_Impact,Good,34.5,4.5,0,0,Green,54.5,20.9,51.4,Excellent,4.68,58.5,In_Progress,7,Faulty,No_Failure,No_Failure,3,Thursday,7,Monsoon,False,False,Completed,2025-07-10 04:39:32,2025-07-10 04:40:50,0.0,36.3,Operational,True,24.2
67307,Rajdhani 37,Rajdhani,Regional,ECoR,14.828708,88.072488,VAPI,BCT,GAYA,SEC-ECoR-707,TRK-2,77.99,131.43,Down,2025-07-10 06:09:53,2025-07-10 06:21:53,23.87,67.1,1174.1,12,2025-07-10 07:53:53,992.45,72.9,72.5,Running,0,181.65,17.4,7.6,3.2,9.9,3.8,0.0,99.0,48.8,37074,5.5,68.9,12.5,4,39.29,6.3,1,1,5.6,NON00,No Delay Reported,No_Impact,,0,Not_Applicable,Not_Applicable,27.3,0.0,82.7,0.0,4242.0,Clear,No_Impact,Good,26.62,3.29,45,0,Green,71.5,60.6,22.0,Needs_Inspection,4.76,6.1,Up_to_Date,351,Healthy,No_Failure,No_Failure,7,Thursday,7,Monsoon,False,True,Completed,2025-07-10 07:42:05,2025-07-10 07:45:17,0.0,19.7,No_Delay,True,8.5
92840,Mail 36,Mail,Suburban,ER,19.450396,69.387941,PNBE,MAS,SBC,SEC-ER-642,TRK-2,101.0,85.29,Up,2025-07-10 10:22:06,2025-07-10 10:36:06,6.58,59.8,324.8,13,2025-07-10 10:53:06,253.76,87.3,22.6,Running,0,71.04,11.9,14.8,5.9,19.4,10.9,19.9,55.4,69.1,62033,-2.5,99.4,28.62,4,18.98,15.8,0,1,16.9,NON00,No Delay Reported,No_Impact,,0,Not_Applicable,Not_Applicable,37.8,9.1,26.0,28.6,8215.0,Clear,Low,Good,36.76,4.94,0,0,Green,62.5,51.6,50.0,Good,5.08,10.9,Due_Soon,124,Healthy,No_Failure,No_Failure,10,Thursday,7,Monsoon,False,False,Completed,2025-07-10 10:55:54,2025-07-10 10:51:36,0.0,11.2,No_Delay,True,5.0
70221,MEMU 36,MEMU,Freight,SCR,26.715469,69.162923,PNBE,SBC,ALD,SEC-SCR-294,TRK-2,109.83,122.0,Down,2025-07-11 01:53:48,2025-07-11 02:05:48,15.96,29.7,1489.2,8,2025-07-11 02:01:48,927.23,48.0,3.1,Running,0,561.97,10.4,-1.9,11.7,21.5,4.2,6.8,80.5,27.1,99160,-5.0,61.7,39.87,5,24.72,8.3,1,1,38.3,NON00,No Delay Reported,No_Impact,,0,Not_Applicable,Not_Applicable,26.5,6.6,40.9,24.5,8376.0,Cloudy,No_Impact,Good,25.39,2.59,60,1,Auto,68.0,58.9,38.1,Excellent,3.66,8.3,Up_to_Date,107,Healthy,Axle_Fault,Moderate,2,Friday,7,Monsoon,False,False,Not_Started,,,704.0,5.0,No_Delay,False,0.0
25027,Express 42,Express,Long-Distance,ER,12.996842,80.018404,SBC,BZA,BRC,SEC-ER-810,TRK-2,124.61,179.25,Up,2025-07-11 09:11:09,2025-07-11 09:25:09,25.55,167.4,1827.6,2,2025-07-11 11:44:09,1184.81,43.8,-1.8,Running,0,642.79,18.5,-5.0,18.2,8.1,5.2,12.2,59.7,165.4,80554,9.1,49.9,27.6,1,15.87,38.1,0,1,22.9,ANI09,Animal / Obstruction on Track,Medium,2025-07-11 10:43:09,110,Confirmed,Control_Office,35.3,8.3,22.9,10.4,3846.0,Fog,No_Impact,Good,38.45,5.14,0,0,Green,84.1,66.2,41.1,Good,5.25,96.9,Up_to_Date,81,Healthy,Door_Malfunction,Minor,11,Friday,7,Monsoon,False,False,In_Transit,2025-07-11 09:11:21,,881.1,2.0,Traffic,False,0.0
56354,MEMU 37,MEMU,Freight,ECR,10.743022,75.177425,SC,NGP,ASN,SEC-ECR-256,TRK-3,108.64,115.82,Down,2025-07-11 15:18:51,2025-07-11 15:35:51,9.18,113.1,1374.0,1,2025-07-11 15:22:51,902.32,73.4,16.0,Departed_Late,0,471.68,23.4,14.1,14.2,22.7,0.0,15.8,61.2,115.5,32531,30.5,89.2,5.59,1,24.54,8.4,0,1,6.7,SIG01,Signal Failure,High,2025-07-11 15:05:51,154,Confirmed,Station_Master,39.8,2.1,79.1,15.5,2575.0,Clear,No_Impact,Good,52.21,3.84,0,0,Green,94.4,47.7,47.6,Needs_Inspection,4.53,42.8,Overdue,301,Faulty,No_Failure,No_Failure,15,Friday,7,Monsoon,False,False,In_Transit,2025-07-11 15:34:27,,385.4,-0.4,No_Delay,False,0.0
27306,Duronto 11,Duronto,Premium,SECR,10.905881,90.54131,RTM,HWH,JHS,SEC-SECR-761,TRK-1,163.73,57.5,Down,2025-07-11 22:08:50,2025-07-11 22:21:50,22.47,130.4,1676.3,5,2025-07-12 00:01:50,76.42,92.6,71.0,Running,0,1599.88,19.1,21.0,12.2,21.7,9.9,8.4,45.5,129.3,56147,8.4,74.2,2.28,4,11.12,37.8,1,1,28.7,WTH03,Adverse Weather,High,2025-07-11 23:50:50,175,Auto-Detected,Manual_Report,5.7,1.8,47.9,20.7,8291.0,Storm,No_Impact,Good,32.1,5.22,0,0,Yellow,60.9,36.8,51.6,Good,5.46,47.8,Due_Soon,9,Healthy,No_Failure,No_Failure,0,Saturday,7,Monsoon,True,False,Completed,2025-07-11 23:57:20,2025-07-11 23:58:38,0.0,37.5,Weather,True,17.3
59088,MEMU 26,MEMU,Premium,NWR,23.964049,82.180883,CNB,NGP,JP,SEC-NWR-529,TRK-1,135.29,147.22,Up,2025-07-12 23:08:33,2025-07-12 23:19:33,24.13,112.2,518.5,13,2025-07-12 23:07:33,38.84,67.7,38.0,Running,0,479.66,22.5,7.7,20.1,0.0,4.5,19.5,85.8,115.5,12144,8.5,103.5,10.17,2,26.6,16.1,1,1,43.7,CNG04,Traffic Congestion,Medium,2025-07-12 22:25:33,68,Unconfirmed,IoT_Sensor,28.2,13.9,69.2,12.8,1908.0,Cloudy,No_Impact,Fair,5.0,0.94,0,0,Auto,49.5,81.9,55.2,Excellent,4.33,47.0,Up_to_Date,227,Faulty,No_Failure,No_Failure,23,Saturday,7,Monsoon,True,False,Completed,2025-07-13 00:16:03,2025-07-13 00:13:51,0.0,29.5,Traffic,True,13.2
36582,Duronto 45,Duronto,Premium,ER,25.306887,73.671452,BCT,NDLS,HWH,SEC-ER-166,TRK-3,71.83,120.5,Down,2025-07-13 06:08:21,2025-07-13 06:16:21,10.36,160.0,455.1,3,2025-07-13 07:48:21,429.74,102.3,12.3,Running,0,25.36,19.0,1.4,16.7,33.3,24.6,12.0,76.3,163.4,49169,17.2,115.1,2.36,3,45.03,28.0,1,1,16.9,NON00,No Delay Reported,No_Impact,,0,Not_Applicable,Not_Applicable,24.8,0.0,45.3,24.3,7918.0,Fog,No_Impact,Excellent,35.01,7.07,30,0,Double_Yellow,10.0,62.7,53.9,Critical,6.36,22.9,Due_Soon,179,Healthy,HVAC_Failure,Minor,7,Sunday,7,Monsoon,True,True,In_Transit,2025-07-13 06:07:03,,10.8,-13.6,No_Delay,False,0.0
94403,Rajdhani 41,Rajdhani,Regional,NER,24.926369,72.953808,AGC,ALD,GWL,SEC-NER-394,TRK-1,43.14,115.64,Down,2025-07-13 09:43:22,2025-07-13 10:00:22,13.09,128.9,943.4,6,2025-07-13 10:10:22,529.21,85.4,30.6,Stopped_at_Station,6,414.19,10.9,6.8,11.9,15.7,16.2,10.8,62.0,123.5,73311,31.8,75.9,22.31,0,27.24,15.9,1,1,23.7,CNG04,Traffic Congestion,Medium,2025-07-13 08:59:22,83,Unconfirmed,IoT_Sensor,31.8,10.2,41.9,20.8,4523.0,Haze,No_Impact,Good,60.88,4.7,0,0,Green,55.0,69.6,53.5,Excellent,4.69,71.9,Up_to_Date,354,Faulty,No_Failure,No_Failure,10,Sunday,7,Monsoon,True,False,In_Transit,2025-07-13 10:29:10,,295.6,15.2,Traffic,True,7.6
42207,Mail 22,Mail,Regional,SER,21.802715,70.91608,GWL,KOTA,PUNE,SEC-SER-854,TRK-2,55.99,32.24,Down,2025-07-13 17:29:24,2025-07-13 17:43:24,32.24,128.7,1888.4,5,2025-07-13 18:13:24,1172.45,74.6,30.6,Stopped_at_Station,38,715.95,17.1,31.8,10.2,9.3,11.5,14.6,70.1,128.4,36838,8.0,41.8,22.89,3,8.48,20.0,1,1,33.4,NON00,No Delay Reported,No_Impact,,0,Not_Applicable,Not_Applicable,16.2,1.2,52.8,0.0,2568.0,Clear,Low,Good,38.66,5.85,30,1,Green,61.3,78.4,65.1,Good,3.51,30.1,Up_to_Date,7,Healthy,No_Failure,No_Failure,18,Sunday,7,Monsoon,True,True,Completed,2025-07-13 18:11:30,2025-07-13 18:13:18,0.0,11.5,No_Delay,True,7.7
59967,Rajdhani 24,Rajdhani,Freight,CR,28.730524,78.026792,JHS,ST,PUNE,SEC-CR-339,TRK-1,68.24,86.83,Down,2025-07-13 16:37:09,2025-07-13 16:48:09,11.87,116.2,843.2,13,2025-07-13 19:16:09,119.97,99.7,16.1,Terminated,0,723.23,-0.6,16.0,16.8,14.6,4.6,7.8,75.8,111.8,25566,-5.0,48.9,35.85,3,49.58,43.6,0,1,43.4,NON00,No Delay Reported,No_Impact,,0,Not_Applicable,Not_Applicable,25.9,0.5,43.5,13.4,8101.0,Clear,No_Impact,Good,12.77,3.45,0,0,Green,90.2,92.1,45.1,Good,5.71,19.0,In_Progress,281,Healthy,No_Failure,No_Failure,19,Sunday,7,Monsoon,True,True,Completed,2025-07-13 17:05:57,2025-07-13 17:07:21,0.0,12.7,No_Delay,True,11.2
27517,Express 15,Express,Long-Distance,CR,10.584935,87.567567,AGC,PUNE,KOTA,SEC-CR-306,TRK-2,117.64,22.48,Up,2025-07-13 19:00:16,2025-07-13 19:13:16,14.5,143.4,165.0,13,2025-07-13 21:58:16,102.66,68.4,-2.1,Terminated,0,62.34,10.5,5.6,10.3,31.3,4.2,12.0,42.4,144.2,85633,20.6,101.9,7.13,0,12.09,42.7,1,1,33.8,BLK08,Line Block / Engineering Work,High,2025-07-13 20:44:16,141,Confirmed,Control_Office,34.6,2.1,50.7,12.7,4277.0,Haze,Moderate,Fair,33.47,4.23,75,0,Red,59.5,42.7,38.5,Needs_Inspection,5.36,91.2,Due_Soon,49,Healthy,No_Failure,No_Failure,21,Sunday,7,Monsoon,True,False,Completed,2025-07-13 18:56:40,2025-07-13 18:59:16,0.0,-1.5,Infrastructure,False,0.0
72830,Express 2,Express,Regional,NER,16.589292,71.785217,NGP,RTM,PNBE,SEC-NER-162,TRK-3,48.74,40.97,Down,2025-07-14 03:21:31,2025-07-14 03:25:31,9.81,141.5,1979.3,1,2025-07-14 05:49:31,90.18,85.4,32.5,Running,0,1889.12,22.4,4.3,-0.3,8.5,16.1,14.7,59.9,139.6,49037,3.8,74.5,26.75,0,29.76,22.0,0,1,56.2,CNG04,Traffic Congestion,Medium,2025-07-14 04:40:31,96,Confirmed,IoT_Sensor,18.0,6.1,62.0,0.1,20.0,Fog,No_Impact,Poor,44.78,3.4,75,0,Double_Yellow,55.4,47.9,38.9,Fair,5.14,61.2,Overdue,324,Healthy,No_Failure,No_Failure,5,Monday,7,Monsoon,False,False,Completed,2025-07-14 04:13:49,2025-07-14 04:07:19,0.0,19.8,Traffic,True,17.3
59049,Freight 36,Freight,Freight,WCR,20.905025,91.573007,JHS,BZA,AGC,SEC-WCR-408,TRK-3,101.59,36.1,Down,2025-07-14 09:35:14,2025-07-14 09:49:14,8.18,50.8,941.0,5,2025-07-14 09:27:14,654.03,70.4,10.0,Running,0,286.97,1.9,-2.4,13.2,16.9,16.8,3.9,67.9,55.5,90376,-0.1,55.0,3.73,2,47.52,3.6,0,1,23.7,MEC06,Mechanical Failure,High,2025-07-14 07:56:14,56,Confirmed,IoT_Sensor,27.7,0.4,53.6,2.4,2523.0,Clear,No_Impact,Excellent,32.38,0.0,0,0,Green,100.0,55.9,83.0,Good,4.82,46.5,Overdue,115,Healthy,Electrical_Fault,Critical,9,Monday,7,Monsoon,False,True,Completed,2025-07-14 10:08:14,2025-07-14 10:10:02,0.0,23.0,Mechanical,True,20.6
92440,Mail 32,Mail,Suburban,SER,29.235747,70.179087,BCT,RTM,CNB,SEC-SER-991,TRK-2,133.33,81.88,Down,2025-07-14 10:00:50,2025-07-14 10:13:50,23.67,153.5,2004.6,11,2025-07-14 10:36:50,1821.01,97.8,-1.0,Running,0,183.59,20.3,25.1,7.2,13.2,3.4,19.9,99.0,145.4,73350,-5.0,33.0,24.27,3,37.19,12.9,0,1,23.7,LCB05,Late Crew Boarding,Low,2025-07-14 09:29:50,145,Auto-Detected,IoT_Sensor,25.1,3.9,65.2,8.9,8289.0,Clear,No_Impact,Good,45.11,3.81,45,1,Red,70.0,36.8,47.3,Good,4.89,81.7,Overdue,180,Healthy,No_Failure,No_Failure,10,Monday,7,Monsoon,False,False,In_Transit,2025-07-14 09:58:50,,112.3,-1.0,Operational,False,0.0
69063,Shatabdi 35,Shatabdi,Premium,ECoR,25.032221,80.611979,ASN,VAPI,BCT,SEC-ECoR-685,TRK-1,2.75,175.67,Down,2025-07-14 17:47:48,2025-07-14 17:54:48,4.83,60.0,2155.1,0,2025-07-14 20:44:48,808.54,54.2,14.7,Stopped_at_Station,29,1346.56,11.6,6.1,-5.0,1.7,14.6,16.9,65.2,55.1,76459,11.8,93.1,13.67,1,45.55,37.7,1,1,44.9,ANI09,Animal / Obstruction on Track,Medium,2025-07-14 19:16:48,166,Unconfirmed,IoT_Sensor,20.8,0.6,51.0,15.9,5576.0,Cloudy,Low,Under_Repair,20.05,0.42,75,0,Green,27.0,60.9,43.7,Excellent,4.89,38.4,In_Progress,43,Healthy,No_Failure,No_Failure,20,Monday,7,Monsoon,False,True,Completed,2025-07-14 18:32:18,2025-07-14 18:31:00,0.0,29.8,Traffic,True,24.4
48970,Shatabdi 40,Shatabdi,Regional,SECR,10.238744,83.844214,PUNE,GAYA,CSTM,SEC-SECR-614,TRK-3,123.23,105.12,Down,2025-07-14 23:56:14,2025-07-15 00:14:14,21.4,29.9,1385.9,9,2025-07-15 02:09:14,617.93,92.6,38.1,Slow_Running,0,767.97,13.4,14.8,3.5,22.9,3.5,23.3,43.6,34.6,18550,27.0,48.1,36.68,0,27.76,17.8,1,0,42.3,CNG04,Traffic Congestion,Medium,2025-07-15 00:24:14,118,Confirmed,Station_Master,32.3,2.3,33.1,12.5,5809.0,Fog,No_Impact,Good,33.53,2.4,60,1,Green,68.7,60.4,52.3,Excellent,4.99,19.6,Due_Soon,223,Healthy,HVAC_Failure,Minor,2,Tuesday,7,Monsoon,False,False,Completed,2025-07-15 00:39:14,2025-07-15 00:40:50,0.0,4.9,Traffic,False,0.0
92373,Rajdhani 5,Rajdhani,Suburban,NR,30.196858,75.179449,ADI,AGC,CSTM,SEC-NR-529,TRK-3,6.13,158.51,Up,2025-07-15 03:56:45,2025-07-15 04:04:45,9.94,133.8,1470.5,11,2025-07-15 05:34:45,856.39,60.5,-0.6,Running,0,614.11,16.6,10.4,18.5,14.6,14.7,25.3,91.1,135.3,23624,9.6,64.6,28.19,4,38.72,41.1,1,1,35.8,WTH03,Adverse Weather,High,2025-07-15 03:48:45,168,Confirmed,IoT_Sensor,20.3,2.6,59.0,3.4,1067.0,Rain,Moderate,Under_Repair,30.77,0.0,45,0,Red,70.0,65.8,32.1,Excellent,5.03,82.0,Due_Soon,25,Healthy,No_Failure,No_Failure,5,Tuesday,7,Monsoon,False,False,Completed,2025-07-15 04:06:21,2025-07-15 04:02:33,0.0,10.2,Weather,True,5.8
58801,Shatabdi 46,Shatabdi,Regional,SR,10.389557,96.836942,LKO,KOTA,ALD,SEC-SR-761,TRK-3,60.46,40.51,Down,2025-07-15 03:18:38,2025-07-15 03:37:38,28.35,33.7,1121.4,9,2025-07-15 05:50:38,833.87,18.9,1.6,Slow_Running,0,287.53,1.4,3.3,3.3,11.9,13.2,16.9,62.3,23.9,37952,-5.0,61.3,24.61,5,19.05,44.2,1,1,14.7,SIG01,Signal Failure,High,2025-07-15 04:13:38,38,Confirmed,Station_Master,33.3,4.3,48.7,12.2,3922.0,Clear,Low,Poor,9.17,3.59,30,1,Yellow,54.5,52.8,58.7,Excellent,4.12,7.3,Up_to_Date,310,Healthy,No_Failure,No_Failure,5,Tuesday,7,Monsoon,False,False,Completed,2025-07-15 03:24:14,2025-07-15 03:18:38,0.0,4.0,No_Delay,False,0.0
42963,Mail 18,Mail,Freight,SER,28.179955,74.343942,MGS,RTM,SBC,SEC-SER-132,TRK-3,51.18,13.54,Up,2025-07-15 03:51:55,2025-07-15 04:06:55,19.99,157.7,2138.5,7,2025-07-15 06:30:55,808.89,97.9,21.4,Terminated,0,1329.61,4.3,7.6,8.5,11.2,9.4,8.0,86.5,155.7,40760,-1.3,54.9,20.48,4,28.23,38.5,1,1,8.7,NON00,No Delay Reported,No_Impact,,0,Not_Applicable,Not_Applicable,32.7,3.5,46.8,10.1,10000.0,Clear,No_Impact,Good,30.95,2.24,0,0,Double_Yellow,80.5,48.8,42.0,Needs_Inspection,3.9,98.5,Due_Soon,88,Healthy,Brake_Wear,Minor,6,Tuesday,7,Monsoon,False,False,Completed,2025-07-15 04:13:37,2025-07-15 04:13:31,0.0,0.3,No_Delay,False,0.0
38542,Superfast 41,Superfast,Long-Distance,NER,31.402862,69.21101,DHN,GAYA,ADI,SEC-NER-668,TRK-1,132.15,85.85,Up,2025-07-16 10:57:03,2025-07-16 11:03:03,11.45,72.0,755.3,4,2025-07-16 11:36:03,303.67,104.7,6.3,Departed_Late,0,451.63,3.0,19.7,14.2,9.9,12.3,18.9,81.5,66.3,51072,10.8,46.1,36.77,4,7.26,36.2,0,1,17.9,TRK02,Track Maintenance,Medium,2025-07-16 09:44:03,90,Auto-Detected,Manual_Report,32.1,1.9,41.2,0.8,3713.0,Clear,No_Impact,Excellent,36.34,3.36,45,0,Green,59.1,52.7,64.6,Needs_Inspection,4.61,68.6,Overdue,45,Healthy,No_Failure,No_Failure,11,Wednesday,7,Monsoon,False,False,Completed,2025-07-16 11:25:45,2025-07-16 11:24:03,0.0,22.4,Infrastructure,True,11.4
98160,Rajdhani 5,Rajdhani,Long-Distance,NFR,10.300212,74.27757,RTM,KOTA,VAPI,SEC-NFR-318,TRK-3,41.63,114.85,Up,2025-07-16 11:44:45,2025-07-16 12:03:45,27.75,120.8,1760.1,0,2025-07-16 12:04:45,170.29,116.2,58.8,Running,0,1589.81,20.2,-0.2,14.1,18.2,9.1,15.2,35.7,124.3,61271,11.5,76.3,1.09,0,9.15,43.7,1,1,33.4,WTH03,Adverse Weather,High,2025-07-16 11:47:45,128,Confirmed,IoT_Sensor,28.4,5.8,76.6,18.8,10000.0,Clear,Moderate,Under_Repair,23.67,2.33,0,0,Green,55.0,56.2,47.4,Good,4.29,76.1,In_Progress,362,Healthy,Door_Malfunction,Moderate,12,Wednesday,7,Monsoon,False,False,Completed,2025-07-16 13:02:21,2025-07-16 13:00:51,0.0,18.8,Weather,True,8.8
47532,Superfast 18,Superfast,Long-Distance,SR,12.086058,85.377904,ALD,BRC,GAYA,SEC-SR-754,TRK-3,80.37,19.04,Up,2025-07-16 23:40:45,2025-07-16 23:43:45,34.24,122.8,275.8,13,2025-07-17 01:07:45,199.47,106.2,0.1,Running,0,76.33,23.6,9.5,9.0,17.4,0.0,23.5,71.0,119.6,27805,7.0,101.1,22.04,2,29.8,21.0,1,1,72.7,ANI09,Animal / Obstruction on Track,Medium,2025-07-16 23:42:45,34,Auto-Detected,ML_Inference,31.5,1.3,84.6,6.2,7619.0,Fog,Severe,Fair,31.18,3.84,0,0,Green,81.1,49.9,59.4,Good,4.34,10.2,Due_Soon,14,Degraded,No_Failure,No_Failure,1,Thursday,7,Monsoon,False,False,Completed,2025-07-16 23:52:45,2025-07-16 23:49:33,0.0,11.9,Traffic,True,8.4
75011,Duronto 38,Duronto,Premium,SCR,34.091504,76.909213,NGP,GAYA,LKO,SEC-SCR-231,TRK-3,34.45,97.12,Down,2025-07-17 18:37:57,2025-07-17 18:50:57,22.44,41.7,1040.5,2,2025-07-17 19:26:57,383.69,63.0,12.5,Running,0,656.81,19.7,1.1,9.7,14.6,0.7,8.6,89.1,43.4,55190,7.2,64.6,33.46,2,25.26,30.3,0,0,25.4,TRK02,Track Maintenance,Medium,2025-07-17 17:39:57,58,Confirmed,ML_Inference,20.3,2.7,79.2,20.3,4789.0,Rain,Low,Fair,36.2,0.2,75,1,Green,53.3,36.6,49.7,Good,5.11,32.8,Due_Soon,139,Healthy,Brake_Wear,Minor,19,Thursday,7,Monsoon,False,True,In_Transit,2025-07-17 19:00:09,,628.4,9.7,Infrastructure,False,0.0
86227,Passenger 26,Passenger,Long-Distance,SR,29.907945,83.785114,VAPI,CSTM,BCT,SEC-SR-328,TRK-2,7.63,128.29,Up,2025-07-17 21:09:21,2025-07-17 21:27:21,24.61,52.9,828.3,10,2025-07-17 21:26:21,34.05,93.7,19.4,Running,0,794.25,-5.0,1.9,13.5,23.2,5.3,1.7,63.1,57.2,22646,3.7,47.4,15.27,2,46.15,16.7,1,0,42.3,CNG04,Traffic Congestion,Medium,2025-07-17 21:00:21,45,Confirmed,IoT_Sensor,29.6,3.8,47.3,11.5,4690.0,Storm,Low,Fair,47.99,3.74,0,0,Green,61.8,80.2,56.9,Good,4.4,6.5,Up_to_Date,133,Healthy,No_Failure,No_Failure,21,Thursday,7,Monsoon,False,False,Completed,2025-07-17 21:42:15,2025-07-17 21:39:03,0.0,13.5,Traffic,True,6.0
80152,Vande Bharat 36,Vande Bharat,Long-Distance,NFR,31.395459,73.68174,ASN,SBC,RTM,SEC-NFR-441,TRK-1,70.99,174.74,Down,2025-07-18 03:59:50,2025-07-18 04:04:50,7.53,52.8,1355.9,0,2025-07-18 04:31:50,707.01,73.6,25.6,Running,0,648.89,20.9,20.4,15.3,27.0,7.5,7.7,68.1,57.4,69231,19.7,79.6,37.99,0,28.43,20.1,1,1,39.4,NON00,No Delay Reported,No_Impact,,0,Not_Applicable,Not_Applicable,38.7,2.0,100.0,1.6,3493.0,Clear,No_Impact,Fair,30.0,2.64,45,1,Green,51.4,62.6,33.5,Fair,4.32,12.3,Up_to_Date,226,Healthy,No_Failure,No_Failure,4,Friday,7,Monsoon,False,False,Completed,2025-07-18 04:42:50,2025-07-18 04:42:38,0.0,17.4,No_Delay,True,14.9
72979,Passenger 33,Passenger,Regional,NCR,23.531899,86.448952,NGP,JP,SBC,SEC-NCR-831,TRK-2,38.7,113.5,Up,2025-07-18 02:37:16,2025-07-18 02:53:16,16.53,126.6,1476.3,16,2025-07-18 04:51:16,249.42,79.9,0.9,Terminated,0,1226.88,5.4,10.1,-2.6,21.2,5.4,3.8,72.5,121.1,70726,9.6,70.8,5.09,3,11.64,34.3,0,1,20.9,TRK02,Track Maintenance,Medium,2025-07-18 04:02:16,77,Confirmed,ML_Inference,24.8,2.4,46.2,10.2,10000.0,Clear,No_Impact,Good,36.12,5.67,45,1,Red,78.7,29.1,48.5,Needs_Inspection,6.1,23.6,In_Progress,72,Healthy,Bearing_Overheat,Minor,4,Friday,7,Monsoon,False,False,In_Transit,2025-07-18 02:40:22,,922.0,2.2,Infrastructure,False,0.0
67104,Passenger 26,Passenger,Long-Distance,WCR,30.697144,90.705448,RTM,LKO,NDLS,SEC-WCR-991,TRK-2,7.16,43.92,Down,2025-07-18 05:21:59,2025-07-18 05:36:59,35.72,149.0,244.1,9,2025-07-18 06:02:59,27.41,59.0,-1.6,Running,0,216.69,8.5,2.8,11.2,8.2,0.0,4.0,66.9,144.8,28623,-5.0,96.7,8.43,0,11.59,20.3,1,0,58.2,MEC06,Mechanical Failure,High,2025-07-18 04:58:59,36,Confirmed,Station_Master,19.0,1.3,50.6,2.4,2213.0,Clear,Moderate,Poor,35.55,3.05,30,0,Green,51.8,55.5,26.6,Excellent,4.76,54.8,Due_Soon,196,Healthy,Electrical_Fault,Critical,6,Friday,7,Monsoon,False,False,In_Transit,2025-07-18 05:44:17,,227.5,23.9,Mechanical,True,10.1
73362,Freight 2,Freight,Regional,WCR,28.13805,78.032192,ST,BRC,ADI,SEC-WCR-153,TRK-2,131.58,87.8,Down,2025-07-18 06:44:35,2025-07-18 06:49:35,2.37,125.3,1604.2,13,2025-07-18 07:06:35,631.91,148.9,21.7,Terminated,0,972.29,11.2,17.7,4.0,13.4,0.0,15.7,57.0,123.8,11621,0.3,40.1,29.49,5,42.67,43.3,1,1,4.3,BLK08,Line Block / Engineering Work,High,2025-07-18 05:33:35,168,Auto-Detected,Control_Office,34.7,0.6,98.8,18.7,10000.0,Cloudy,No_Impact,Fair,36.04,4.25,75,1,Red,71.8,60.5,53.6,Excellent,5.35,8.1,Up_to_Date,40,Healthy,No_Failure,No_Failure,7,Friday,7,Monsoon,False,True,Completed,2025-07-18 07:29:47,2025-07-18 07:30:41,0.0,23.5,Infrastructure,True,11.2
79965,Duronto 28,Duronto,Premium,NWR,30.112203,89.778127,PNBE,SBC,ASN,SEC-NWR-243,TRK-1,162.46,37.97,Down,2025-07-18 09:21:21,2025-07-18 09:38:21,26.51,126.7,915.7,18,2025-07-18 09:57:21,9.8,94.1,9.1,Stopped_at_Station,44,905.9,-5.0,-4.1,15.1,16.6,13.6,13.3,84.3,136.5,94014,-2.1,75.2,11.02,5,26.21,17.5,1,1,30.3,WTH03,Adverse Weather,High,2025-07-18 08:52:21,75,Auto-Detected,ML_Inference,1.7,7.5,58.7,18.5,9214.0,Rain,Moderate,Poor,38.92,5.34,100,1,Green,66.4,73.2,45.6,Good,5.14,74.7,Up_to_Date,111,Healthy,No_Failure,No_Failure,9,Friday,7,Monsoon,False,True,Completed,2025-07-18 09:44:21,2025-07-18 09:40:33,0.0,13.9,Weather,True,10.0
14772,DEMU 46,DEMU,Freight,ECoR,34.152643,71.608048,BCT,VAPI,AGC,SEC-ECoR-288,TRK-2,159.83,115.1,Down,2025-07-18 09:52:40,2025-07-18 10:08:40,10.06,100.0,530.3,14,2025-07-18 10:53:40,392.88,35.6,38.8,Running,0,137.42,6.9,3.8,6.7,31.2,19.8,18.5,58.1,94.1,53626,18.4,99.5,11.05,4,18.87,11.0,0,1,26.4,MEC06,Mechanical Failure,High,2025-07-18 10:23:40,100,Confirmed,Control_Office,29.7,3.3,30.6,5.2,8706.0,Cloudy,No_Impact,Excellent,29.67,3.55,45,0,Auto,99.1,90.7,69.3,Good,4.03,67.4,Due_Soon,54,Degraded,No_Failure,No_Failure,10,Friday,7,Monsoon,False,False,Completed,2025-07-18 10:49:58,2025-07-18 10:52:22,0.0,18.5,Mechanical,True,15.2
71134,Express 4,Express,Freight,SR,30.991343,91.116966,SC,VAPI,BPL,SEC-SR-814,TRK-2,170.29,3.65,Up,2025-07-18 11:16:17,2025-07-18 11:29:17,26.57,144.6,1666.8,5,2025-07-18 12:47:17,1292.95,65.1,8.6,Running,0,373.85,7.3,4.0,25.6,3.8,4.6,16.9,61.9,137.8,40485,18.0,100.2,19.29,2,19.41,16.1,0,1,57.8,NON00,No Delay Reported,No_Impact,,0,Not_Applicable,Not_Applicable,38.5,4.1,48.8,5.6,10000.0,Cloudy,Moderate,Fair,47.67,5.68,75,0,Green,95.1,56.7,60.9,Good,5.05,89.2,Due_Soon,222,Healthy,No_Failure,No_Failure,12,Friday,7,Monsoon,False,False,Completed,2025-07-18 11:50:05,2025-07-18 11:46:35,0.0,25.2,No_Delay,True,18.4
60918,Garib Rath 24,Garib Rath,Freight,NER,25.273111,94.549134,CNB,SC,DHN,SEC-NER-870,TRK-3,130.04,161.51,Down,2025-07-18 16:00:11,2025-07-18 16:05:11,34.26,88.8,697.4,9,2025-07-18 17:01:11,423.06,98.6,0.3,Running,0,274.34,32.3,16.4,5.4,17.2,16.0,9.6,54.7,84.8,11591,6.6,68.2,15.16,3,14.49,35.7,1,1,5.5,WTH03,Adverse Weather,High,2025-07-18 15:51:11,49,Confirmed,Station_Master,35.5,7.5,59.0,25.5,4720.0,Cloudy,No_Impact,Excellent,47.67,1.05,0,0,Green,100.0,53.3,68.5,Fair,5.99,12.4,Up_to_Date,96,Healthy,No_Failure,No_Failure,17,Friday,7,Monsoon,False,True,Completed,2025-07-18 16:10:05,2025-07-18 16:08:41,0.0,9.6,Weather,False,0.0
95141,Express 21,Express,Premium,ER,22.377418,92.854016,RTM,JHS,CSTM,SEC-ER-555,TRK-2,48.01,85.92,Down,2025-07-18 18:27:40,2025-07-18 18:31:40,13.73,161.9,701.0,6,2025-07-18 19:39:40,213.29,44.9,-0.1,Running,0,487.71,-4.4,24.6,15.4,15.4,12.3,6.3,60.6,166.4,56189,9.5,44.7,29.43,2,48.66,26.0,0,1,52.6,BLK08,Line Block / Engineering Work,High,2025-07-18 18:21:40,127,Unconfirmed,IoT_Sensor,18.2,0.0,58.8,19.5,8051.0,Heavy_Rain,Low,Excellent,46.69,1.55,0,0,Yellow,79.0,42.1,44.7,Fair,3.93,1.9,Up_to_Date,146,Healthy,Axle_Fault,Critical,19,Friday,7,Monsoon,False,True,Completed,2025-07-18 18:44:34,2025-07-18 18:48:34,0.0,17.0,Infrastructure,True,7.2
37195,Superfast 16,Superfast,Premium,SER,9.639965,84.275154,GWL,MGS,BPL,SEC-SER-978,TRK-2,6.21,124.87,Down,2025-07-19 05:11:02,2025-07-19 05:21:02,33.53,14.2,1162.2,16,2025-07-19 06:55:02,726.2,96.1,7.2,Stopped_at_Station,40,436.0,15.8,4.1,15.5,14.0,16.8,21.2,74.9,13.0,55141,11.1,73.6,21.78,3,39.61,28.3,0,1,40.8,BLK08,Line Block / Engineering Work,High,2025-07-19 05:45:02,178,Auto-Detected,Control_Office,25.3,1.2,45.2,14.1,9754.0,Cloudy,Low,Good,46.36,3.11,75,1,Green,74.1,57.4,51.4,Critical,4.23,83.2,In_Progress,130,Healthy,HVAC_Failure,Minor,6,Saturday,7,Monsoon,True,False,Completed,2025-07-19 05:40:26,2025-07-19 05:43:38,0.0,22.2,Infrastructure,True,9.3
11605,Express 9,Express,Freight,NWR,32.089852,75.278308,PUNE,PNBE,SC,SEC-NWR-182,TRK-3,165.56,151.6,Down,2025-07-19 08:40:17,2025-07-19 08:59:17,18.75,170.3,1266.8,2,2025-07-19 08:51:17,948.74,73.0,18.3,Departed_Late,0,318.06,6.4,0.1,20.0,13.7,7.9,14.2,71.3,166.9,35446,20.2,38.2,38.56,0,5.09,16.8,0,0,44.6,NON00,No Delay Reported,No_Impact,,0,Not_Applicable,Not_Applicable,20.0,1.5,23.6,1.9,3955.0,Cloudy,No_Impact,Poor,40.25,3.04,30,1,Green,60.2,49.1,55.0,Excellent,4.9,7.2,Due_Soon,97,Degraded,No_Failure,No_Failure,8,Saturday,7,Monsoon,True,True,Not_Started,,,264.2,9.4,No_Delay,False,0.0
73023,Mail 33,Mail,Freight,SCR,16.381297,94.811871,AGC,KOTA,BRC,SEC-SCR-682,TRK-3,66.42,154.03,Up,2025-07-19 10:16:08,2025-07-19 10:34:08,12.86,174.1,710.3,4,2025-07-19 10:42:08,21.57,8.4,-1.8,Running,0,688.73,8.5,3.9,20.2,32.2,14.7,13.8,54.6,182.5,21753,6.5,90.0,36.66,4,33.26,43.5,0,0,17.7,NON00,No Delay Reported,No_Impact,,0,Not_Applicable,Not_Applicable,32.3,1.1,44.7,15.8,2790.0,Clear,Low,Fair,31.58,3.33,0,0,Auto,65.7,40.3,58.4,Fair,4.23,27.3,Due_Soon,158,Healthy,No_Failure,No_Failure,10,Saturday,7,Monsoon,True,False,Completed,2025-07-19 10:15:44,2025-07-19 10:13:32,0.0,1.4,No_Delay,False,0.0
80264,Duronto 34,Duronto,Regional,NWR,14.762443,92.090609,PUNE,ALD,TDL,SEC-NWR-926,TRK-2,131.81,125.7,Down,2025-07-19 10:20:48,2025-07-19 10:32:48,8.24,91.7,753.3,11,2025-07-19 13:12:48,258.36,78.2,5.0,Stopped_at_Station,16,494.94,1.8,0.5,-5.0,5.1,14.2,11.4,77.5,81.7,93988,13.8,71.0,13.97,2,47.28,43.0,0,1,30.1,ANI09,Animal / Obstruction on Track,Medium,2025-07-19 11:19:48,110,Unconfirmed,IoT_Sensor,20.1,3.9,58.8,26.5,4115.0,Cloudy,No_Impact,Good,33.39,1.99,0,1,Green,72.2,47.6,49.0,Good,4.93,63.0,In_Progress,310,Degraded,No_Failure,No_Failure,13,Saturday,7,Monsoon,True,False,Completed,2025-07-19 10:41:54,2025-07-19 10:50:42,0.0,16.1,Traffic,True,11.7
93971,Rajdhani 11,Rajdhani,Suburban,SR,33.619245,75.211042,CNB,KOTA,NGP,SEC-SR-840,TRK-3,97.11,96.91,Up,2025-07-19 20:04:29,2025-07-19 20:22:29,14.25,145.7,2117.2,16,2025-07-19 23:00:29,1138.85,55.5,3.2,Halted_Signal,14,978.35,-5.0,1.7,21.5,1.8,14.4,0.0,25.5,144.1,66541,23.9,90.1,18.32,0,42.95,24.8,1,1,53.4,LCB05,Late Crew Boarding,Low,2025-07-19 22:49:29,61,Confirmed,Manual_Report,35.7,3.5,39.7,30.3,6063.0,Clear,No_Impact,Good,40.14,1.83,30,1,Double_Yellow,87.6,71.6,42.0,Excellent,6.34,73.2,Up_to_Date,358,Healthy,No_Failure,No_Failure,23,Saturday,7,Monsoon,True,False,Completed,2025-07-19 20:21:29,2025-07-19 20:26:17,0.0,13.8,Operational,True,9.9
18475,MEMU 31,MEMU,Regional,SR,27.897163,85.948366,BZA,GAYA,VAPI,SEC-SR-578,TRK-3,155.11,15.04,Down,2025-07-20 21:15:18,2025-07-20 21:20:18,25.04,148.8,2036.5,3,2025-07-20 21:24:18,234.83,99.7,23.4,Slow_Running,0,1801.67,1.2,3.4,0.5,13.6,13.6,17.3,69.8,150.0,40631,1.2,61.4,33.28,2,46.88,24.4,1,1,30.1,MEC06,Mechanical Failure,High,2025-07-20 20:33:18,97,Confirmed,IoT_Sensor,29.2,7.4,35.2,6.7,4771.0,Rain,Low,Fair,31.57,4.09,0,0,Green,97.2,55.3,70.2,Excellent,5.35,14.5,Due_Soon,193,Healthy,No_Failure,No_Failure,21,Sunday,7,Monsoon,True,False,Completed,2025-07-20 21:42:12,2025-07-20 21:41:06,0.0,3.5,Mechanical,False,0.0
19530,MEMU 3,MEMU,Suburban,WCR,28.983953,91.998323,TDL,LKO,AGC,SEC-WCR-236,TRK-2,112.09,61.73,Down,2025-07-21 04:20:35,2025-07-21 04:32:35,30.66,35.0,659.3,19,2025-07-21 07:02:35,114.24,62.8,5.5,Slow_Running,0,545.06,-5.0,25.6,10.1,0.0,3.1,14.9,49.9,32.4,91089,-1.4,45.0,9.62,2,0.92,23.1,1,1,48.4,BLK08,Line Block / Engineering Work,High,2025-07-21 05:35:35,164,Auto-Detected,IoT_Sensor,27.2,0.0,49.0,13.2,7367.0,Fog,Moderate,Good,24.55,4.4,45,0,Green,100.0,48.8,63.8,Fair,5.93,42.0,Up_to_Date,316,Healthy,No_Failure,No_Failure,7,Monday,7,Monsoon,False,True,In_Transit,2025-07-21 04:36:47,,524.0,10.7,Infrastructure,True,5.2
59862,Duronto 8,Duronto,Long-Distance,NWR,8.675791,78.311347,GAYA,DHN,CNB,SEC-NWR-136,TRK-3,142.36,12.08,Up,2025-07-22 13:30:42,2025-07-22 13:41:42,33.26,61.0,62.1,6,2025-07-22 14:52:42,3.04,49.0,14.9,Slow_Running,0,59.06,24.8,-2.3,5.9,13.0,2.8,19.1,99.0,73.7,90832,14.4,63.6,39.92,0,5.51,3.7,1,1,18.2,TRK02,Track Maintenance,Medium,2025-07-22 14:48:42,95,Unconfirmed,Station_Master,19.8,2.7,71.5,16.0,6713.0,Clear,No_Impact,Fair,33.8,2.75,0,1,Green,79.7,31.8,44.9,Good,6.59,54.1,Due_Soon,288,Healthy,Brake_Wear,Moderate,14,Tuesday,7,Monsoon,False,False,Completed,2025-07-22 13:56:24,2025-07-22 14:01:30,0.0,10.8,Infrastructure,True,5.7
18254,Freight 18,Freight,Freight,NCR,29.726956,74.676301,BRC,NDLS,ADI,SEC-NCR-853,TRK-1,116.99,49.52,Down,2025-07-22 20:16:46,2025-07-22 20:27:46,8.32,127.9,364.1,8,2025-07-22 20:24:46,265.55,52.9,31.5,Slow_Running,0,98.55,10.1,14.3,15.6,15.4,17.1,19.0,74.5,127.9,52512,13.7,58.3,1.86,2,41.27,32.5,1,1,12.4,NON00,No Delay Reported,No_Impact,,0,Not_Applicable,Not_Applicable,38.5,2.6,55.6,7.5,6187.0,Heavy_Rain,No_Impact,Excellent,28.06,4.41,75,0,Green,45.5,42.7,56.2,Fair,4.46,55.4,Up_to_Date,121,Healthy,Electrical_Fault,Minor,20,Tuesday,7,Monsoon,False,True,Completed,2025-07-22 20:55:04,2025-07-22 20:57:22,0.0,6.8,No_Delay,False,0.0
82778,Shatabdi 44,Shatabdi,Long-Distance,SR,25.945163,85.691333,GAYA,TDL,ADI,SEC-SR-443,TRK-1,178.26,44.76,Up,2025-07-22 20:02:14,2025-07-22 20:09:14,31.55,87.0,1194.0,13,2025-07-22 21:08:14,1092.59,94.7,49.5,Stopped_at_Station,21,101.41,8.2,9.2,20.2,17.0,19.1,7.0,99.0,81.8,87132,23.0,88.1,27.65,4,22.37,9.2,1,1,34.9,LCB05,Late Crew Boarding,Low,2025-07-22 19:13:14,76,Auto-Detected,Station_Master,14.7,0.1,56.1,8.2,10000.0,Clear,Moderate,Under_Repair,38.72,2.01,0,0,Green,69.6,41.0,40.9,Good,3.96,62.9,Up_to_Date,311,Healthy,HVAC_Failure,Critical,21,Tuesday,7,Monsoon,False,False,In_Transit,2025-07-22 21:25:26,,74.4,33.7,Operational,True,16.1
31674,Freight 39,Freight,Long-Distance,CR,24.454426,77.032055,BPL,MAS,AGC,SEC-CR-981,TRK-3,10.4,152.44,Down,2025-07-22 19:35:36,2025-07-22 19:54:36,17.06,114.4,1517.9,1,2025-07-22 21:29:36,489.58,113.6,-0.6,Running,0,1028.32,14.0,7.2,31.4,9.3,0.2,20.7,53.3,131.1,86234,27.0,31.3,1.88,2,17.49,21.3,0,1,32.0,WTH03,Adverse Weather,High,2025-07-22 20:53:36,137,Auto-Detected,Station_Master,27.4,0.0,44.3,21.8,5964.0,Haze,No_Impact,Good,39.91,2.18,0,0,Red,74.4,31.7,49.4,Excellent,2.84,89.6,Up_to_Date,342,Healthy,Brake_Wear,Minor,21,Tuesday,7,Monsoon,False,False,In_Transit,2025-07-22 19:43:30,,545.7,8.5,Weather,False,0.0
77066,Mail 46,Mail,Suburban,ER,33.252613,87.892285,SC,PNBE,BCT,SEC-ER-293,TRK-3,33.09,47.4,Up,2025-07-23 08:37:15,2025-07-23 08:48:15,27.12,113.9,128.4,14,2025-07-23 09:59:15,101.94,117.6,-0.9,Running,0,26.46,21.8,11.7,0.8,6.9,8.9,7.3,56.1,115.9,52998,6.1,44.0,7.63,2,7.45,12.8,1,0,5.0,TRK02,Track Maintenance,Medium,2025-07-23 08:13:15,171,Unconfirmed,Manual_Report,26.8,3.5,64.1,7.9,5648.0,Clear,No_Impact,Fair,24.75,2.24,0,0,Yellow,78.3,56.7,52.7,Good,5.35,11.0,Up_to_Date,176,Healthy,No_Failure,No_Failure,9,Wednesday,7,Monsoon,False,True,Completed,2025-07-23 08:22:57,2025-07-23 08:23:09,0.0,-13.4,Infrastructure,False,0.0
80550,Express 17,Express,Premium,WCR,16.270723,74.410127,ALD,CNB,LKO,SEC-WCR-429,TRK-3,77.77,72.47,Up,2025-07-23 13:19:37,2025-07-23 13:28:37,9.15,28.8,590.8,9,2025-07-23 13:20:37,258.14,56.1,14.4,Running,0,332.66,16.2,3.8,20.2,18.1,11.9,16.4,66.9,36.7,41332,5.4,64.6,7.33,4,35.93,32.4,1,1,63.6,LCB05,Late Crew Boarding,Low,2025-07-23 12:45:37,33,Auto-Detected,ML_Inference,20.8,4.8,56.8,21.2,5550.0,Clear,Severe,Good,41.42,2.96,0,1,Green,89.4,26.9,42.1,Good,4.42,41.0,Up_to_Date,107,Healthy,No_Failure,No_Failure,13,Wednesday,7,Monsoon,False,False,Completed,2025-07-23 13:53:43,2025-07-23 13:49:07,0.0,19.7,Operational,True,10.8
58285,Superfast 29,Superfast,Freight,ECR,26.843338,96.71915,LKO,SBC,VAPI,SEC-ECR-169,TRK-2,154.55,159.29,Down,2025-07-23 18:23:01,2025-07-23 18:39:01,12.01,34.3,679.2,11,2025-07-23 19:24:01,667.44,62.8,46.7,Departed_Late,0,11.76,21.6,13.9,13.2,15.8,5.2,14.5,46.2,27.5,91038,4.1,17.1,35.06,2,14.76,35.9,1,1,54.7,NON00,No Delay Reported,No_Impact,,0,Not_Applicable,Not_Applicable,18.2,1.7,65.7,6.3,7726.0,Clear,No_Impact,Under_Repair,27.14,5.46,0,0,Yellow,51.1,62.2,25.3,Fair,6.32,70.9,In_Progress,306,Healthy,Door_Malfunction,Minor,19,Wednesday,7,Monsoon,False,True,Completed,2025-07-23 19:36:55,2025-07-23 19:41:13,0.0,27.2,No_Delay,True,23.2
65322,Rajdhani 46,Rajdhani,Suburban,ER,33.025784,75.280432,GAYA,PNBE,CNB,SEC-ER-832,TRK-2,144.58,142.63,Down,2025-07-24 04:18:17,2025-07-24 04:26:17,14.27,21.8,1956.2,7,2025-07-24 05:21:17,1855.1,117.3,0.1,Departed_Late,0,101.1,1.9,12.7,1.5,14.0,21.7,20.5,56.5,24.9,54542,-3.5,76.9,30.37,0,30.37,44.8,1,0,14.4,NON00,No Delay Reported,No_Impact,,0,Not_Applicable,Not_Applicable,48.0,3.2,41.7,4.6,9100.0,Cloudy,No_Impact,Poor,26.54,5.07,0,1,Green,62.0,39.3,59.8,Good,5.11,56.7,Up_to_Date,166,Offline,No_Failure,No_Failure,5,Thursday,7,Monsoon,False,False,In_Transit,2025-07-24 04:19:05,,51.9,0.7,No_Delay,False,0.0
98445,Mail 35,Mail,Regional,SER,16.038447,79.628822,BRC,BZA,NGP,SEC-SER-202,TRK-1,52.66,130.89,Up,2025-07-24 05:19:11,2025-07-24 05:37:11,21.15,30.5,1431.2,13,2025-07-24 06:55:11,616.81,80.7,4.0,Stopped_at_Station,32,814.39,8.0,15.3,0.5,12.2,27.5,20.3,72.4,30.5,86444,20.6,36.7,9.75,3,16.13,5.1,1,1,38.6,SIG01,Signal Failure,High,2025-07-24 05:05:11,142,Unconfirmed,Station_Master,28.8,4.3,35.6,15.8,20.0,Clear,No_Impact,Fair,38.27,3.64,0,0,Green,91.1,59.5,24.4,Needs_Inspection,6.2,94.3,In_Progress,29,Healthy,No_Failure,No_Failure,6,Thursday,7,Monsoon,False,False,Completed,2025-07-24 05:32:59,2025-07-24 05:31:29,0.0,9.8,No_Delay,False,0.0
55751,Duronto 9,Duronto,Regional,CR,10.470283,73.854031,ADI,ASN,BZA,SEC-CR-138,TRK-2,33.6,76.94,Up,2025-07-24 07:58:25,2025-07-24 08:03:25,5.57,129.7,1373.5,12,2025-07-24 08:40:25,1203.04,96.2,113.3,Halted_Signal,29,170.46,15.3,22.9,21.0,12.8,20.0,13.5,76.3,136.1,88124,19.8,84.6,25.6,4,31.51,35.9,0,1,4.5,ANI09,Animal / Obstruction on Track,Medium,2025-07-24 07:23:25,83,Confirmed,Manual_Report,20.6,0.0,49.7,22.0,4725.0,Clear,Low,Excellent,46.11,4.79,0,0,Green,66.9,66.9,37.6,Fair,5.85,40.6,Overdue,87,Healthy,No_Failure,No_Failure,8,Thursday,7,Monsoon,False,True,Completed,2025-07-24 10:37:31,2025-07-24 10:32:37,0.0,45.8,Traffic,True,28.6
97236,DEMU 31,DEMU,Regional,SCR,24.430836,83.739426,BZA,RTM,BPL,SEC-SCR-616,TRK-3,97.29,102.44,Down,2025-07-24 08:24:09,2025-07-24 08:34:09,18.88,19.4,1718.6,11,2025-07-24 10:36:09,459.93,78.5,40.0,Running,0,1258.67,18.4,-5.0,-3.7,23.9,20.6,5.6,80.4,26.7,72571,24.8,67.3,16.15,0,31.36,23.6,0,1,21.8,BLK08,Line Block / Engineering Work,High,2025-07-24 08:42:09,128,Auto-Detected,Control_Office,19.1,0.0,79.6,12.9,3461.0,Haze,No_Impact,Poor,30.93,8.95,0,0,Green,66.5,36.6,57.2,Excellent,4.76,88.0,Overdue,187,Healthy,No_Failure,No_Failure,10,Thursday,7,Monsoon,False,False,Completed,2025-07-24 09:14:27,2025-07-24 09:15:21,0.0,10.3,Infrastructure,True,4.4
76439,Shatabdi 9,Shatabdi,Long-Distance,SR,8.533828,91.721097,HWH,PNBE,AGC,SEC-SR-816,TRK-3,4.38,156.71,Down,2025-07-24 08:07:13,2025-07-24 08:14:13,22.9,168.2,527.9,15,2025-07-24 10:51:13,464.04,59.4,-0.5,Running,0,63.86,21.3,0.6,-5.0,23.7,13.8,17.1,47.2,169.2,58856,-5.0,23.2,21.41,5,46.48,6.4,1,1,7.4,MEC06,Mechanical Failure,High,2025-07-24 10:26:13,49,Auto-Detected,Station_Master,31.4,0.7,46.7,11.5,9115.0,Clear,Low,Under_Repair,9.88,4.15,0,1,Yellow,82.3,85.9,49.5,Excellent,4.53,91.1,Due_Soon,68,Healthy,No_Failure,No_Failure,10,Thursday,7,Monsoon,False,False,Completed,2025-07-24 08:07:01,2025-07-24 08:00:25,0.0,0.3,Mechanical,False,0.0
80627,Superfast 21,Superfast,Long-Distance,NCR,19.456889,87.155244,ALD,ADI,GAYA,SEC-NCR-495,TRK-2,15.92,21.71,Up,2025-07-24 19:24:43,2025-07-24 19:30:43,3.9,148.8,1661.8,19,2025-07-24 20:47:43,248.41,32.7,3.4,Slow_Running,0,1413.39,16.7,20.3,-5.0,0.0,13.2,14.0,27.9,141.0,34563,-3.7,32.8,31.29,4,18.88,31.5,1,0,36.5,WTH03,Adverse Weather,High,2025-07-24 20:23:43,164,Confirmed,IoT_Sensor,26.3,4.5,62.2,16.7,9846.0,Clear,Moderate,Good,48.63,4.31,100,0,Red,100.0,59.5,34.0,Excellent,4.72,84.3,Due_Soon,189,Healthy,No_Failure,No_Failure,20,Thursday,7,Monsoon,False,True,Completed,2025-07-24 19:52:55,2025-07-24 19:57:49,0.0,24.8,Weather,True,13.1
53035,Vande Bharat 45,Vande Bharat,Long-Distance,NER,21.907496,96.057993,CNB,JHS,JP,SEC-NER-480,TRK-2,88.85,37.52,Down,2025-07-25 08:07:59,2025-07-25 08:14:59,35.07,99.6,506.5,19,2025-07-25 08:06:59,456.19,82.7,9.5,Running,0,50.31,16.2,0.5,4.4,24.7,16.7,7.6,49.4,98.8,69790,2.3,87.3,23.76,0,16.74,7.7,1,1,3.1,TRK02,Track Maintenance,Medium,2025-07-25 06:31:59,120,Confirmed,Control_Office,22.8,3.1,68.2,2.1,2205.0,Haze,No_Impact,Poor,40.34,4.7,30,0,Auto,81.5,39.4,44.9,Good,3.74,0.3,Overdue,98,Healthy,No_Failure,No_Failure,8,Friday,7,Monsoon,False,True,Completed,2025-07-25 08:02:29,2025-07-25 08:09:11,0.0,-15.0,Infrastructure,False,0.0
89013,Rajdhani 16,Rajdhani,Long-Distance,ER,10.251831,77.295537,AGC,DHN,TDL,SEC-ER-170,TRK-1,171.05,121.49,Down,2025-07-26 06:11:38,2025-07-26 06:23:38,12.23,85.5,1788.4,19,2025-07-26 08:59:38,102.65,61.0,42.5,Terminated,0,1685.75,18.5,21.7,15.4,19.1,6.1,20.4,80.2,82.0,99405,10.3,51.1,3.44,4,14.19,41.3,1,0,36.7,LCB05,Late Crew Boarding,Low,2025-07-26 08:49:38,100,Auto-Detected,ML_Inference,29.4,0.4,51.6,19.2,4340.0,Cloudy,No_Impact,Fair,34.76,2.61,0,0,Yellow,53.6,28.1,57.1,Fair,4.1,2.4,Due_Soon,218,Degraded,Bearing_Overheat,Moderate,8,Saturday,7,Monsoon,True,True,In_Transit,2025-07-26 07:07:44,,1662.2,13.6,Operational,True,11.5
95394,Rajdhani 40,Rajdhani,Regional,SECR,28.191627,77.148123,JP,NDLS,ST,SEC-SECR-870,TRK-2,40.49,95.41,Down,2025-07-26 08:24:28,2025-07-26 08:28:28,24.31,131.7,94.2,14,2025-07-26 10:32:28,93.69,69.9,29.6,Running,0,0.51,20.4,8.6,15.2,16.6,5.2,15.3,42.4,139.5,20384,5.6,68.1,9.9,1,45.1,14.9,1,0,4.7,WTH03,Adverse Weather,High,2025-07-26 10:27:28,13,Confirmed,Manual_Report,24.8,1.9,78.0,9.2,7613.0,Storm,No_Impact,Excellent,54.27,3.12,0,0,Auto,70.3,73.7,41.3,Good,5.01,53.5,Due_Soon,266,Healthy,Door_Malfunction,Moderate,10,Saturday,7,Monsoon,True,False,Completed,2025-07-26 08:57:28,2025-07-26 08:56:46,0.0,3.4,Weather,False,0.0
38860,Shatabdi 5,Shatabdi,Freight,SCR,8.33034,91.99081,RTM,VAPI,NGP,SEC-SCR-799,TRK-3,70.39,147.92,Down,2025-07-26 21:19:29,2025-07-26 21:21:29,8.13,179.4,145.8,4,2025-07-26 23:14:29,44.22,104.0,8.0,Running,0,101.58,20.1,0.1,12.5,6.7,15.7,16.3,65.4,166.1,47344,-5.0,130.9,32.02,1,8.95,40.6,1,1,41.1,MEC06,Mechanical Failure,High,2025-07-26 23:13:29,155,Unconfirmed,Manual_Report,33.9,0.3,43.4,2.2,5005.0,Cloudy,No_Impact,Excellent,32.85,0.02,0,0,Green,87.6,50.2,24.1,Needs_Inspection,6.56,55.2,Up_to_Date,13,Healthy,No_Failure,No_Failure,23,Saturday,7,Monsoon,True,False,Completed,2025-07-26 21:45:41,2025-07-26 21:47:05,0.0,18.2,Mechanical,True,7.3
49840,Shatabdi 40,Shatabdi,Regional,SWR,21.172903,86.484302,PUNE,BRC,GWL,SEC-SWR-618,TRK-1,139.4,54.99,Down,2025-07-26 21:37:32,2025-07-26 21:43:32,30.1,15.7,520.6,16,2025-07-26 23:52:32,146.09,112.7,15.4,Running,0,374.51,27.1,3.1,25.1,18.1,8.5,21.6,89.4,13.1,35773,8.2,74.8,23.88,0,26.08,13.7,1,1,20.1,MEC06,Mechanical Failure,High,2025-07-26 21:57:32,11,Confirmed,ML_Inference,18.2,1.0,39.7,13.7,4422.0,Clear,Severe,Poor,41.55,3.22,60,0,Yellow,52.7,59.5,56.3,Good,5.47,36.8,Due_Soon,322,Degraded,No_Failure,No_Failure,23,Saturday,7,Monsoon,True,False,Completed,2025-07-26 22:07:56,2025-07-26 22:04:44,0.0,15.0,Mechanical,True,10.3
90380,DEMU 27,DEMU,Regional,NFR,25.026936,76.054703,BCT,TDL,AGC,SEC-NFR-250,TRK-2,100.09,126.34,Up,2025-07-27 00:22:35,2025-07-27 00:24:35,8.39,59.1,131.1,2,2025-07-27 02:14:35,63.27,128.8,5.0,Running,0,67.83,-3.1,15.5,13.5,17.6,0.0,17.2,58.6,64.7,40428,3.1,76.1,14.75,1,15.47,4.1,1,1,11.2,NON00,No Delay Reported,No_Impact,,0,Not_Applicable,Not_Applicable,29.7,0.0,36.3,12.5,10000.0,Clear,Low,Fair,35.85,4.32,75,0,Yellow,100.0,63.1,57.0,Excellent,5.0,97.2,Up_to_Date,351,Healthy,No_Failure,No_Failure,2,Sunday,7,Monsoon,True,False,Completed,2025-07-27 00:45:59,2025-07-27 00:54:59,0.0,18.4,No_Delay,True,13.9
38236,Freight 38,Freight,Long-Distance,NFR,25.995467,79.368444,SC,HWH,KOTA,SEC-NFR-607,TRK-1,11.49,147.77,Down,2025-07-27 05:48:37,2025-07-27 05:51:37,10.71,147.0,78.3,18,2025-07-27 06:15:37,71.38,78.7,14.7,Slow_Running,0,6.92,10.3,7.2,17.9,11.4,14.5,16.6,56.0,146.0,86626,6.7,80.7,32.38,1,38.66,14.7,1,1,20.9,MEC06,Mechanical Failure,High,2025-07-27 05:55:37,71,Confirmed,Manual_Report,37.7,4.1,59.0,28.1,4851.0,Fog,Severe,Excellent,31.69,6.62,75,1,Double_Yellow,69.9,47.6,60.0,Good,4.22,75.1,Up_to_Date,105,Healthy,No_Failure,No_Failure,6,Sunday,7,Monsoon,True,False,In_Transit,2025-07-27 06:06:01,,6.1,2.7,Mechanical,False,0.0
22871,Rajdhani 27,Rajdhani,Premium,ER,20.45983,89.594167,ST,KOTA,CSTM,SEC-ER-895,TRK-3,111.09,3.36,Up,2025-07-27 19:04:31,2025-07-27 19:22:31,12.5,13.9,1266.2,16,2025-07-27 20:25:31,1063.77,88.3,27.1,Running,0,202.43,26.9,12.4,19.3,20.8,11.6,13.1,60.6,15.9,32486,25.1,64.3,25.57,2,28.55,19.9,1,1,31.4,MEC06,Mechanical Failure,High,2025-07-27 19:57:31,82,Unconfirmed,ML_Inference,28.0,2.4,45.8,24.9,5141.0,Clear,No_Impact,Excellent,45.54,0.0,0,0,Green,74.6,59.9,47.6,Excellent,4.79,36.9,Up_to_Date,29,Healthy,Axle_Fault,Minor,20,Sunday,7,Monsoon,True,True,In_Transit,2025-07-27 19:46:37,,142.1,15.0,Mechanical,True,10.5
80340,Garib Rath 4,Garib Rath,Regional,SWR,16.325105,91.199299,SBC,TDL,PNBE,SEC-SWR-377,TRK-1,26.24,17.27,Up,2025-07-27 22:10:26,2025-07-27 22:25:26,24.48,53.0,2123.3,17,2025-07-27 23:54:26,1023.69,69.8,1.8,Running,0,1099.61,14.3,5.2,3.9,11.9,8.3,0.0,56.6,59.3,25206,-5.0,62.3,2.68,1,49.81,20.5,1,0,16.6,NON00,No Delay Reported,No_Impact,,0,Not_Applicable,Not_Applicable,20.2,0.0,86.4,14.2,5215.0,Fog,Low,Excellent,39.2,4.08,0,0,Double_Yellow,80.5,56.1,25.3,Needs_Inspection,6.2,93.0,Up_to_Date,131,Healthy,No_Failure,No_Failure,23,Sunday,7,Monsoon,True,False,Completed,2025-07-27 22:31:44,2025-07-27 22:34:14,0.0,19.5,No_Delay,True,17.1
45781,Freight 4,Freight,Premium,NCR,23.800344,77.100885,PNBE,MGS,NDLS,SEC-NCR-493,TRK-3,168.18,127.69,Down,2025-07-27 23:36:07,2025-07-27 23:50:07,13.51,161.6,504.7,13,2025-07-28 01:14:07,42.71,81.3,23.0,Stopped_at_Station,28,461.99,10.0,9.7,13.2,11.6,11.5,12.2,77.8,153.8,54337,9.0,95.6,36.08,0,34.6,8.7,1,0,28.1,CNG04,Traffic Congestion,Medium,2025-07-28 00:04:07,62,Confirmed,Manual_Report,18.3,4.9,54.6,9.1,5776.0,Fog,Moderate,Excellent,31.39,3.81,45,0,Green,51.9,58.6,60.2,Critical,3.13,8.9,In_Progress,262,Healthy,Axle_Fault,Moderate,1,Monday,7,Monsoon,False,False,Completed,2025-07-28 00:11:31,2025-07-28 00:16:13,0.0,12.4,Traffic,True,5.9
62299,Vande Bharat 41,Vande Bharat,Long-Distance,ER,18.669245,75.010439,CSTM,VAPI,PNBE,SEC-ER-800,TRK-3,63.32,9.25,Up,2025-07-28 01:18:16,2025-07-28 01:20:16,8.56,179.3,562.7,8,2025-07-28 02:43:16,414.68,111.0,3.7,Stopped_at_Station,25,148.02,28.4,21.9,13.3,11.8,12.8,19.1,56.3,185.2,67212,21.8,74.1,16.16,1,33.57,27.5,1,1,20.8,CNG04,Traffic Congestion,Medium,2025-07-28 02:12:16,55,Confirmed,Station_Master,20.2,4.6,58.3,10.7,10000.0,Clear,No_Impact,Excellent,55.89,5.13,0,0,Green,53.4,89.9,30.7,Good,5.01,34.6,In_Progress,199,Faulty,No_Failure,No_Failure,2,Monday,7,Monsoon,False,False,In_Transit,2025-07-28 01:18:58,,79.1,-3.0,Traffic,False,0.0
34825,Vande Bharat 38,Vande Bharat,Long-Distance,NWR,25.612965,68.709422,RTM,BCT,LKO,SEC-NWR-179,TRK-1,108.08,34.22,Down,2025-07-28 09:03:14,2025-07-28 09:12:14,4.96,76.8,1246.8,2,2025-07-28 11:44:14,762.44,62.7,1.4,Running,0,484.36,34.7,10.7,-2.4,9.9,1.6,17.8,79.9,70.2,55740,23.9,79.4,8.73,1,14.37,40.2,0,0,29.9,MEC06,Mechanical Failure,High,2025-07-28 10:42:14,170,Unconfirmed,Control_Office,21.5,0.0,91.2,14.2,7637.0,Clear,Moderate,Good,45.25,4.71,75,0,Auto,68.3,32.9,52.9,Needs_Inspection,5.22,68.7,Overdue,267,Faulty,Axle_Fault,Minor,11,Monday,7,Monsoon,False,False,Completed,2025-07-28 09:17:08,2025-07-28 09:10:20,0.0,12.5,Mechanical,True,5.3
36880,Garib Rath 30,Garib Rath,Long-Distance,NWR,33.277022,86.359673,PUNE,BZA,ALD,SEC-NWR-779,TRK-3,121.32,43.98,Down,2025-07-28 13:17:40,2025-07-28 13:35:40,23.95,64.1,529.6,17,2025-07-28 14:17:40,509.93,21.4,64.8,Running,0,19.67,9.5,14.7,23.7,25.7,18.1,20.9,55.6,56.5,91382,18.5,87.8,36.11,0,44.62,41.2,1,0,11.9,SIG01,Signal Failure,High,2025-07-28 13:42:40,60,Auto-Detected,Control_Office,39.2,2.5,38.4,10.6,9100.0,Clear,Low,Excellent,33.43,4.93,0,1,Green,41.9,72.5,47.7,Good,4.43,26.3,Overdue,272,Degraded,No_Failure,No_Failure,14,Monday,7,Monsoon,False,False,Completed,2025-07-28 15:03:04,2025-07-28 15:06:04,0.0,40.6,No_Delay,True,29.6
85751,Mail 40,Mail,Freight,NR,30.531953,92.323751,AGC,RTM,NDLS,SEC-NR-524,TRK-3,157.13,164.56,Up,2025-07-28 19:09:10,2025-07-28 19:18:10,28.51,118.5,1714.4,8,2025-07-28 21:51:10,501.38,47.2,10.6,Running,0,1213.02,13.5,12.5,12.2,17.7,23.4,8.9,85.6,122.4,13630,18.7,103.3,18.03,2,21.25,26.3,1,1,33.7,SIG01,Signal Failure,High,2025-07-28 20:02:10,64,Confirmed,ML_Inference,15.4,3.4,21.1,14.7,10000.0,Clear,Low,Poor,49.99,5.24,75,0,Auto,59.6,61.7,46.1,Excellent,5.02,88.4,Up_to_Date,223,Healthy,Brake_Wear,Minor,21,Monday,7,Monsoon,False,False,In_Transit,2025-07-28 19:37:04,,1547.2,17.3,No_Delay,True,11.5
82750,Freight 48,Freight,Regional,WCR,26.168194,70.600331,TDL,CNB,BZA,SEC-WCR-833,TRK-1,76.89,109.54,Down,2025-07-28 20:05:35,2025-07-28 20:22:35,5.4,81.8,1381.6,17,2025-07-28 22:02:35,1273.39,68.9,2.5,Stopped_at_Station,19,108.21,4.2,16.4,13.9,21.3,13.9,28.1,77.0,75.9,84189,-5.0,64.9,38.09,5,7.32,29.6,1,0,15.9,LCB05,Late Crew Boarding,Low,2025-07-28 21:02:35,92,Confirmed,Control_Office,18.7,8.0,45.4,20.6,1809.0,Clear,Moderate,Good,28.12,3.67,75,0,Green,81.9,40.5,59.6,Fair,5.18,81.1,Due_Soon,216,Faulty,No_Failure,No_Failure,22,Monday,7,Monsoon,False,False,Completed,2025-07-28 20:28:11,2025-07-28 20:31:59,0.0,20.1,Operational,True,13.5
85676,Vande Bharat 48,Vande Bharat,Premium,WCR,34.180382,93.506672,KOTA,ALD,CNB,SEC-WCR-624,TRK-2,160.37,9.82,Down,2025-07-29 08:53:39,2025-07-29 09:08:39,35.55,143.4,1801.6,11,2025-07-29 10:53:39,1753.02,69.9,13.4,Stopped_at_Station,27,48.58,1.6,3.0,10.7,18.3,11.3,4.9,76.9,143.3,31763,19.7,72.8,23.5,3,12.77,5.3,1,1,46.5,MEC06,Mechanical Failure,High,2025-07-29 09:28:39,13,Confirmed,Control_Office,41.4,0.8,63.9,24.5,6768.0,Cloudy,No_Impact,Excellent,37.83,2.99,60,0,Green,74.8,76.3,48.2,Good,5.92,3.0,Up_to_Date,173,Healthy,No_Failure,No_Failure,10,Tuesday,7,Monsoon,False,False,Completed,2025-07-29 09:29:39,2025-07-29 09:29:09,0.0,22.6,Mechanical,True,18.7
62842,DEMU 36,DEMU,Regional,CR,17.860078,77.255232,PUNE,PNBE,BZA,SEC-CR-340,TRK-3,135.25,48.54,Down,2025-07-29 12:01:12,2025-07-29 12:14:12,15.1,94.1,266.3,6,2025-07-29 13:26:12,246.91,27.1,-0.1,Departed_Late,0,19.39,24.6,9.0,22.5,19.5,6.1,20.9,85.0,95.3,33895,25.5,65.9,33.48,2,23.81,19.8,0,0,51.4,CNG04,Traffic Congestion,Medium,2025-07-29 12:29:12,157,Confirmed,ML_Inference,30.9,1.3,35.4,17.6,2544.0,Haze,Low,Excellent,10.1,4.41,60,0,Yellow,81.4,46.7,46.5,Excellent,4.73,34.1,Up_to_Date,40,Healthy,No_Failure,No_Failure,13,Tuesday,7,Monsoon,False,False,Completed,2025-07-29 12:24:18,2025-07-29 12:22:24,0.0,23.2,Traffic,True,10.3
97430,DEMU 26,DEMU,Long-Distance,NER,10.809066,78.78573,BZA,BRC,GWL,SEC-NER-452,TRK-3,106.45,72.5,Down,2025-07-29 15:22:54,2025-07-29 15:30:54,21.64,106.4,818.9,15,2025-07-29 16:16:54,541.14,67.2,20.8,Running,0,277.76,13.5,10.9,-5.0,14.5,24.6,5.8,59.3,112.7,18386,-5.0,47.4,22.45,0,8.2,3.5,0,1,64.6,CNG04,Traffic Congestion,Medium,2025-07-29 14:50:54,70,Confirmed,Manual_Report,44.6,5.5,33.1,17.4,4021.0,Fog,No_Impact,Good,19.53,3.24,45,0,Double_Yellow,74.6,71.2,33.6,Critical,4.28,24.7,Due_Soon,303,Healthy,Axle_Fault,Critical,16,Tuesday,7,Monsoon,False,False,Completed,2025-07-29 16:04:36,2025-07-29 16:02:54,0.0,20.9,Traffic,True,13.8
87180,Shatabdi 41,Shatabdi,Long-Distance,WR,13.983129,96.237796,CSTM,BRC,BCT,SEC-WR-300,TRK-3,69.91,65.99,Down,2025-07-29 16:10:48,2025-07-29 16:24:48,5.88,127.9,1877.0,14,2025-07-29 18:46:48,1096.54,102.5,1.0,Running,0,780.46,17.3,26.7,6.0,14.4,10.7,13.4,64.1,117.9,37491,17.9,75.7,35.46,1,6.25,44.0,1,1,28.9,NON00,No Delay Reported,No_Impact,,0,Not_Applicable,Not_Applicable,26.7,2.0,51.5,20.3,3902.0,Clear,No_Impact,Good,23.99,0.48,45,0,Green,79.5,35.4,67.2,Excellent,6.16,56.9,Due_Soon,241,Healthy,Electrical_Fault,Minor,18,Tuesday,7,Monsoon,False,True,Not_Started,,,457.7,2.7,No_Delay,False,0.0
88073,Superfast 6,Superfast,Regional,NWR,25.089138,81.621274,MAS,AGC,SC,SEC-NWR-340,TRK-1,7.29,8.52,Up,2025-07-30 02:44:48,2025-07-30 02:48:48,18.15,49.6,1784.4,15,2025-07-30 04:47:48,1707.15,101.7,8.3,Running,0,77.25,12.3,11.5,8.6,8.7,8.4,10.5,69.6,54.5,50356,1.8,107.8,30.92,0,42.69,16.9,1,1,36.9,NON00,No Delay Reported,No_Impact,,0,Not_Applicable,Not_Applicable,45.0,0.0,56.8,12.0,4143.0,Heavy_Rain,No_Impact,Good,39.08,4.25,45,0,Red,69.8,81.2,30.1,Fair,4.51,32.8,Up_to_Date,281,Healthy,Electrical_Fault,Moderate,4,Wednesday,7,Monsoon,False,False,In_Transit,2025-07-30 03:09:00,,50.3,15.9,No_Delay,True,13.5
12871,Express 9,Express,Long-Distance,NR,13.370961,92.497557,NDLS,HWH,VAPI,SEC-NR-558,TRK-1,90.95,42.12,Up,2025-07-30 04:21:29,2025-07-30 04:33:29,33.21,94.6,1730.7,13,2025-07-30 07:12:29,922.4,68.3,13.8,Terminated,0,808.3,6.8,11.3,13.6,26.1,16.3,2.9,57.0,87.1,66930,0.2,20.2,6.62,1,42.1,33.5,0,0,14.7,TRK02,Track Maintenance,Medium,2025-07-30 05:28:29,39,Confirmed,ML_Inference,28.1,6.0,24.4,18.9,10000.0,Clear,Low,Fair,52.69,3.3,0,0,Green,100.0,54.9,67.4,Fair,4.24,84.1,Up_to_Date,207,Faulty,No_Failure,No_Failure,7,Wednesday,7,Monsoon,False,True,Completed,2025-07-30 04:46:59,2025-07-30 04:40:23,0.0,11.7,Infrastructure,True,7.5
51303,Superfast 32,Superfast,Regional,ER,17.920748,88.739758,ST,TDL,SC,SEC-ER-354,TRK-3,128.31,39.37,Down,2025-07-30 08:10:54,2025-07-30 08:21:54,4.09,167.9,1248.3,13,2025-07-30 09:42:54,359.64,56.6,32.2,Running,0,888.66,8.3,5.3,16.2,8.2,0.0,20.8,66.4,175.6,13880,14.3,38.1,26.18,0,16.73,21.4,1,0,48.6,WTH03,Adverse Weather,High,2025-07-30 08:35:54,76,Unconfirmed,ML_Inference,23.5,3.7,40.3,9.3,2442.0,Cloudy,No_Impact,Poor,45.74,4.84,0,0,Green,57.2,70.1,59.5,Fair,6.92,10.0,Overdue,322,Healthy,Brake_Wear,Moderate,9,Wednesday,7,Monsoon,False,True,Completed,2025-07-30 08:59:42,2025-07-30 09:00:30,0.0,16.6,Weather,True,7.9
63181,Rajdhani 48,Rajdhani,Regional,NCR,11.714763,90.072686,GAYA,ASN,CNB,SEC-NCR-204,TRK-1,16.07,17.14,Down,2025-07-30 11:41:18,2025-07-30 11:58:18,6.15,68.5,737.1,15,2025-07-30 12:48:18,109.47,21.1,6.9,Slow_Running,0,627.63,4.9,20.4,5.7,19.3,0.0,14.8,74.1,60.7,49518,30.7,48.0,32.23,2,23.51,8.9,1,1,11.8,CNG04,Traffic Congestion,Medium,2025-07-30 11:21:18,120,Confirmed,Manual_Report,39.8,0.0,65.1,7.7,9454.0,Fog,Low,Good,45.29,5.13,100,0,Green,63.6,74.7,37.3,Needs_Inspection,3.94,13.3,Up_to_Date,262,Healthy,No_Failure,No_Failure,12,Wednesday,7,Monsoon,False,False,In_Transit,2025-07-30 11:55:18,,1786.9,7.1,Traffic,False,0.0
56189,Express 21,Express,Premium,NR,33.125914,75.642353,JHS,CSTM,MAS,SEC-NR-773,TRK-2,167.31,159.45,Up,2025-07-30 21:29:24,2025-07-30 21:32:24,19.19,66.5,1366.1,3,2025-07-31 00:26:24,798.85,60.3,33.4,Running,0,567.25,8.7,6.5,16.1,14.3,9.0,16.4,71.7,66.0,71149,7.0,84.0,13.85,4,11.2,27.9,1,1,32.2,PSG07,Passenger Emergency,Medium,2025-07-30 23:51:24,84,Confirmed,Station_Master,44.1,0.0,10.7,23.8,3695.0,Rain,No_Impact,Fair,5.0,5.46,60,0,Yellow,66.9,71.3,52.0,Fair,3.56,64.0,Up_to_Date,51,Healthy,No_Failure,No_Failure,0,Thursday,7,Monsoon,False,False,Completed,2025-07-30 22:20:18,2025-07-30 22:17:12,0.0,17.5,Operational,True,13.3
46216,Rajdhani 31,Rajdhani,Long-Distance,SR,15.073742,87.080927,ADI,JHS,SC,SEC-SR-703,TRK-1,148.11,92.6,Up,2025-07-31 04:03:41,2025-07-31 04:15:41,26.12,134.6,2082.7,17,2025-07-31 04:30:41,411.51,106.7,26.3,Departed_Late,0,1671.19,13.0,12.5,8.6,32.2,14.7,19.7,52.4,129.6,71291,-2.5,67.4,24.89,4,13.61,44.6,1,0,28.1,CNG04,Traffic Congestion,Medium,2025-07-31 04:21:41,150,Confirmed,Manual_Report,27.3,0.4,57.0,6.2,7065.0,Rain,Low,Excellent,13.26,5.87,0,0,Red,48.3,82.0,56.0,Good,4.39,47.9,In_Progress,46,Healthy,No_Failure,No_Failure,4,Thursday,7,Monsoon,False,False,Completed,2025-07-31 04:48:47,2025-07-31 04:50:47,0.0,18.8,Traffic,True,12.7
27533,Shatabdi 47,Shatabdi,Suburban,SR,31.47605,96.705267,CNB,SC,VAPI,SEC-SR-321,TRK-2,66.94,113.03,Up,2025-07-31 04:51:05,2025-07-31 05:01:05,5.22,132.4,265.6,10,2025-07-31 05:20:05,37.47,65.5,2.9,Stopped_at_Station,31,228.13,14.7,-5.0,25.6,25.9,19.5,29.0,66.9,124.0,82287,-0.5,62.0,7.28,2,18.03,9.4,1,0,13.6,SIG01,Signal Failure,High,2025-07-31 04:33:05,105,Unconfirmed,Station_Master,20.6,3.6,70.5,13.9,3139.0,Cloudy,No_Impact,Excellent,22.34,3.54,0,0,Yellow,55.2,36.0,50.2,Excellent,5.05,29.2,Due_Soon,160,Healthy,Axle_Fault,Minor,5,Thursday,7,Monsoon,False,False,Completed,2025-07-31 04:48:17,2025-07-31 04:50:47,0.0,-5.7,No_Delay,False,0.0
84538,MEMU 11,MEMU,Long-Distance,NFR,17.116985,68.546479,SC,ALD,SBC,SEC-NFR-503,TRK-3,165.7,124.87,Down,2025-07-31 21:14:02,2025-07-31 21:22:02,6.51,171.5,1161.9,3,2025-07-31 21:37:02,805.67,39.4,1.5,Running,0,356.23,13.7,-3.3,6.0,30.7,7.9,18.0,59.4,170.8,85674,18.6,76.6,22.45,2,2.21,9.2,1,1,21.8,SIG01,Signal Failure,High,2025-07-31 20:53:02,89,Confirmed,Station_Master,28.7,6.3,74.6,25.7,2983.0,Storm,No_Impact,Good,29.8,4.04,30,0,Green,82.0,59.6,46.2,Good,4.8,88.9,Up_to_Date,165,Healthy,No_Failure,No_Failure,21,Thursday,7,Monsoon,False,False,In_Transit,2025-07-31 21:22:44,,544.6,7.2,No_Delay,False,0.0
68671,Express 33,Express,Suburban,SCR,32.90661,86.856475,SBC,CNB,CSTM,SEC-SCR-689,TRK-2,13.46,125.98,Down,2025-07-31 21:17:11,2025-07-31 21:28:11,11.89,165.2,734.8,6,2025-07-31 22:55:11,7.65,49.1,-3.0,Stopped_at_Station,39,727.15,9.1,17.9,8.3,2.6,12.9,12.9,68.7,164.6,92759,-3.4,95.3,36.37,4,48.62,27.2,1,1,23.3,BLK08,Line Block / Engineering Work,High,2025-07-31 22:34:11,37,Confirmed,Station_Master,30.9,2.6,65.4,0.0,8731.0,Cloudy,Moderate,Excellent,35.43,1.69,0,0,Green,93.3,50.3,40.6,Good,4.27,16.3,Up_to_Date,311,Healthy,No_Failure,No_Failure,22,Thursday,7,Monsoon,False,False,Completed,2025-07-31 21:27:47,2025-07-31 21:26:59,0.0,13.6,Infrastructure,True,8.8
57790,Mail 23,Mail,Long-Distance,WR,21.158809,80.232187,PUNE,VAPI,CNB,SEC-WR-629,TRK-2,23.06,72.45,Down,2025-07-31 23:28:58,2025-07-31 23:47:58,21.69,158.0,722.2,2,2025-08-01 00:18:58,576.01,84.3,23.2,Departed_Late,0,146.19,1.2,8.2,0.5,18.7,10.5,8.3,78.2,150.8,65835,4.1,37.2,10.09,1,38.59,8.8,0,1,19.4,CNG04,Traffic Congestion,Medium,2025-07-31 23:19:58,139,Confirmed,Control_Office,22.2,1.8,47.0,15.4,10000.0,Rain,Low,Excellent,29.83,3.33,75,0,Yellow,99.8,80.8,20.2,Critical,6.17,9.3,Overdue,318,Healthy,Bearing_Overheat,Minor,0,Friday,8,Monsoon,False,False,Completed,2025-08-01 00:04:22,2025-08-01 00:00:40,0.0,12.2,Traffic,True,7.5
98217,Vande Bharat 45,Vande Bharat,Premium,SCR,21.863951,76.158382,GAYA,PUNE,BPL,SEC-SCR-938,TRK-2,39.59,103.07,Down,2025-08-01 03:24:33,2025-08-01 03:38:33,5.15,161.7,1242.2,0,2025-08-01 04:39:33,35.29,65.8,37.3,Halted_Signal,41,1206.91,3.2,8.9,20.6,20.7,17.0,24.7,63.5,164.2,78439,18.1,28.5,35.74,1,4.62,34.2,1,1,35.4,TRK02,Track Maintenance,Medium,2025-08-01 03:24:33,35,Auto-Detected,Manual_Report,31.1,11.6,68.7,10.1,20.0,Fog,Low,Fair,33.31,2.27,0,0,Green,71.2,50.6,46.2,Excellent,6.2,42.3,Up_to_Date,260,Healthy,No_Failure,No_Failure,4,Friday,8,Monsoon,False,False,Completed,2025-08-01 04:26:51,2025-08-01 04:28:09,0.0,25.0,Infrastructure,True,19.3
37173,Passenger 22,Passenger,Regional,SER,13.47569,74.448716,PUNE,PNBE,ASN,SEC-SER-422,TRK-2,67.58,103.99,Up,2025-08-01 02:25:44,2025-08-01 02:39:44,32.33,121.0,481.8,2,2025-08-01 05:05:44,189.49,78.4,51.8,Running,0,292.31,-4.4,24.6,-0.1,0.0,12.0,1.1,81.8,130.0,62683,8.5,98.7,39.26,2,30.95,34.1,0,1,23.0,WTH03,Adverse Weather,High,2025-08-01 05:05:44,153,Confirmed,IoT_Sensor,36.3,0.0,63.4,20.7,7497.0,Cloudy,No_Impact,Excellent,6.12,4.68,0,0,Green,55.8,38.6,78.1,Fair,4.44,47.0,Overdue,212,Faulty,Axle_Fault,Minor,5,Friday,8,Monsoon,False,False,In_Transit,2025-08-01 03:50:14,,233.5,32.7,Weather,True,25.2
95759,Express 5,Express,Regional,ECR,21.800421,91.630507,ALD,CSTM,MAS,SEC-ECR-560,TRK-2,125.61,173.79,Up,2025-08-01 16:04:06,2025-08-01 16:17:06,35.88,95.5,156.0,6,2025-08-01 18:51:06,136.17,22.4,8.0,Running,0,19.83,14.4,4.2,19.4,19.0,19.8,12.6,63.1,96.7,59776,23.6,57.2,15.95,3,10.41,29.7,0,1,20.9,SIG01,Signal Failure,High,2025-08-01 18:26:06,55,Confirmed,Control_Office,22.4,0.6,36.5,20.1,7314.0,Clear,Moderate,Good,33.0,2.52,0,0,Green,86.3,30.5,27.5,Needs_Inspection,4.41,42.4,Overdue,150,Healthy,Axle_Fault,Minor,18,Friday,8,Monsoon,False,True,Completed,2025-08-01 16:21:30,2025-08-01 16:15:12,0.0,9.4,No_Delay,False,0.0
17132,MEMU 23,MEMU,Long-Distance,SECR,17.402251,87.851091,HWH,MGS,AGC,SEC-SECR-456,TRK-1,36.72,49.1,Down,2025-08-01 19:07:58,2025-08-01 19:14:58,19.5,118.3,1192.0,18,2025-08-01 20:48:58,632.05,63.5,3.3,Halted_Signal,38,559.95,7.3,14.0,10.1,22.0,20.2,7.1,66.2,121.4,48536,17.1,79.9,16.53,1,3.76,41.7,1,1,20.2,ANI09,Animal / Obstruction on Track,Medium,2025-08-01 20:01:58,141,Confirmed,ML_Inference,14.5,8.9,48.3,11.3,9731.0,Clear,Severe,Good,36.6,2.0,0,0,Green,73.9,50.2,33.4,Fair,6.33,70.9,Up_to_Date,247,Healthy,No_Failure,No_Failure,20,Friday,8,Monsoon,False,True,In_Transit,2025-08-01 19:24:22,,533.0,13.1,Traffic,True,10.0
31213,Express 29,Express,Freight,NR,32.769106,82.938417,ASN,PUNE,PNBE,SEC-NR-141,TRK-1,141.59,12.58,Up,2025-08-01 19:11:17,2025-08-01 19:18:17,22.61,134.4,51.5,7,2025-08-01 22:04:17,4.26,66.1,-1.5,Running,0,47.24,-5.0,-0.9,12.5,10.7,2.9,15.2,53.2,130.4,80296,24.0,82.0,32.13,0,26.24,34.6,1,1,37.2,WTH03,Adverse Weather,High,2025-08-01 22:02:17,132,Confirmed,Control_Office,35.3,2.3,32.1,22.8,1522.0,Cloudy,Low,Poor,33.96,5.59,0,0,Auto,71.9,77.5,40.2,Good,5.32,79.7,In_Progress,305,Healthy,No_Failure,No_Failure,22,Friday,8,Monsoon,False,False,Completed,2025-08-01 19:21:41,2025-08-01 19:15:35,0.0,11.9,Weather,True,7.9
10636,Shatabdi 38,Shatabdi,Long-Distance,NWR,16.541473,92.687058,MAS,GAYA,BPL,SEC-NWR-924,TRK-2,133.95,32.12,Up,2025-08-02 15:14:38,2025-08-02 15:18:38,2.07,87.4,1276.8,6,2025-08-02 16:01:38,521.43,74.8,3.8,Running,0,755.37,8.9,13.9,-1.1,3.0,8.2,18.9,79.9,82.1,32143,18.6,84.6,9.66,2,27.78,6.6,1,1,5.2,NON00,No Delay Reported,No_Impact,,0,Not_Applicable,Not_Applicable,17.9,1.0,62.3,10.9,6583.0,Rain,No_Impact,Excellent,17.82,4.35,30,0,Green,69.9,61.8,42.5,Good,4.05,56.1,In_Progress,83,Healthy,No_Failure,No_Failure,16,Saturday,8,Monsoon,True,False,In_Transit,2025-08-02 15:27:50,,608.7,9.4,No_Delay,False,0.0
62887,Garib Rath 49,Garib Rath,Freight,ER,9.138841,76.451779,BZA,GWL,HWH,SEC-ER-853,TRK-2,36.36,45.55,Down,2025-08-02 16:06:20,2025-08-02 16:23:20,15.49,80.3,959.0,6,2025-08-02 17:22:20,816.36,86.8,17.4,Running,0,142.64,12.5,17.9,13.7,27.0,5.5,0.0,71.6,83.8,54737,-2.2,32.1,7.8,1,17.35,24.2,1,0,14.0,MEC06,Mechanical Failure,High,2025-08-02 16:43:20,145,Confirmed,Manual_Report,15.4,1.1,65.2,27.4,10000.0,Clear,No_Impact,Good,39.66,3.37,0,0,Green,100.0,61.2,51.0,Fair,5.43,4.3,In_Progress,153,Healthy,No_Failure,No_Failure,17,Saturday,8,Monsoon,True,True,In_Transit,2025-08-02 16:33:56,,101.7,10.2,Mechanical,True,8.6
36891,Passenger 36,Passenger,Suburban,WR,9.026149,87.194664,CSTM,LKO,PUNE,SEC-WR-342,TRK-3,26.1,66.15,Up,2025-08-03 09:07:15,2025-08-03 09:16:15,6.53,54.2,1523.3,11,2025-08-03 09:16:15,81.16,62.6,46.5,Terminated,0,1442.14,24.4,2.6,13.2,19.8,10.3,17.9,53.2,46.9,64616,17.9,72.5,5.45,2,33.35,8.1,0,1,10.7,NON00,No Delay Reported,No_Impact,,0,Not_Applicable,Not_Applicable,33.7,8.2,35.7,14.6,6862.0,Clear,Low,Poor,31.1,3.4,45,0,Double_Yellow,74.7,28.8,52.3,Needs_Inspection,3.72,60.0,Overdue,46,Healthy,No_Failure,No_Failure,9,Sunday,8,Monsoon,True,True,Completed,2025-08-03 10:06:45,2025-08-03 10:08:09,0.0,13.0,No_Delay,True,8.8
84647,Rajdhani 43,Rajdhani,Long-Distance,WR,26.688862,86.623699,PUNE,SC,PNBE,SEC-WR-556,TRK-1,103.38,4.12,Down,2025-08-03 13:54:15,2025-08-03 14:08:15,4.2,54.0,1603.6,11,2025-08-03 15:28:15,328.59,18.2,14.4,Slow_Running,0,1275.01,11.6,3.3,15.5,12.3,24.2,4.5,71.9,51.1,24643,6.5,62.8,24.22,5,17.29,13.0,1,0,20.7,CNG04,Traffic Congestion,Medium,2025-08-03 14:52:15,135,Auto-Detected,Manual_Report,36.1,0.0,15.8,7.2,8658.0,Clear,No_Impact,Excellent,34.55,4.1,0,0,Green,55.2,47.6,53.8,Good,3.71,71.0,Overdue,343,Degraded,HVAC_Failure,Moderate,15,Sunday,8,Monsoon,True,False,Completed,2025-08-03 14:18:03,2025-08-03 14:23:09,0.0,9.4,Traffic,False,0.0
67115,MEMU 24,MEMU,Premium,NWR,33.09328,75.425097,GWL,CSTM,KOTA,SEC-NWR-911,TRK-1,33.86,33.06,Down,2025-08-04 06:00:21,2025-08-04 06:19:21,28.97,53.9,794.1,1,2025-08-04 08:10:21,459.1,77.7,-2.5,Running,0,335.0,27.2,20.8,10.5,2.0,27.8,25.5,65.7,51.7,32356,2.6,86.7,27.82,4,40.11,35.3,1,1,26.6,BLK08,Line Block / Engineering Work,High,2025-08-04 07:38:21,135,Auto-Detected,Station_Master,38.3,0.9,95.9,24.9,4979.0,Clear,No_Impact,Good,33.42,3.7,0,0,Auto,95.7,44.6,60.6,Fair,5.08,52.5,Up_to_Date,53,Healthy,No_Failure,No_Failure,8,Monday,8,Monsoon,False,True,Completed,2025-08-04 06:04:21,2025-08-04 06:06:15,0.0,6.5,Infrastructure,False,0.0
50442,Mail 6,Mail,Regional,NER,23.640652,71.734321,CNB,SC,VAPI,SEC-NER-799,TRK-1,129.39,144.14,Up,2025-08-04 15:19:18,2025-08-04 15:33:18,19.21,74.4,447.8,4,2025-08-04 15:37:18,244.38,48.9,12.2,Running,0,203.42,22.7,10.0,14.6,18.9,2.9,21.5,99.0,69.4,24178,22.8,52.4,22.04,3,46.32,31.1,0,0,53.3,ANI09,Animal / Obstruction on Track,Medium,2025-08-04 14:51:18,98,Auto-Detected,IoT_Sensor,42.2,3.8,72.9,23.5,3758.0,Cloudy,No_Impact,Good,40.89,2.89,0,0,Red,68.1,63.1,47.0,Needs_Inspection,5.29,56.6,Due_Soon,240,Healthy,No_Failure,No_Failure,15,Monday,8,Monsoon,False,False,In_Transit,2025-08-04 15:53:48,,256.3,22.3,Traffic,True,12.7
99511,Express 10,Express,Premium,SER,33.415443,85.286138,TDL,MGS,BPL,SEC-SER-141,TRK-3,81.88,131.07,Down,2025-08-04 18:17:19,2025-08-04 18:26:19,17.13,161.8,379.1,15,2025-08-04 19:47:19,21.95,63.3,5.0,Departed_Late,0,357.15,18.9,10.4,14.6,8.0,7.4,15.6,52.1,154.9,85190,14.0,36.8,10.8,2,37.91,16.3,0,1,28.7,WTH03,Adverse Weather,High,2025-08-04 19:32:19,113,Auto-Detected,ML_Inference,24.4,1.9,44.1,7.9,4741.0,Clear,No_Impact,Good,25.9,6.34,0,0,Green,87.3,56.5,48.7,Fair,4.39,8.2,Up_to_Date,258,Healthy,No_Failure,No_Failure,19,Monday,8,Monsoon,False,True,Completed,2025-08-04 18:29:25,2025-08-04 18:23:31,0.0,7.1,Weather,False,0.0
28132,Vande Bharat 39,Vande Bharat,Long-Distance,NWR,10.106897,73.104991,BRC,ASN,BPL,SEC-NWR-984,TRK-3,170.44,130.7,Down,2025-08-04 19:14:00,2025-08-04 19:24:00,30.98,54.7,1399.7,16,2025-08-04 21:26:00,768.15,91.7,3.8,Stopped_at_Station,15,631.55,5.0,1.2,19.4,15.4,8.6,12.5,76.7,46.5,61895,15.8,81.1,8.02,2,22.18,5.9,1,0,15.1,BLK08,Line Block / Engineering Work,High,2025-08-04 19:39:00,168,Confirmed,Control_Office,17.9,0.7,59.7,15.8,5515.0,Clear,No_Impact,Good,21.81,4.2,0,0,Red,53.6,55.9,53.9,Good,5.52,1.1,Overdue,219,Healthy,No_Failure,No_Failure,21,Monday,8,Monsoon,False,False,Completed,2025-08-04 19:22:00,2025-08-04 19:14:30,0.0,4.2,Infrastructure,False,0.0
21640,Freight 4,Freight,Long-Distance,SR,9.611991,72.315838,ADI,AGC,BCT,SEC-SR-266,TRK-3,7.2,126.9,Up,2025-08-05 04:57:50,2025-08-05 05:02:50,15.74,159.7,517.8,3,2025-08-05 06:52:50,109.2,36.5,18.7,Running,0,408.6,10.2,6.3,0.2,8.1,16.0,18.3,63.1,159.9,37949,0.6,74.8,17.29,1,2.87,29.3,1,1,15.9,NON00,No Delay Reported,No_Impact,,0,Not_Applicable,Not_Applicable,32.6,1.8,49.8,12.0,4321.0,Cloudy,Moderate,Under_Repair,48.6,3.36,0,0,Green,100.0,50.0,67.4,Fair,4.35,96.0,Overdue,347,Healthy,No_Failure,No_Failure,6,Tuesday,8,Monsoon,False,False,In_Transit,2025-08-05 05:27:26,,674.9,10.9,No_Delay,True,8.0
79655,Vande Bharat 4,Vande Bharat,Freight,NR,23.743544,78.677794,TDL,GAYA,SBC,SEC-NR-550,TRK-2,140.42,115.3,Up,2025-08-05 12:27:08,2025-08-05 12:38:08,4.27,60.9,2045.7,11,2025-08-05 14:22:08,352.07,50.3,-1.5,Departed_Late,0,1693.63,10.9,-0.1,11.4,13.5,25.3,27.4,66.0,63.4,37729,3.1,67.3,27.99,2,46.29,22.3,0,1,9.7,BLK08,Line Block / Engineering Work,High,2025-08-05 13:30:08,156,Auto-Detected,ML_Inference,37.6,0.8,17.1,6.5,4466.0,Fog,No_Impact,Under_Repair,25.82,2.28,0,0,Yellow,39.5,48.7,53.5,Fair,5.3,39.3,Due_Soon,199,Healthy,No_Failure,No_Failure,14,Tuesday,8,Monsoon,False,False,Completed,2025-08-05 12:30:08,2025-08-05 12:25:14,0.0,4.5,Infrastructure,False,0.0
50111,Duronto 23,Duronto,Long-Distance,SECR,20.215992,75.382454,PUNE,NDLS,BRC,SEC-SECR-941,TRK-1,134.78,122.06,Down,2025-08-05 15:17:08,2025-08-05 15:33:08,30.75,177.3,1130.4,1,2025-08-05 15:54:08,346.71,71.2,-1.6,Slow_Running,0,783.69,20.8,19.5,8.7,21.6,16.5,20.0,77.6,174.9,64640,1.3,54.2,9.5,1,22.7,29.3,0,0,18.6,LCB05,Late Crew Boarding,Low,2025-08-05 14:01:08,72,Unconfirmed,Station_Master,31.1,0.0,73.2,3.6,9937.0,Heavy_Rain,No_Impact,Good,7.42,0.68,0,1,Auto,62.3,49.3,51.6,Good,4.41,84.4,Overdue,170,Offline,No_Failure,No_Failure,15,Tuesday,8,Monsoon,False,False,Completed,2025-08-05 15:06:14,2025-08-05 15:10:14,0.0,-9.3,Operational,False,0.0
70410,Garib Rath 7,Garib Rath,Regional,NCR,33.836512,89.759414,CNB,DHN,JHS,SEC-NCR-265,TRK-3,56.31,46.38,Up,2025-08-05 18:49:28,2025-08-05 18:54:28,8.63,84.7,2011.9,0,2025-08-05 20:14:28,140.46,106.2,16.5,Departed_Late,0,1871.44,15.0,13.7,8.2,14.7,0.0,13.3,69.2,86.3,52420,11.5,76.5,30.18,2,18.21,37.2,1,1,12.0,MEC06,Mechanical Failure,High,2025-08-05 19:03:28,162,Confirmed,ML_Inference,23.1,1.8,95.1,14.1,9669.0,Rain,Severe,Excellent,43.36,4.48,0,0,Yellow,80.6,49.6,51.8,Excellent,5.67,62.3,Up_to_Date,41,Healthy,No_Failure,No_Failure,20,Tuesday,8,Monsoon,False,True,Completed,2025-08-05 19:23:52,2025-08-05 19:25:34,0.0,17.9,Mechanical,True,9.3
33036,Freight 13,Freight,Suburban,SER,25.805021,95.564609,ALD,GAYA,KOTA,SEC-SER-940,TRK-2,108.25,100.45,Up,2025-08-06 11:23:44,2025-08-06 11:30:44,19.97,28.4,410.5,12,2025-08-06 12:30:44,67.46,57.8,-1.2,Running,0,343.04,18.4,26.4,4.2,24.0,12.4,9.9,74.0,29.2,38756,6.1,97.9,30.63,4,34.88,41.2,1,1,18.6,ANI09,Animal / Obstruction on Track,Medium,2025-08-06 12:21:44,153,Confirmed,IoT_Sensor,21.5,2.8,28.1,19.4,4165.0,Rain,Severe,Poor,43.42,0.0,30,0,Green,58.3,56.3,59.8,Excellent,5.75,97.8,Up_to_Date,180,Healthy,No_Failure,No_Failure,12,Wednesday,8,Monsoon,False,False,Completed,2025-08-06 11:37:50,2025-08-06 11:42:32,0.0,15.3,Traffic,True,11.9
78501,Superfast 46,Superfast,Regional,ECoR,26.502041,69.725593,KOTA,PNBE,BCT,SEC-ECoR-967,TRK-2,172.88,145.72,Down,2025-08-06 11:41:14,2025-08-06 11:47:14,25.73,95.8,1411.6,18,2025-08-06 14:00:14,1080.58,54.0,-0.3,Running,0,331.02,10.3,14.5,-5.0,17.5,12.3,15.6,77.0,96.1,66277,9.5,94.4,35.46,2,24.83,27.7,1,1,32.6,MEC06,Mechanical Failure,High,2025-08-06 13:57:14,11,Confirmed,Manual_Report,13.9,3.8,31.3,6.6,1928.0,Clear,No_Impact,Good,47.2,2.39,30,0,Double_Yellow,62.4,51.9,63.5,Good,4.2,78.1,Up_to_Date,131,Faulty,No_Failure,No_Failure,14,Wednesday,8,Monsoon,True,False,Completed,2025-08-06 11:39:20,2025-08-06 11:38:14,0.0,-1.6,Mechanical,False,0.0
82427,Passenger 17,Passenger,Premium,SER,32.275546,90.297169,PUNE,CNB,NDLS,SEC-SER-374,TRK-1,9.75,19.35,Down,2025-08-06 16:41:58,2025-08-06 16:55:58,31.56,121.1,2161.5,4,2025-08-06 18:31:58,1530.2,63.2,11.3,Halted_Signal,28,631.3,5.2,-0.5,-3.6,9.8,21.9,10.2,67.8,111.0,79848,-5.0,83.2,35.43,0,45.72,7.1,1,0,13.5,NON00,No Delay Reported,No_Impact,,0,Not_Applicable,Not_Applicable,42.0,4.3,61.1,30.0,6706.0,Cloudy,Severe,Excellent,34.36,4.88,30,0,Green,56.3,42.3,42.3,Good,4.03,21.9,Up_to_Date,154,Healthy,No_Failure,No_Failure,18,Wednesday,8,Monsoon,False,True,Completed,2025-08-06 16:56:46,2025-08-06 17:00:46,0.0,3.5,No_Delay,False,0.0
83797,MEMU 14,MEMU,Premium,NER,14.261091,72.393225,MGS,BPL,TDL,SEC-NER-169,TRK-1,126.32,65.97,Down,2025-08-06 21:14:19,2025-08-06 21:33:19,22.71,176.1,1041.4,13,2025-08-06 23:40:19,151.67,49.8,32.7,Departed_Late,0,889.73,3.4,3.3,7.7,14.2,14.9,17.9,99.0,184.6,26153,1.8,64.3,38.77,1,28.48,27.4,1,1,16.1,NON00,No Delay Reported,No_Impact,,0,Not_Applicable,Not_Applicable,27.9,0.0,38.7,9.2,7041.0,Fog,Low,Good,41.55,2.86,0,0,Green,51.5,20.0,46.8,Fair,5.17,88.5,Overdue,183,Healthy,No_Failure,No_Failure,23,Wednesday,8,Monsoon,False,False,Completed,2025-08-06 22:07:07,2025-08-06 22:00:37,0.0,20.1,No_Delay,True,12.4
21640,Express 41,Express,Long-Distance,SR,12.712083,83.647885,BZA,ASN,TDL,SEC-SR-541,TRK-3,128.54,98.97,Down,2025-08-07 15:32:46,2025-08-07 15:46:46,15.44,113.7,1999.0,1,2025-08-07 17:15:46,1601.51,90.5,18.1,Running,0,397.49,21.0,6.7,19.5,0.0,3.2,4.5,63.3,115.2,55303,2.5,85.9,1.08,1,27.59,29.9,1,0,10.3,NON00,No Delay Reported,No_Impact,,0,Not_Applicable,Not_Applicable,33.5,0.0,69.1,14.0,4026.0,Rain,Moderate,Excellent,39.64,2.32,0,0,Green,69.2,74.1,24.9,Needs_Inspection,4.48,16.6,Up_to_Date,276,Degraded,Axle_Fault,Minor,17,Thursday,8,Monsoon,False,True,Completed,2025-08-07 16:04:28,2025-08-07 16:10:04,0.0,13.6,No_Delay,True,9.6
39077,Shatabdi 27,Shatabdi,Regional,ECR,11.794714,92.92902,BZA,NDLS,MGS,SEC-ECR-726,TRK-2,37.87,60.18,Up,2025-08-07 22:07:24,2025-08-07 22:19:24,31.1,140.2,1040.4,10,2025-08-07 22:11:24,908.96,67.6,0.8,Departed_Late,0,131.44,29.9,7.3,13.1,19.9,0.4,1.2,54.6,139.1,67683,7.5,67.5,36.41,0,7.82,28.6,0,0,37.9,PSG07,Passenger Emergency,Medium,2025-08-07 20:56:24,57,Confirmed,ML_Inference,40.2,6.6,63.5,15.8,5553.0,Cloudy,No_Impact,Excellent,32.49,6.34,0,0,Green,55.4,46.9,24.5,Good,5.35,26.3,Up_to_Date,145,Healthy,No_Failure,No_Failure,22,Thursday,8,Monsoon,False,False,Completed,2025-08-07 22:28:48,2025-08-07 22:36:12,0.0,20.6,Operational,True,9.2
31280,Vande Bharat 17,Vande Bharat,Suburban,NER,18.772308,70.17583,ADI,RTM,ASN,SEC-NER-725,TRK-1,130.4,163.89,Up,2025-08-07 20:45:27,2025-08-07 21:01:27,31.57,66.8,1873.7,4,2025-08-07 23:25:27,1335.07,75.2,-2.9,Halted_Signal,25,538.63,12.0,12.7,-1.2,13.3,17.8,9.1,78.4,67.5,65605,9.5,85.2,39.36,2,41.12,3.9,0,0,37.2,BLK08,Line Block / Engineering Work,High,2025-08-07 22:36:27,41,Auto-Detected,Station_Master,20.6,0.0,74.8,20.4,3833.0,Clear,Low,Excellent,27.76,3.9,0,0,Green,61.1,37.1,56.7,Fair,5.69,88.3,Overdue,20,Healthy,No_Failure,No_Failure,23,Thursday,8,Monsoon,False,False,In_Transit,2025-08-07 21:11:21,,438.4,28.8,Infrastructure,True,19.2
90852,Duronto 17,Duronto,Suburban,NR,19.692211,86.692689,CSTM,BPL,ASN,SEC-NR-724,TRK-1,173.06,73.39,Down,2025-08-08 05:12:00,2025-08-08 05:18:00,5.45,9.7,661.3,18,2025-08-08 05:54:00,6.57,70.7,8.0,Halted_Signal,21,654.73,6.8,12.6,0.7,24.5,8.2,14.8,44.9,13.5,24941,6.3,49.3,27.04,3,15.8,33.1,1,0,24.2,NON00,No Delay Reported,No_Impact,,0,Not_Applicable,Not_Applicable,38.6,0.0,43.2,8.9,1152.0,Cloudy,No_Impact,Excellent,46.4,3.51,60,0,Green,70.4,52.7,40.7,Good,4.35,3.9,Up_to_Date,313,Offline,No_Failure,No_Failure,5,Friday,8,Monsoon,False,False,Completed,2025-08-08 05:19:54,2025-08-08 05:26:12,0.0,-0.1,No_Delay,False,0.0
20964,Passenger 13,Passenger,Regional,CR,28.849848,68.898223,RTM,TDL,JHS,SEC-CR-435,TRK-2,41.06,75.49,Down,2025-08-08 11:06:09,2025-08-08 11:13:09,30.42,104.7,584.3,6,2025-08-08 12:56:09,81.29,65.5,20.2,Stopped_at_Station,40,503.01,16.7,11.5,11.7,2.0,22.8,25.0,78.3,103.8,81488,15.4,70.8,22.44,4,11.07,39.8,0,0,26.2,WTH03,Adverse Weather,High,2025-08-08 11:08:09,64,Auto-Detected,IoT_Sensor,33.5,1.4,76.2,11.7,7335.0,Clear,Low,Fair,32.85,7.1,60,0,Yellow,100.0,42.3,53.2,Good,4.69,72.1,Up_to_Date,354,Degraded,No_Failure,No_Failure,12,Friday,8,Monsoon,False,False,Completed,2025-08-08 11:52:09,2025-08-08 11:46:09,0.0,25.8,Weather,True,11.1
81346,Duronto 8,Duronto,Regional,WR,29.320469,73.511718,CNB,RTM,TDL,SEC-WR-712,TRK-3,58.19,66.47,Down,2025-08-08 23:05:33,2025-08-08 23:18:33,11.8,51.2,1673.9,15,2025-08-08 23:11:33,991.1,74.7,16.0,Slow_Running,0,682.8,15.2,11.2,4.8,0.0,21.0,8.3,36.1,46.5,53989,6.5,53.9,39.21,4,24.02,32.4,0,0,42.9,WTH03,Adverse Weather,High,2025-08-08 22:45:33,175,Confirmed,Station_Master,15.4,1.9,29.7,19.9,20.0,Clear,Low,Poor,23.14,3.26,0,1,Auto,60.0,37.6,47.3,Excellent,6.17,25.8,Due_Soon,226,Healthy,No_Failure,No_Failure,23,Friday,8,Monsoon,False,False,Completed,2025-08-08 23:39:21,2025-08-08 23:43:21,0.0,17.8,Weather,True,11.1
66724,Superfast 21,Superfast,Freight,WCR,8.711678,89.124833,DHN,NGP,PNBE,SEC-WCR-898,TRK-3,60.14,35.06,Up,2025-08-09 06:34:17,2025-08-09 06:43:17,21.34,126.4,232.7,0,2025-08-09 07:22:17,185.21,64.9,13.3,Running,0,47.49,12.4,19.4,23.9,10.2,8.1,12.5,64.2,119.9,91423,13.2,66.4,30.68,4,6.53,21.5,1,1,48.0,MEC06,Mechanical Failure,High,2025-08-09 07:00:17,6,Confirmed,ML_Inference,29.8,2.0,60.7,8.6,4326.0,Clear,Moderate,Fair,28.58,5.42,0,0,Green,93.2,88.6,30.8,Fair,4.4,3.4,Due_Soon,12,Healthy,Brake_Wear,Minor,7,Saturday,8,Monsoon,True,True,Completed,2025-08-09 07:03:11,2025-08-09 07:02:05,0.0,15.6,Mechanical,True,13.5
96515,Freight 13,Freight,Suburban,WCR,10.248749,74.105176,SC,GWL,BPL,SEC-WCR-957,TRK-2,45.02,142.66,Up,2025-08-09 12:12:29,2025-08-09 12:18:29,27.77,135.1,1671.5,14,2025-08-09 12:27:29,1060.2,106.0,7.4,Running,0,611.3,28.9,-4.4,15.2,24.7,17.0,6.9,60.8,130.6,32146,14.6,81.3,30.83,0,35.14,39.0,1,0,54.3,NON00,No Delay Reported,No_Impact,,0,Not_Applicable,Not_Applicable,22.6,3.3,76.6,17.4,6760.0,Clear,No_Impact,Good,40.2,0.0,60,0,Green,58.9,55.4,46.2,Good,5.96,49.1,In_Progress,267,Degraded,No_Failure,No_Failure,12,Saturday,8,Monsoon,True,False,Completed,2025-08-09 12:24:11,2025-08-09 12:18:29,0.0,4.3,No_Delay,False,0.0
23359,MEMU 36,MEMU,Regional,NER,25.201192,89.144263,VAPI,BCT,CSTM,SEC-NER-178,TRK-2,136.28,164.49,Down,2025-08-09 12:26:19,2025-08-09 12:32:19,11.9,128.1,1135.6,1,2025-08-09 13:24:19,485.64,38.1,27.6,Running,0,649.96,27.9,23.6,16.2,6.5,12.7,0.8,42.7,120.1,68848,14.0,35.8,28.93,2,44.68,6.2,1,1,29.1,NON00,No Delay Reported,No_Impact,,0,Not_Applicable,Not_Applicable,8.9,0.0,71.2,15.4,471.0,Clear,Low,Fair,40.92,2.59,0,0,Green,85.1,42.6,37.1,Fair,3.69,15.3,Due_Soon,142,Healthy,No_Failure,No_Failure,13,Saturday,8,Monsoon,True,False,Completed,2025-08-09 12:57:19,2025-08-09 12:51:19,0.0,3.4,No_Delay,False,0.0
81569,Duronto 10,Duronto,Long-Distance,NR,10.38863,70.540238,LKO,CSTM,VAPI,SEC-NR-998,TRK-1,68.57,57.83,Down,2025-08-09 13:02:25,2025-08-09 13:17:25,11.8,64.6,1967.6,16,2025-08-09 15:29:25,1612.79,48.4,28.5,Running,0,354.81,16.2,16.1,8.9,21.8,12.7,0.7,69.0,69.3,86354,20.5,52.0,34.23,0,28.78,30.2,1,1,24.8,SIG01,Signal Failure,High,2025-08-09 15:28:25,33,Confirmed,Control_Office,22.5,11.2,52.0,14.0,1384.0,Fog,Low,Excellent,27.17,4.97,0,1,Yellow,88.2,28.3,34.0,Needs_Inspection,5.55,68.2,Up_to_Date,352,Healthy,No_Failure,No_Failure,15,Saturday,8,Monsoon,True,False,In_Transit,2025-08-09 14:01:19,,449.0,30.4,No_Delay,True,17.0
38411,Express 16,Express,Long-Distance,WR,23.889901,95.289504,RTM,KOTA,SBC,SEC-WR-528,TRK-1,163.89,80.46,Down,2025-08-09 18:33:58,2025-08-09 18:46:58,34.23,112.8,1290.3,18,2025-08-09 20:16:58,850.31,79.3,36.3,Running,0,439.99,7.3,8.6,7.1,24.1,0.0,9.6,68.1,116.2,76441,21.6,58.4,1.04,1,43.39,22.1,0,1,25.5,NON00,No Delay Reported,No_Impact,,0,Not_Applicable,Not_Applicable,36.7,5.1,15.7,29.4,3177.0,Clear,Low,Fair,59.8,5.98,60,0,Green,65.9,36.5,45.1,Good,5.45,87.1,Up_to_Date,171,Healthy,No_Failure,No_Failure,20,Saturday,8,Monsoon,True,True,Completed,2025-08-09 19:26:52,2025-08-09 19:27:10,0.0,16.6,No_Delay,True,8.1
27838,Superfast 45,Superfast,Long-Distance,NR,9.058461,68.806481,SC,RTM,JHS,SEC-NR-935,TRK-2,99.59,167.46,Down,2025-08-09 23:35:54,2025-08-09 23:48:54,31.4,150.6,490.6,3,2025-08-10 00:47:54,309.13,111.1,10.9,Running,0,181.47,-5.0,6.1,0.6,22.3,0.2,6.7,65.7,166.5,10321,5.4,73.9,30.68,2,9.11,16.8,0,1,26.9,TRK02,Track Maintenance,Medium,2025-08-09 22:57:54,134,Confirmed,Station_Master,34.9,9.6,65.2,18.2,6467.0,Haze,Low,Poor,36.64,2.53,30,0,Auto,39.4,74.2,38.7,Needs_Inspection,4.77,76.3,Up_to_Date,248,Healthy,Door_Malfunction,Minor,0,Sunday,8,Monsoon,True,False,Completed,2025-08-09 23:53:48,2025-08-09 23:56:36,0.0,7.0,Infrastructure,False,0.0
64540,MEMU 18,MEMU,Long-Distance,SCR,21.206925,83.708168,SBC,PNBE,BCT,SEC-SCR-807,TRK-3,70.81,61.61,Down,2025-08-10 09:54:55,2025-08-10 10:11:55,9.03,46.1,1873.3,1,2025-08-10 10:34:55,1354.31,93.4,25.5,Slow_Running,0,518.99,29.4,-0.1,16.0,13.9,13.5,9.9,93.2,44.5,85974,-1.5,67.4,24.41,0,31.02,23.8,0,1,37.6,MEC06,Mechanical Failure,High,2025-08-10 10:31:55,42,Confirmed,IoT_Sensor,23.7,1.3,51.3,27.9,5399.0,Cloudy,No_Impact,Fair,27.36,5.04,60,0,Green,56.3,68.4,71.2,Excellent,3.99,5.3,In_Progress,244,Offline,No_Failure,No_Failure,10,Sunday,8,Monsoon,True,False,In_Transit,2025-08-10 10:31:55,,336.8,11.5,Mechanical,True,8.5
17278,Superfast 42,Superfast,Long-Distance,SER,8.187762,76.947043,NGP,CNB,ALD,SEC-SER-510,TRK-3,79.83,138.61,Up,2025-08-10 12:43:30,2025-08-10 12:59:30,27.83,127.1,1726.2,12,2025-08-10 14:21:30,1469.08,71.7,-1.6,Running,0,257.12,12.9,8.0,8.3,20.9,18.1,13.5,71.6,123.7,62288,37.6,64.3,19.96,2,1.39,39.7,1,0,26.4,PSG07,Passenger Emergency,Medium,2025-08-10 13:34:30,88,Unconfirmed,Station_Master,28.9,1.7,49.1,1.7,3908.0,Cloudy,No_Impact,Good,25.51,6.33,100,0,Green,73.8,43.1,20.0,Critical,5.08,46.2,Overdue,91,Healthy,No_Failure,No_Failure,14,Sunday,8,Monsoon,True,False,In_Transit,2025-08-10 12:46:00,,216.4,4.1,Operational,False,0.0
12914,Duronto 14,Duronto,Regional,NFR,33.445989,77.588608,CSTM,BRC,ASN,SEC-NFR-726,TRK-1,157.31,160.48,Up,2025-08-10 13:03:58,2025-08-10 13:08:58,32.69,103.8,2063.3,12,2025-08-10 15:44:58,1158.25,36.7,1.8,Running,0,905.05,9.6,16.4,9.6,9.1,25.5,15.6,91.3,100.6,37219,4.2,106.0,12.97,3,19.56,29.5,1,1,25.7,NON00,No Delay Reported,No_Impact,,0,Not_Applicable,Not_Applicable,14.8,12.5,32.9,0.0,270.0,Cloudy,No_Impact,Good,28.14,5.42,60,1,Green,52.0,55.4,30.7,Fair,5.67,69.0,Due_Soon,77,Offline,No_Failure,No_Failure,15,Sunday,8,Monsoon,True,False,In_Transit,2025-08-10 13:14:40,,1482.3,8.9,No_Delay,False,0.0
59005,Passenger 1,Passenger,Long-Distance,NCR,17.248612,72.399706,BRC,ALD,KOTA,SEC-NCR-917,TRK-2,74.0,90.83,Up,2025-08-10 23:32:16,2025-08-10 23:42:16,21.09,66.4,1720.8,3,2025-08-10 23:26:16,617.87,94.2,0.2,Running,0,1102.93,11.4,4.8,9.2,23.4,5.0,22.8,94.5,68.1,92763,8.1,54.2,4.26,4,18.58,41.0,1,1,58.4,MEC06,Mechanical Failure,High,2025-08-10 21:29:16,109,Auto-Detected,Control_Office,30.1,16.0,23.2,13.6,10000.0,Rain,Severe,Fair,40.69,2.98,0,0,Green,76.7,61.6,51.5,Excellent,3.68,35.7,In_Progress,344,Healthy,Bearing_Overheat,Critical,23,Sunday,8,Monsoon,True,False,In_Transit,2025-08-10 23:45:28,,706.4,13.0,Mechanical,True,8.4
18139,Mail 42,Mail,Freight,NCR,22.442048,79.961819,ADI,BCT,SBC,SEC-NCR-469,TRK-2,96.36,2.54,Down,2025-08-10 22:04:50,2025-08-10 22:22:50,21.86,117.4,727.3,5,2025-08-11 00:00:50,397.84,92.8,11.1,Running,0,329.46,18.1,27.9,16.7,17.3,24.4,10.6,63.5,126.7,68519,-5.0,50.9,15.58,1,25.75,43.5,1,1,6.4,MEC06,Mechanical Failure,High,2025-08-10 22:14:50,45,Auto-Detected,Control_Office,43.8,4.5,55.8,21.0,6326.0,Clear,No_Impact,Excellent,32.31,1.51,75,1,Yellow,49.0,72.8,72.5,Needs_Inspection,4.78,93.6,Up_to_Date,270,Degraded,No_Failure,No_Failure,0,Monday,8,Monsoon,False,False,Completed,2025-08-10 22:14:02,2025-08-10 22:16:20,0.0,-1.9,Mechanical,False,0.0
78956,DEMU 6,DEMU,Long-Distance,WR,25.463608,85.987427,BCT,GWL,CNB,SEC-WR-433,TRK-1,3.25,107.88,Down,2025-08-10 21:39:39,2025-08-10 21:49:39,7.69,81.9,874.1,0,2025-08-11 00:25:39,714.94,56.9,3.5,Stopped_at_Station,40,159.16,-5.0,14.4,10.2,17.5,8.1,15.7,37.7,70.9,76390,14.3,76.8,28.18,5,34.69,7.8,1,0,19.5,CNG04,Traffic Congestion,Medium,2025-08-10 23:02:39,151,Unconfirmed,Station_Master,34.1,9.2,48.2,22.8,6362.0,Rain,No_Impact,Good,24.07,7.29,0,1,Green,53.4,35.2,52.3,Excellent,4.66,29.9,Up_to_Date,228,Degraded,No_Failure,No_Failure,0,Monday,8,Monsoon,False,False,Completed,2025-08-10 21:55:15,2025-08-10 21:51:39,0.0,12.1,Traffic,True,7.2
63643,Express 34,Express,Regional,SCR,15.983289,87.268033,GWL,CNB,NGP,SEC-SCR-316,TRK-2,58.85,112.43,Down,2025-08-11 02:50:08,2025-08-11 02:53:08,8.45,127.8,807.5,13,2025-08-11 04:00:08,317.79,70.5,3.9,Halted_Signal,23,489.71,14.4,-0.6,10.2,8.5,12.5,5.1,66.2,128.1,51042,21.6,34.2,3.71,0,9.56,36.5,1,0,5.3,CNG04,Traffic Congestion,Medium,2025-08-11 03:13:08,125,Unconfirmed,Station_Master,27.2,0.7,41.1,0.9,7803.0,Clear,Low,Good,30.92,3.12,100,1,Green,77.4,27.1,38.0,Good,5.7,12.9,Overdue,187,Healthy,No_Failure,No_Failure,4,Monday,8,Monsoon,False,False,In_Transit,2025-08-11 02:55:44,,417.3,1.7,Traffic,False,0.0
43873,Rajdhani 24,Rajdhani,Long-Distance,NWR,30.933944,79.540698,ALD,BCT,SBC,SEC-NWR-438,TRK-1,45.92,25.13,Up,2025-08-11 13:33:59,2025-08-11 13:37:59,26.93,24.2,1761.8,5,2025-08-11 14:10:59,10.21,95.3,27.6,Stopped_at_Station,7,1751.59,18.6,-4.4,10.1,0.0,8.9,18.3,61.7,30.9,61601,-0.6,54.8,27.62,1,29.44,30.3,1,1,26.6,SIG01,Signal Failure,High,2025-08-11 13:05:59,159,Confirmed,Manual_Report,22.2,0.6,79.3,0.0,2950.0,Rain,Low,Fair,41.65,6.19,0,0,Auto,53.9,50.5,68.7,Good,4.98,83.7,In_Progress,138,Healthy,No_Failure,No_Failure,14,Monday,8,Monsoon,False,False,Completed,2025-08-11 14:25:05,2025-08-11 14:25:11,0.0,23.5,No_Delay,True,16.1
93810,Vande Bharat 33,Vande Bharat,Long-Distance,SER,21.645903,83.977401,VAPI,BPL,BZA,SEC-SER-650,TRK-1,60.35,129.75,Up,2025-08-11 22:50:40,2025-08-11 22:52:40,24.53,62.7,1440.7,7,2025-08-11 23:18:40,449.99,84.2,7.0,Slow_Running,0,990.71,-2.1,19.6,8.8,24.3,1.3,13.8,52.7,57.9,33794,-3.7,80.4,3.47,0,16.48,28.5,1,1,46.1,TRK02,Track Maintenance,Medium,2025-08-11 22:14:40,122,Confirmed,Station_Master,33.5,2.0,67.4,2.6,3109.0,Storm,No_Impact,Excellent,35.64,4.45,0,1,Green,90.5,67.4,48.9,Fair,3.72,79.8,Overdue,93,Healthy,No_Failure,No_Failure,23,Monday,8,Monsoon,False,False,Completed,2025-08-11 23:06:58,2025-08-11 23:08:52,0.0,9.3,Infrastructure,False,0.0
99698,Garib Rath 36,Garib Rath,Premium,SCR,9.031137,81.941279,LKO,BPL,NDLS,SEC-SCR-102,TRK-1,84.6,170.85,Down,2025-08-12 12:32:14,2025-08-12 12:43:14,11.23,18.1,200.5,1,2025-08-12 13:32:14,129.17,83.1,-2.6,Running,0,71.33,32.5,1.8,17.0,27.9,11.5,19.1,65.4,11.3,61571,15.5,52.3,3.08,3,36.81,44.3,0,1,27.8,NON00,No Delay Reported,No_Impact,,0,Not_Applicable,Not_Applicable,26.7,0.0,28.3,19.8,2224.0,Haze,Low,Fair,24.81,1.62,0,0,Red,52.1,43.0,65.1,Good,4.58,97.2,Up_to_Date,80,Healthy,Brake_Wear,Minor,13,Tuesday,8,Monsoon,False,False,Completed,2025-08-12 12:27:44,2025-08-12 12:30:26,0.0,-1.9,No_Delay,False,0.0
59936,Express 8,Express,Long-Distance,ECR,13.910457,94.730327,ALD,PUNE,MAS,SEC-ECR-230,TRK-2,171.16,93.7,Up,2025-08-12 17:18:32,2025-08-12 17:21:32,6.15,9.6,1971.5,3,2025-08-12 17:24:32,1284.33,36.5,4.5,Halted_Signal,22,687.17,24.2,18.0,-1.3,10.4,11.0,14.6,51.4,10.2,18519,24.5,24.4,10.69,3,48.53,29.6,1,1,27.6,WTH03,Adverse Weather,High,2025-08-12 16:54:32,55,Confirmed,IoT_Sensor,12.2,2.8,21.7,13.7,4964.0,Cloudy,Moderate,Good,34.77,4.57,75,0,Double_Yellow,85.9,78.2,72.0,Excellent,5.48,44.0,Up_to_Date,87,Degraded,Brake_Wear,Moderate,17,Tuesday,8,Monsoon,False,True,In_Transit,2025-08-12 17:32:20,,1132.4,9.3,Weather,False,0.0
13942,Freight 18,Freight,Regional,WCR,21.131672,92.71523,CSTM,BCT,VAPI,SEC-WCR-793,TRK-3,27.92,5.66,Down,2025-08-12 17:21:59,2025-08-12 17:31:59,15.62,28.4,1498.6,15,2025-08-12 20:20:59,129.08,55.3,10.1,Stopped_at_Station,24,1369.52,6.3,21.5,14.1,18.1,13.2,6.8,65.7,32.7,64046,26.9,73.9,26.24,2,8.56,44.4,1,1,22.6,SIG01,Signal Failure,High,2025-08-12 19:37:59,145,Unconfirmed,ML_Inference,30.8,1.7,53.5,11.4,7669.0,Cloudy,Moderate,Excellent,28.21,2.44,0,0,Green,78.2,75.3,43.9,Good,4.82,63.1,In_Progress,318,Degraded,Axle_Fault,Minor,20,Tuesday,8,Monsoon,False,True,Completed,2025-08-12 17:53:59,2025-08-12 17:47:23,0.0,21.9,No_Delay,True,16.4
97242,Duronto 16,Duronto,Regional,SECR,21.130521,93.93572,BPL,BCT,CNB,SEC-SECR-603,TRK-1,99.38,20.83,Up,2025-08-13 03:59:55,2025-08-13 04:01:55,33.67,39.9,1887.1,9,2025-08-13 04:13:55,1500.82,53.7,25.8,Departed_Late,0,386.28,0.8,14.3,9.2,10.3,18.6,11.2,57.3,54.1,67811,18.7,55.1,6.7,0,38.49,12.9,1,1,38.0,SIG01,Signal Failure,High,2025-08-13 02:33:55,55,Confirmed,Station_Master,21.8,1.7,43.5,17.6,1533.0,Clear,No_Impact,Good,46.96,3.2,45,0,Double_Yellow,67.5,57.9,77.0,Fair,5.14,8.7,Up_to_Date,200,Degraded,No_Failure,No_Failure,4,Wednesday,8,Monsoon,False,False,Completed,2025-08-13 04:47:13,2025-08-13 04:46:49,0.0,21.5,No_Delay,True,16.5
66961,Mail 14,Mail,Long-Distance,SWR,19.051901,71.559927,TDL,PUNE,CNB,SEC-SWR-823,TRK-3,21.14,142.72,Down,2025-08-13 05:55:04,2025-08-13 06:01:04,16.73,154.5,810.6,14,2025-08-13 06:12:04,744.04,68.1,17.4,Running,0,66.56,22.0,-3.1,7.6,23.3,0.0,17.8,65.6,156.0,17502,18.6,52.0,14.15,5,6.13,19.0,1,1,42.2,BLK08,Line Block / Engineering Work,High,2025-08-13 06:00:04,46,Confirmed,Manual_Report,40.1,0.7,42.0,13.6,8923.0,Heavy_Rain,Moderate,Fair,33.28,3.85,75,0,Yellow,81.8,31.0,54.8,Excellent,4.71,26.4,Up_to_Date,222,Healthy,No_Failure,No_Failure,6,Wednesday,8,Monsoon,False,False,Completed,2025-08-13 06:33:28,2025-08-13 06:31:04,0.0,21.0,Infrastructure,True,17.7
37895,Passenger 14,Passenger,Long-Distance,SER,8.694339,70.42717,MGS,BRC,CNB,SEC-SER-818,TRK-3,18.06,128.36,Down,2025-08-13 19:24:58,2025-08-13 19:28:58,3.21,81.5,1927.2,5,2025-08-13 20:25:58,252.27,65.6,3.6,Running,0,1674.93,9.8,7.3,-4.0,4.5,16.5,21.0,74.8,84.0,77653,-4.9,51.8,22.01,2,14.26,14.9,1,1,15.5,NON00,No Delay Reported,No_Impact,,0,Not_Applicable,Not_Applicable,29.4,2.0,74.6,7.3,10000.0,Cloudy,No_Impact,Poor,28.33,2.28,0,0,Red,69.9,58.1,52.1,Good,6.1,92.2,Overdue,82,Healthy,Axle_Fault,Moderate,20,Wednesday,8,Monsoon,False,True,In_Transit,2025-08-13 19:30:16,,1532.5,1.7,No_Delay,False,0.0
31469,Shatabdi 5,Shatabdi,Suburban,NFR,18.360456,72.071791,NGP,GWL,MAS,SEC-NFR-266,TRK-3,131.39,134.17,Down,2025-08-14 09:24:50,2025-08-14 09:37:50,26.91,24.2,1631.8,16,2025-08-14 10:15:50,213.88,82.2,3.2,Running,0,1417.92,15.1,10.9,17.4,15.2,18.0,23.4,94.8,26.5,85612,-5.0,29.7,38.77,1,15.43,30.5,0,1,39.8,NON00,No Delay Reported,No_Impact,,0,Not_Applicable,Not_Applicable,19.2,0.0,26.5,12.7,6666.0,Clear,No_Impact,Good,23.28,4.91,30,0,Green,56.3,46.9,43.7,Excellent,4.65,44.2,Up_to_Date,62,Healthy,No_Failure,No_Failure,10,Thursday,8,Monsoon,False,False,Completed,2025-08-14 09:41:50,2025-08-14 09:42:20,0.0,13.8,No_Delay,True,6.4
55753,Shatabdi 30,Shatabdi,Regional,SR,31.292675,71.624607,DHN,PNBE,HWH,SEC-SR-330,TRK-2,141.89,56.94,Down,2025-08-14 13:13:06,2025-08-14 13:17:06,19.24,18.0,1762.9,2,2025-08-14 15:05:06,1656.66,80.1,72.3,Running,0,106.24,19.1,6.8,2.7,15.4,10.7,5.1,82.5,11.6,51563,9.2,43.7,35.72,2,23.74,34.4,1,1,8.1,NON00,No Delay Reported,No_Impact,,0,Not_Applicable,Not_Applicable,44.2,3.3,92.2,6.3,3785.0,Clear,Low,Excellent,51.24,3.69,0,0,Double_Yellow,84.7,46.2,32.8,Good,6.59,42.0,Up_to_Date,199,Degraded,No_Failure,No_Failure,15,Thursday,8,Monsoon,False,False,Completed,2025-08-14 14:53:24,2025-08-14 14:43:24,0.0,28.0,No_Delay,True,23.2
85010,Duronto 23,Duronto,Long-Distance,SWR,28.988616,91.032142,NGP,JP,BZA,SEC-SWR-740,TRK-3,66.19,42.13,Down,2025-08-14 17:11:20,2025-08-14 17:25:20,16.25,26.6,1225.2,14,2025-08-14 18:05:20,442.82,105.6,2.1,Stopped_at_Station,23,782.38,-0.0,13.4,29.7,8.7,10.6,21.1,73.9,41.1,99776,-3.9,63.5,7.88,5,34.28,27.0,0,1,31.5,BLK08,Line Block / Engineering Work,High,2025-08-14 16:45:20,159,Confirmed,IoT_Sensor,34.4,2.4,84.1,31.6,5724.0,Clear,No_Impact,Good,36.71,8.16,100,0,Green,60.5,54.3,33.0,Good,5.24,21.5,Up_to_Date,150,Faulty,HVAC_Failure,Minor,18,Thursday,8,Monsoon,False,True,Completed,2025-08-14 17:08:50,2025-08-14 17:07:44,0.0,-4.6,Infrastructure,False,0.0
63723,MEMU 41,MEMU,Freight,SR,34.257945,83.547426,ADI,RTM,JP,SEC-SR-435,TRK-1,86.5,123.1,Up,2025-08-14 23:58:18,2025-08-15 00:12:18,33.11,175.5,1612.1,10,2025-08-15 01:00:18,1019.44,92.7,31.8,Stopped_at_Station,11,592.66,10.6,5.1,30.4,13.6,8.6,2.7,52.9,185.1,60184,1.7,73.9,29.8,1,36.9,44.2,1,0,7.0,SIG01,Signal Failure,High,2025-08-15 00:01:18,128,Confirmed,Manual_Report,15.1,9.5,89.6,8.7,1097.0,Rain,No_Impact,Fair,28.48,2.15,60,0,Double_Yellow,65.3,26.4,64.5,Fair,4.7,56.9,In_Progress,246,Degraded,Brake_Wear,Minor,1,Friday,8,Monsoon,False,False,Completed,2025-08-15 00:43:12,2025-08-15 00:31:48,0.0,13.1,No_Delay,True,6.9
84285,Superfast 27,Superfast,Long-Distance,ECoR,12.068325,95.728393,ADI,BPL,KOTA,SEC-ECoR-625,TRK-2,16.68,63.88,Up,2025-08-15 08:13:21,2025-08-15 08:19:21,8.2,158.5,1150.6,3,2025-08-15 09:22:21,234.59,72.3,36.5,Running,0,916.01,-5.0,10.8,22.0,23.8,5.1,6.8,71.8,171.4,71327,-0.9,107.5,39.33,3,28.77,24.3,1,0,16.5,WTH03,Adverse Weather,High,2025-08-15 08:22:21,67,Confirmed,IoT_Sensor,24.5,7.2,41.9,13.2,9824.0,Fog,Low,Under_Repair,27.63,1.94,45,0,Green,33.4,48.4,51.2,Good,5.48,49.6,Overdue,42,Healthy,No_Failure,No_Failure,9,Friday,8,Monsoon,False,True,Completed,2025-08-15 09:15:15,2025-08-15 09:20:57,0.0,25.4,Weather,True,19.2
30107,Express 48,Express,Freight,NER,23.506417,87.294817,ADI,ASN,ST,SEC-NER-693,TRK-3,153.87,12.67,Up,2025-08-15 22:43:22,2025-08-15 22:46:22,9.82,84.8,713.4,1,2025-08-15 22:36:22,63.83,62.4,3.5,Stopped_at_Station,8,649.57,14.7,26.7,8.0,38.2,8.1,0.0,70.6,89.1,46310,-5.0,36.2,25.22,5,46.89,6.7,1,0,59.5,TRK02,Track Maintenance,Medium,2025-08-15 22:01:22,77,Confirmed,IoT_Sensor,16.5,5.6,84.1,26.3,7929.0,Haze,No_Impact,Fair,24.97,1.81,75,0,Green,63.6,52.4,52.0,Needs_Inspection,6.23,68.5,Up_to_Date,149,Healthy,No_Failure,No_Failure,22,Friday,8,Monsoon,False,False,Completed,2025-08-15 22:58:52,2025-08-15 23:03:58,0.0,12.0,Infrastructure,True,10.2
13811,MEMU 40,MEMU,Regional,CR,29.472721,76.722039,CNB,RTM,GAYA,SEC-CR-689,TRK-3,119.87,29.2,Up,2025-08-15 20:31:05,2025-08-15 20:38:05,17.59,56.2,879.8,11,2025-08-15 22:46:05,671.77,94.8,3.0,Halted_Signal,14,208.03,22.2,11.2,-3.0,19.0,6.6,14.2,75.7,42.8,30732,10.0,20.6,38.96,3,44.51,31.8,0,1,17.1,TRK02,Track Maintenance,Medium,2025-08-15 22:17:05,34,Confirmed,Station_Master,13.1,4.1,42.6,14.9,2599.0,Haze,Low,Good,46.72,5.81,60,0,Green,92.7,61.1,39.5,Excellent,5.42,89.1,Up_to_Date,119,Healthy,No_Failure,No_Failure,22,Friday,8,Monsoon,False,False,Completed,2025-08-15 20:28:29,2025-08-15 20:26:17,0.0,-5.6,Infrastructure,False,0.0
38171,Garib Rath 21,Garib Rath,Long-Distance,WCR,16.203652,93.263229,SC,BPL,MGS,SEC-WCR-514,TRK-1,113.09,8.68,Down,2025-08-16 14:49:27,2025-08-16 15:02:27,31.88,8.7,1300.3,17,2025-08-16 15:57:27,465.39,62.7,6.2,Running,0,834.91,16.0,5.1,3.2,0.7,2.6,29.4,98.7,9.7,19121,3.2,98.8,18.85,0,9.42,23.5,1,1,30.3,SIG01,Signal Failure,High,2025-08-16 14:02:27,20,Confirmed,ML_Inference,16.6,0.0,49.9,17.7,9184.0,Cloudy,Severe,Good,34.44,5.26,30,0,Green,61.9,54.2,65.6,Excellent,5.05,94.3,In_Progress,325,Healthy,Bearing_Overheat,Minor,15,Saturday,8,Monsoon,True,False,Completed,2025-08-16 15:00:09,2025-08-16 15:05:09,0.0,4.5,No_Delay,False,0.0
59211,Passenger 4,Passenger,Long-Distance,NER,33.01986,71.400401,SBC,BZA,SC,SEC-NER-644,TRK-2,13.43,143.36,Down,2025-08-16 18:13:00,2025-08-16 18:23:00,14.39,47.8,962.6,8,2025-08-16 19:34:00,264.48,80.9,28.2,Slow_Running,0,698.12,9.4,2.8,15.4,6.8,13.2,5.8,95.9,38.5,70986,22.1,54.2,30.11,0,4.49,17.4,1,1,35.1,NON00,No Delay Reported,No_Impact,,0,Not_Applicable,Not_Applicable,34.2,0.0,60.5,5.2,3415.0,Clear,No_Impact,Excellent,24.86,3.07,100,0,Green,63.8,55.6,67.4,Fair,3.45,63.5,Due_Soon,250,Faulty,No_Failure,No_Failure,19,Saturday,8,Monsoon,True,True,In_Transit,2025-08-16 18:47:18,,519.6,6.1,No_Delay,False,0.0
75496,Mail 47,Mail,Regional,ECR,34.294551,85.938997,HWH,ADI,BPL,SEC-ECR-382,TRK-1,26.01,2.49,Up,2025-08-16 19:11:59,2025-08-16 19:21:59,18.53,22.9,1385.5,18,2025-08-16 20:21:59,702.77,78.8,35.6,Running,0,682.73,7.0,5.2,3.8,13.2,12.9,28.1,68.6,25.0,48603,23.6,80.4,21.42,2,28.85,7.5,1,1,34.9,WTH03,Adverse Weather,High,2025-08-16 20:04:59,2,Confirmed,IoT_Sensor,15.0,2.6,91.5,18.2,6143.0,Storm,No_Impact,Excellent,34.63,1.0,0,1,Yellow,82.9,40.2,57.2,Fair,5.13,91.3,Up_to_Date,56,Healthy,No_Failure,No_Failure,20,Saturday,8,Monsoon,True,True,Completed,2025-08-16 20:03:11,2025-08-16 20:00:59,0.0,15.6,Weather,True,8.2
20698,Garib Rath 25,Garib Rath,Regional,ER,22.470433,75.869811,CNB,GWL,ST,SEC-ER-281,TRK-1,106.38,114.07,Down,2025-08-16 21:13:39,2025-08-16 21:20:39,2.73,127.1,1922.7,10,2025-08-16 23:05:39,1626.47,60.9,23.4,Stopped_at_Station,39,296.23,17.0,11.0,10.5,27.1,9.9,12.7,57.3,121.3,52059,10.9,132.1,20.19,0,22.84,15.9,1,1,13.4,TRK02,Track Maintenance,Medium,2025-08-16 22:02:39,111,Confirmed,IoT_Sensor,15.3,8.1,48.6,9.7,8148.0,Clear,No_Impact,Good,31.31,5.79,75,0,Red,68.5,85.2,54.1,Needs_Inspection,5.01,32.6,Up_to_Date,93,Healthy,No_Failure,No_Failure,23,Saturday,8,Monsoon,True,False,In_Transit,2025-08-16 21:43:39,,293.8,6.6,Infrastructure,False,0.0
49088,Superfast 35,Superfast,Freight,SECR,12.932677,85.054833,MGS,KOTA,BCT,SEC-SECR-689,TRK-3,63.2,154.52,Up,2025-08-16 21:47:06,2025-08-16 21:53:06,10.74,65.3,226.0,4,2025-08-17 00:15:06,19.83,19.3,21.4,Running,0,206.17,19.8,1.7,17.2,0.9,8.6,1.7,88.7,66.6,80907,19.3,73.8,13.39,4,5.55,7.3,1,1,34.1,CNG04,Traffic Congestion,Medium,2025-08-16 22:24:06,81,Confirmed,Control_Office,34.5,5.0,71.5,16.3,10000.0,Clear,No_Impact,Poor,17.9,2.67,60,0,Yellow,77.6,52.3,39.2,Good,5.61,14.2,Up_to_Date,83,Healthy,No_Failure,No_Failure,0,Sunday,8,Monsoon,True,False,Completed,2025-08-16 22:44:18,2025-08-16 22:47:36,0.0,35.8,Traffic,True,23.5
40842,MEMU 23,MEMU,Freight,NR,33.959975,68.696023,NGP,BCT,PNBE,SEC-NR-207,TRK-2,72.61,47.07,Up,2025-08-17 09:02:55,2025-08-17 09:06:55,7.99,139.7,1571.2,18,2025-08-17 10:02:55,1155.54,68.5,0.0,Stopped_at_Station,24,415.66,21.8,11.1,0.1,19.7,11.5,6.3,64.9,125.4,35995,15.5,64.3,31.25,2,36.67,20.1,1,1,17.5,NON00,No Delay Reported,No_Impact,,0,Not_Applicable,Not_Applicable,17.1,0.4,26.3,3.8,7325.0,Storm,Low,Good,32.41,5.47,0,0,Green,93.9,39.6,46.7,Needs_Inspection,5.5,20.7,Up_to_Date,298,Healthy,No_Failure,No_Failure,10,Sunday,8,Monsoon,True,False,Completed,2025-08-17 09:08:49,2025-08-17 09:08:43,0.0,5.9,No_Delay,False,0.0
85417,Garib Rath 8,Garib Rath,Long-Distance,WCR,14.820771,75.279125,PUNE,ASN,SC,SEC-WCR-253,TRK-2,147.35,79.44,Down,2025-08-17 15:15:03,2025-08-17 15:34:03,11.9,165.8,1269.2,19,2025-08-17 17:56:03,26.09,42.9,18.5,Stopped_at_Station,37,1243.11,-5.0,4.3,5.6,16.7,14.5,15.4,68.0,161.2,47755,1.3,75.0,10.75,1,32.12,27.8,0,1,46.2,NON00,No Delay Reported,No_Impact,,0,Not_Applicable,Not_Applicable,15.6,6.4,38.4,12.9,4835.0,Cloudy,No_Impact,Good,29.94,4.31,100,0,Green,56.3,59.9,53.7,Needs_Inspection,5.97,50.6,Due_Soon,361,Healthy,No_Failure,No_Failure,17,Sunday,8,Monsoon,True,True,Completed,2025-08-17 15:46:51,2025-08-17 15:47:21,0.0,13.3,No_Delay,True,8.5
70282,Mail 7,Mail,Regional,NCR,15.083441,81.344763,TDL,KOTA,LKO,SEC-NCR-341,TRK-3,29.91,15.1,Down,2025-08-17 19:22:37,2025-08-17 19:34:37,17.68,56.3,645.4,18,2025-08-17 19:26:37,25.8,96.9,-2.9,Running,0,619.6,21.6,14.4,9.2,20.8,23.8,17.5,53.7,64.3,10923,5.4,58.4,15.32,4,6.08,39.3,1,1,40.7,NON00,No Delay Reported,No_Impact,,0,Not_Applicable,Not_Applicable,43.3,2.3,42.2,8.2,4762.0,Clear,Low,Fair,14.8,0.46,0,0,Green,90.7,48.1,45.9,Good,5.44,96.8,Up_to_Date,336,Healthy,No_Failure,No_Failure,19,Sunday,8,Monsoon,True,True,Completed,2025-08-17 19:22:43,2025-08-17 19:26:43,0.0,3.0,No_Delay,False,0.0
18183,Shatabdi 31,Shatabdi,Long-Distance,WR,25.965484,82.355512,JP,KOTA,MGS,SEC-WR-566,TRK-1,47.07,94.3,Up,2025-08-17 19:52:30,2025-08-17 20:03:30,28.6,95.4,570.8,16,2025-08-17 20:05:30,13.65,64.3,6.6,Stopped_at_Station,40,557.15,-3.1,1.1,8.5,10.4,9.7,0.3,89.7,94.4,18728,-5.0,32.7,31.23,1,40.03,8.8,1,0,14.1,WTH03,Adverse Weather,High,2025-08-17 19:40:30,60,Confirmed,Station_Master,18.0,7.1,35.1,21.9,5805.0,Clear,No_Impact,Fair,18.06,3.34,45,0,Green,81.2,53.6,30.7,Good,4.22,30.8,Up_to_Date,212,Healthy,No_Failure,No_Failure,20,Sunday,8,Monsoon,True,True,In_Transit,2025-08-17 20:13:12,,524.1,14.1,Weather,True,6.7
47062,Duronto 24,Duronto,Suburban,WCR,18.493134,88.867245,DHN,JHS,JP,SEC-WCR-499,TRK-3,175.26,113.42,Down,2025-08-17 21:15:54,2025-08-17 21:25:54,18.13,71.0,1059.5,19,2025-08-17 22:14:54,102.84,66.4,48.1,Running,0,956.66,17.7,23.2,6.1,16.6,2.1,0.0,64.8,67.9,54376,-5.0,81.0,28.56,2,19.57,8.5,1,1,31.6,LCB05,Late Crew Boarding,Low,2025-08-17 22:06:54,47,Auto-Detected,Station_Master,22.2,14.4,68.2,28.8,8724.0,Fog,Low,Excellent,38.58,1.11,0,0,Green,73.8,59.3,32.3,Good,4.64,92.3,Up_to_Date,103,Healthy,No_Failure,No_Failure,22,Sunday,8,Monsoon,True,False,In_Transit,2025-08-17 22:41:30,,875.7,37.5,Operational,True,31.5
34908,Passenger 49,Passenger,Regional,ECoR,12.884215,79.297013,ASN,NDLS,JHS,SEC-ECoR-659,TRK-2,21.97,127.93,Up,2025-08-18 13:21:20,2025-08-18 13:39:20,30.98,53.2,2099.4,11,2025-08-18 14:19:20,839.38,77.9,19.6,Stopped_at_Station,23,1260.02,22.6,-4.6,-5.0,12.4,21.3,14.1,47.3,57.3,56508,9.6,37.4,34.38,2,41.96,27.8,1,1,54.8,NON00,No Delay Reported,No_Impact,,0,Not_Applicable,Not_Applicable,31.5,0.6,53.4,10.9,6295.0,Cloudy,No_Impact,Fair,42.74,4.21,30,0,Yellow,100.0,54.2,26.4,Excellent,4.67,54.9,Up_to_Date,312,Healthy,No_Failure,No_Failure,14,Monday,8,Monsoon,False,False,In_Transit,2025-08-18 13:59:50,,976.2,18.9,No_Delay,True,15.6
66700,Shatabdi 48,Shatabdi,Regional,NR,19.092532,78.858833,ADI,VAPI,TDL,SEC-NR-659,TRK-1,32.63,4.66,Down,2025-08-18 17:21:32,2025-08-18 17:30:32,31.32,92.5,1915.0,3,2025-08-18 18:22:32,933.99,78.1,10.6,Running,0,981.01,14.8,15.1,10.8,31.2,15.2,3.5,81.9,82.1,44392,-5.0,73.1,7.36,0,19.95,27.9,1,0,24.6,CNG04,Traffic Congestion,Medium,2025-08-18 17:24:32,122,Unconfirmed,Manual_Report,23.7,3.7,47.7,11.0,8138.0,Cloudy,No_Impact,Excellent,38.52,2.12,0,0,Green,83.2,74.5,57.8,Good,6.08,85.4,Due_Soon,360,Healthy,No_Failure,No_Failure,18,Monday,8,Monsoon,False,True,Completed,2025-08-18 17:57:26,2025-08-18 17:53:38,0.0,25.3,Traffic,True,15.5
91237,Express 19,Express,Regional,NER,16.693885,82.657027,BPL,ADI,SC,SEC-NER-761,TRK-2,98.39,20.4,Down,2025-08-18 17:41:14,2025-08-18 17:56:14,25.32,106.8,1420.3,13,2025-08-18 18:51:14,1306.45,86.4,1.9,Running,0,113.85,3.3,12.2,1.8,10.6,23.8,15.0,81.9,99.9,23118,10.3,76.1,23.32,3,8.46,15.1,1,1,24.3,BLK08,Line Block / Engineering Work,High,2025-08-18 18:36:14,159,Unconfirmed,IoT_Sensor,25.0,0.4,67.3,10.1,5344.0,Clear,No_Impact,Poor,38.61,4.23,0,0,Green,94.0,42.8,63.4,Excellent,6.09,87.8,In_Progress,274,Healthy,No_Failure,No_Failure,18,Monday,8,Monsoon,False,True,Completed,2025-08-18 18:06:20,2025-08-18 18:06:20,0.0,23.2,Infrastructure,True,19.6
56279,DEMU 13,DEMU,Freight,NER,14.53161,74.707253,GAYA,CSTM,TDL,SEC-NER-534,TRK-2,81.94,170.61,Up,2025-08-18 17:45:43,2025-08-18 17:55:43,13.27,46.2,561.6,19,2025-08-18 18:53:43,1.77,88.5,14.8,Stopped_at_Station,13,559.83,2.7,20.9,13.2,12.1,14.4,14.3,47.1,47.7,47740,15.7,70.4,33.95,3,11.24,13.6,0,1,4.9,LCB05,Late Crew Boarding,Low,2025-08-18 18:38:43,147,Confirmed,IoT_Sensor,23.5,5.4,79.5,0.0,4824.0,Haze,No_Impact,Good,26.53,3.22,0,1,Red,85.9,44.4,53.8,Good,4.83,3.9,In_Progress,226,Healthy,No_Failure,No_Failure,18,Monday,8,Monsoon,False,True,In_Transit,2025-08-18 18:18:49,,385.0,18.3,Operational,True,11.8
54937,Duronto 19,Duronto,Suburban,NR,31.266758,81.847626,KOTA,CNB,JHS,SEC-NR-990,TRK-3,170.68,108.65,Up,2025-08-18 18:48:14,2025-08-18 18:56:14,6.59,17.3,798.3,16,2025-08-18 20:35:14,213.87,87.0,29.9,Running,0,584.43,-3.2,18.2,21.9,22.7,0.0,19.3,57.8,14.5,64332,19.8,65.8,29.66,3,25.74,42.4,0,1,29.4,CNG04,Traffic Congestion,Medium,2025-08-18 20:30:14,127,Confirmed,IoT_Sensor,32.2,0.0,63.6,10.3,3067.0,Clear,No_Impact,Excellent,32.73,4.37,0,0,Green,93.1,50.5,26.6,Good,3.65,1.8,Overdue,44,Healthy,No_Failure,No_Failure,20,Monday,8,Monsoon,False,True,Completed,2025-08-18 19:25:56,2025-08-18 19:22:26,0.0,7.8,Traffic,False,0.0
46367,DEMU 18,DEMU,Regional,ECR,32.251168,87.652448,ST,CSTM,SBC,SEC-ECR-868,TRK-1,6.37,118.73,Down,2025-08-18 23:02:57,2025-08-18 23:13:57,18.27,129.6,733.5,14,2025-08-19 00:55:57,654.21,104.2,44.6,Terminated,0,79.29,5.8,4.7,13.6,18.6,8.1,5.3,48.5,134.6,59739,-5.0,70.5,7.69,1,48.2,11.1,0,0,7.5,NON00,No Delay Reported,No_Impact,,0,Not_Applicable,Not_Applicable,29.4,4.0,36.2,16.8,7812.0,Cloudy,No_Impact,Good,45.45,5.48,0,1,Green,78.4,61.9,36.5,Needs_Inspection,4.28,63.9,Due_Soon,359,Healthy,No_Failure,No_Failure,0,Tuesday,8,Monsoon,True,False,Completed,2025-08-18 23:53:57,2025-08-18 23:58:27,0.0,6.4,No_Delay,False,0.0
36086,Express 21,Express,Long-Distance,SECR,11.422113,76.234562,GAYA,HWH,GWL,SEC-SECR-871,TRK-3,78.22,65.36,Up,2025-08-19 03:47:30,2025-08-19 03:58:30,29.19,73.6,1706.1,1,2025-08-19 06:39:30,461.38,59.8,19.2,Departed_Late,0,1244.72,26.6,2.9,0.8,0.0,8.0,10.4,63.9,62.9,27749,22.7,42.4,6.0,4,0.73,40.9,1,1,47.4,NON00,No Delay Reported,No_Impact,,0,Not_Applicable,Not_Applicable,11.0,1.9,62.4,8.8,6234.0,Cloudy,Low,Fair,49.44,2.8,75,0,Red,36.0,55.1,64.8,Fair,4.55,86.2,Due_Soon,105,Healthy,No_Failure,No_Failure,6,Tuesday,8,Monsoon,False,False,Completed,2025-08-19 04:24:48,2025-08-19 04:22:24,0.0,18.1,No_Delay,True,14.1
32545,Superfast 9,Superfast,Regional,SR,30.215575,91.026778,RTM,BPL,MGS,SEC-SR-803,TRK-1,115.69,177.52,Down,2025-08-19 07:57:27,2025-08-19 08:08:27,27.36,146.8,2047.4,17,2025-08-19 09:56:27,315.31,74.4,32.2,Running,0,1732.09,15.4,11.9,18.9,13.4,6.2,22.6,62.0,155.8,14047,14.6,42.9,4.88,3,43.25,4.1,0,1,21.3,SIG01,Signal Failure,High,2025-08-19 08:54:27,116,Confirmed,IoT_Sensor,30.4,1.5,60.7,22.0,9009.0,Fog,No_Impact,Fair,52.99,6.8,0,0,Green,89.7,47.5,60.2,Fair,4.5,93.5,Up_to_Date,233,Healthy,No_Failure,No_Failure,9,Tuesday,8,Monsoon,False,True,In_Transit,2025-08-19 09:08:27,,1408.5,38.8,No_Delay,True,34.2
91497,Freight 36,Freight,Premium,NCR,18.857079,76.517482,JP,PNBE,TDL,SEC-NCR-724,TRK-3,161.86,45.75,Up,2025-08-19 19:06:41,2025-08-19 19:10:41,16.01,80.6,1481.1,18,2025-08-19 21:20:41,235.15,59.3,7.7,Departed_Late,0,1245.95,9.2,3.1,11.0,8.6,14.5,9.9,90.9,80.9,54955,17.6,64.7,30.9,4,41.42,26.4,1,0,19.9,CNG04,Traffic Congestion,Medium,2025-08-19 21:05:41,108,Unconfirmed,Manual_Report,44.8,3.1,54.5,14.2,6124.0,Clear,Severe,Fair,42.69,3.05,0,0,Green,79.8,49.5,20.0,Needs_Inspection,4.78,11.0,In_Progress,134,Healthy,No_Failure,No_Failure,21,Tuesday,8,Monsoon,False,False,Completed,2025-08-19 19:24:59,2025-08-19 19:33:29,0.0,10.6,Traffic,True,7.5
78173,Mail 29,Mail,Regional,NER,17.15673,92.852957,VAPI,SBC,CSTM,SEC-NER-709,TRK-3,125.54,120.33,Down,2025-08-19 22:34:56,2025-08-19 22:48:56,30.86,155.9,820.1,11,2025-08-20 01:04:56,84.34,71.0,0.6,Departed_Late,0,735.76,26.7,17.9,5.1,11.3,11.6,13.9,68.8,148.4,76378,8.0,59.8,27.54,0,13.69,31.9,1,1,18.4,PSG07,Passenger Emergency,Medium,2025-08-20 00:38:56,89,Confirmed,Station_Master,37.8,0.1,76.9,19.4,1882.0,Rain,Low,Good,24.68,4.1,0,0,Green,61.3,82.3,63.9,Good,4.11,15.8,Up_to_Date,235,Healthy,Bearing_Overheat,Minor,1,Wednesday,8,Monsoon,False,False,Completed,2025-08-19 22:46:02,2025-08-19 22:48:44,0.0,10.5,Operational,True,7.1
93407,Mail 30,Mail,Regional,SER,23.124361,94.217543,PNBE,GAYA,GWL,SEC-SER-590,TRK-3,75.94,92.96,Down,2025-08-19 23:56:27,2025-08-19 23:58:27,9.77,46.5,1772.3,12,2025-08-20 01:09:27,108.95,58.6,15.0,Running,0,1663.35,10.6,27.6,9.7,21.3,2.3,27.6,70.1,48.2,18687,20.6,92.9,17.57,2,20.4,42.3,1,0,19.4,NON00,No Delay Reported,No_Impact,,0,Not_Applicable,Not_Applicable,14.4,9.7,58.7,22.2,4415.0,Storm,No_Impact,Good,35.17,3.16,45,1,Yellow,63.8,79.7,80.1,Excellent,4.71,74.0,Due_Soon,56,Healthy,No_Failure,No_Failure,1,Wednesday,8,Monsoon,False,False,In_Transit,2025-08-20 00:31:03,,1709.0,19.6,No_Delay,True,9.6
24027,Freight 46,Freight,Long-Distance,NCR,20.547098,87.138235,NGP,GWL,HWH,SEC-NCR-852,TRK-2,72.89,131.23,Down,2025-08-20 10:36:11,2025-08-20 10:41:11,5.61,49.1,432.7,8,2025-08-20 11:37:11,242.72,93.5,4.9,Running,0,189.98,20.9,9.6,23.0,2.7,0.7,20.7,73.1,37.6,54796,9.1,90.1,34.78,3,39.41,19.8,1,0,15.4,TRK02,Track Maintenance,Medium,2025-08-20 10:12:11,132,Confirmed,Station_Master,26.1,2.4,91.8,5.6,7747.0,Cloudy,No_Impact,Good,59.39,4.58,0,0,Yellow,95.9,53.0,79.1,Needs_Inspection,5.49,50.9,Up_to_Date,214,Healthy,HVAC_Failure,Minor,11,Wednesday,8,Monsoon,False,False,Completed,2025-08-20 10:52:53,2025-08-20 10:56:11,0.0,11.8,Infrastructure,True,8.6
64988,Express 49,Express,Suburban,NWR,23.723513,75.245494,MAS,BCT,BZA,SEC-NWR-961,TRK-2,26.48,140.88,Up,2025-08-20 11:14:59,2025-08-20 11:26:59,21.13,45.3,2088.3,17,2025-08-20 12:34:59,1924.2,89.1,-0.3,Terminated,0,164.1,10.2,3.6,-1.8,17.7,4.5,20.9,66.0,46.3,26691,5.8,86.3,20.31,4,36.59,33.7,1,1,43.9,NON00,No Delay Reported,No_Impact,,0,Not_Applicable,Not_Applicable,29.5,0.3,38.2,21.6,7208.0,Clear,Moderate,Good,33.96,4.97,60,0,Green,60.8,62.8,21.9,Good,4.42,5.8,Up_to_Date,228,Faulty,Brake_Wear,Critical,12,Wednesday,8,Monsoon,False,False,Completed,2025-08-20 11:25:53,2025-08-20 11:29:05,0.0,11.2,No_Delay,True,7.4
77447,Shatabdi 13,Shatabdi,Suburban,NCR,32.502408,88.221811,GWL,ASN,KOTA,SEC-NCR-110,TRK-2,133.96,117.11,Down,2025-08-20 19:13:37,2025-08-20 19:23:37,3.74,134.9,512.5,16,2025-08-20 19:17:37,296.87,99.0,58.0,Slow_Running,0,215.63,5.3,9.4,3.1,9.5,17.5,2.8,64.0,138.7,46219,11.9,63.1,1.1,4,12.09,15.1,1,1,23.3,ANI09,Animal / Obstruction on Track,Medium,2025-08-20 17:24:37,85,Confirmed,Control_Office,34.4,1.7,68.2,15.6,9269.0,Fog,Low,Poor,41.44,4.47,0,0,Auto,70.0,62.9,51.5,Fair,4.95,77.5,In_Progress,345,Healthy,No_Failure,No_Failure,19,Wednesday,8,Monsoon,False,True,Completed,2025-08-20 20:41:25,2025-08-20 20:47:13,0.0,29.8,Traffic,True,13.8
91771,Passenger 1,Passenger,Freight,SER,32.452586,91.477597,GAYA,MAS,BZA,SEC-SER-997,TRK-1,99.81,22.52,Down,2025-08-20 20:22:19,2025-08-20 20:26:19,26.3,60.6,1461.7,5,2025-08-20 22:23:19,115.22,45.8,2.3,Running,0,1346.48,17.0,11.1,15.1,10.1,19.0,17.5,81.2,69.5,23463,4.9,66.4,19.27,1,30.91,18.8,0,0,17.8,MEC06,Mechanical Failure,High,2025-08-20 21:53:19,105,Confirmed,Station_Master,13.1,2.1,69.4,27.7,2344.0,Storm,No_Impact,Excellent,46.37,2.58,0,0,Green,81.4,45.4,69.3,Excellent,4.58,97.7,Up_to_Date,218,Offline,Bearing_Overheat,Moderate,22,Wednesday,8,Monsoon,False,False,In_Transit,2025-08-20 20:31:01,,1765.9,6.4,Mechanical,False,0.0
81337,Freight 2,Freight,Premium,NCR,24.501321,69.197778,BCT,KOTA,BZA,SEC-NCR-573,TRK-3,7.92,133.02,Up,2025-08-21 00:37:39,2025-08-21 00:54:39,15.34,29.2,1941.2,3,2025-08-21 00:53:39,782.96,53.9,2.6,Stopped_at_Station,19,1158.24,1.4,0.4,13.4,16.6,16.8,1.0,52.0,26.4,66754,9.1,90.7,18.22,1,9.38,36.4,1,0,56.9,MEC06,Mechanical Failure,High,2025-08-20 23:35:39,129,Confirmed,Station_Master,27.4,4.7,52.3,23.6,9365.0,Clear,Low,Good,31.81,3.01,75,0,Green,55.9,72.1,67.5,Good,5.05,27.6,In_Progress,66,Offline,No_Failure,No_Failure,0,Thursday,8,Monsoon,False,False,Completed,2025-08-21 00:50:33,2025-08-21 00:40:09,0.0,10.3,Mechanical,True,5.8
92587,Passenger 42,Passenger,Long-Distance,SR,17.377254,80.983763,CSTM,PUNE,VAPI,SEC-SR-582,TRK-3,176.38,31.02,Up,2025-08-21 16:24:39,2025-08-21 16:36:39,5.07,37.1,987.9,11,2025-08-21 16:32:39,803.58,76.0,24.1,Terminated,0,184.32,9.6,-5.0,5.9,23.8,7.8,28.9,53.5,37.3,11376,2.3,81.5,31.31,1,5.7,32.9,1,1,1.4,PSG07,Passenger Emergency,Medium,2025-08-21 15:00:39,134,Confirmed,Station_Master,30.7,4.8,63.8,7.0,3085.0,Haze,Moderate,Excellent,27.52,7.06,0,0,Double_Yellow,33.4,47.9,45.7,Good,5.17,24.2,Overdue,145,Faulty,No_Failure,No_Failure,16,Thursday,8,Monsoon,False,False,Not_Started,,,150.9,18.1,Operational,True,15.3
61410,Freight 46,Freight,Suburban,ER,16.129513,84.912502,RTM,BPL,GAYA,SEC-ER-440,TRK-1,63.78,20.8,Down,2025-08-21 15:19:46,2025-08-21 15:32:46,23.08,135.9,1025.1,9,2025-08-21 17:27:46,174.16,80.9,8.0,Halted_Signal,13,850.94,27.0,0.3,15.8,17.8,9.5,10.3,99.0,128.7,92530,12.0,84.7,26.73,0,34.46,7.7,1,1,10.9,CNG04,Traffic Congestion,Medium,2025-08-21 16:51:46,173,Auto-Detected,Manual_Report,24.6,9.9,49.9,10.1,10000.0,Cloudy,No_Impact,Poor,22.22,1.15,30,1,Double_Yellow,74.2,68.6,66.8,Needs_Inspection,5.6,70.0,Overdue,278,Healthy,No_Failure,No_Failure,17,Thursday,8,Monsoon,False,True,In_Transit,2025-08-21 15:15:16,,627.4,-12.5,Traffic,False,0.0
58188,DEMU 39,DEMU,Freight,ECoR,18.317351,74.629661,ADI,AGC,RTM,SEC-ECoR-327,TRK-3,82.37,11.99,Up,2025-08-21 15:42:54,2025-08-21 15:50:54,6.72,165.2,2117.1,12,2025-08-21 17:27:54,786.98,94.0,4.7,Running,0,1330.12,10.2,12.7,21.5,11.0,10.4,9.6,37.3,160.5,85741,11.0,41.6,15.03,0,46.31,15.8,1,1,45.3,TRK02,Track Maintenance,Medium,2025-08-21 15:36:54,89,Confirmed,Control_Office,29.5,0.0,71.4,6.4,6231.0,Clear,No_Impact,Fair,57.79,2.35,0,0,Green,73.5,52.9,67.2,Fair,4.6,0.3,Up_to_Date,294,Healthy,No_Failure,No_Failure,17,Thursday,8,Monsoon,False,True,In_Transit,2025-08-21 16:00:12,,852.8,12.6,Infrastructure,True,6.9
96269,Vande Bharat 23,Vande Bharat,Regional,ECR,26.813049,93.080633,SBC,TDL,DHN,SEC-ECR-546,TRK-2,135.94,98.94,Down,2025-08-21 18:33:38,2025-08-21 18:43:38,2.48,97.9,693.8,14,2025-08-21 21:08:38,99.84,53.2,13.1,Running,0,593.96,18.4,-3.0,3.8,24.1,12.3,33.1,42.7,94.8,20872,12.2,64.9,39.79,3,31.83,3.9,1,1,37.1,ANI09,Animal / Obstruction on Track,Medium,2025-08-21 20:31:38,99,Confirmed,Control_Office,37.1,2.4,28.5,5.2,1235.0,Clear,Severe,Poor,32.07,5.75,60,0,Green,52.0,20.0,55.7,Good,4.94,9.1,Up_to_Date,114,Healthy,No_Failure,No_Failure,21,Thursday,8,Monsoon,False,False,In_Transit,2025-08-21 19:04:08,,675.1,17.4,Traffic,True,13.6
52259,Rajdhani 21,Rajdhani,Long-Distance,ECoR,19.884144,73.658781,RTM,AGC,BCT,SEC-ECoR-399,TRK-1,143.34,114.55,Up,2025-08-22 02:32:00,2025-08-22 02:39:00,17.5,157.8,2167.0,15,2025-08-22 03:11:00,117.55,92.7,15.4,Halted_Signal,25,2049.45,-5.0,18.6,5.8,24.3,22.5,5.1,82.3,152.3,85860,16.1,57.4,8.03,3,8.54,5.0,1,0,61.0,CNG04,Traffic Congestion,Medium,2025-08-22 03:05:00,41,Unconfirmed,Station_Master,33.3,8.4,76.3,7.1,3560.0,Cloudy,No_Impact,Excellent,31.0,0.71,45,1,Yellow,73.1,64.5,46.9,Good,5.43,33.9,Overdue,304,Healthy,No_Failure,No_Failure,3,Friday,8,Monsoon,False,False,Completed,2025-08-22 02:54:06,2025-08-22 02:53:18,0.0,6.7,Traffic,False,0.0
38433,Passenger 9,Passenger,Long-Distance,NER,25.156387,85.279967,BRC,RTM,TDL,SEC-NER-864,TRK-1,74.31,141.93,Down,2025-08-22 23:05:45,2025-08-22 23:18:45,25.0,150.3,56.5,16,2025-08-22 23:03:45,32.39,59.4,84.8,Running,0,24.11,-5.0,8.8,-1.4,15.8,8.3,23.9,74.8,142.1,49391,14.5,73.8,11.45,1,47.15,10.4,0,1,32.9,MEC06,Mechanical Failure,High,2025-08-22 21:52:45,4,Auto-Detected,ML_Inference,37.5,6.8,12.4,5.0,6139.0,Cloudy,No_Impact,Fair,32.57,3.19,45,1,Yellow,58.6,39.0,51.2,Fair,4.95,63.3,Due_Soon,204,Healthy,Brake_Wear,Minor,23,Friday,8,Monsoon,False,False,Completed,2025-08-23 01:16:27,2025-08-23 01:20:09,0.0,45.9,Mechanical,True,32.5
24514,Duronto 24,Duronto,Long-Distance,ECR,17.663975,96.596816,NDLS,JHS,KOTA,SEC-ECR-655,TRK-2,121.66,126.7,Up,2025-08-23 02:42:13,2025-08-23 02:45:13,24.12,64.9,1598.9,2,2025-08-23 04:34:13,617.95,80.9,-1.4,Running,0,980.95,15.8,12.3,13.7,19.3,19.7,8.5,71.0,67.8,16664,22.4,108.0,13.32,2,47.84,37.3,1,0,2.6,TRK02,Track Maintenance,Medium,2025-08-23 03:32:13,53,Auto-Detected,Control_Office,28.4,2.0,35.1,5.6,4487.0,Rain,No_Impact,Fair,33.27,2.82,0,0,Yellow,59.9,55.9,66.6,Fair,3.56,98.9,Up_to_Date,364,Healthy,No_Failure,No_Failure,4,Saturday,8,Monsoon,True,False,Completed,2025-08-23 02:34:49,2025-08-23 02:26:31,0.0,-6.0,Infrastructure,False,0.0
80086,Freight 7,Freight,Long-Distance,NR,10.526867,74.270832,ALD,BZA,NGP,SEC-NR-906,TRK-3,64.33,111.05,Up,2025-08-23 04:33:54,2025-08-23 04:45:54,10.26,35.3,1533.0,11,2025-08-23 06:19:54,829.57,80.2,75.4,Running,0,703.43,3.2,25.6,8.9,22.9,5.2,2.5,79.5,47.0,10974,-1.8,58.9,2.06,2,25.87,8.0,0,1,17.5,NON00,No Delay Reported,No_Impact,,0,Not_Applicable,Not_Applicable,31.7,0.0,44.5,19.8,6114.0,Clear,Low,Good,21.25,1.21,0,0,Double_Yellow,72.7,79.6,44.3,Good,5.35,5.0,Up_to_Date,255,Healthy,No_Failure,No_Failure,6,Saturday,8,Monsoon,True,False,Completed,2025-08-23 06:18:36,2025-08-23 06:19:18,0.0,29.3,No_Delay,True,21.4
11107,Garib Rath 41,Garib Rath,Long-Distance,ECoR,26.500833,88.009716,VAPI,GWL,CSTM,SEC-ECoR-444,TRK-1,16.16,24.39,Down,2025-08-24 00:47:34,2025-08-24 00:50:34,35.99,72.0,921.3,15,2025-08-24 00:50:34,487.36,83.0,24.3,Running,0,433.94,4.9,-0.2,-0.6,5.6,7.1,14.3,54.6,66.6,95564,7.7,50.3,27.21,3,48.41,12.5,1,1,71.2,CNG04,Traffic Congestion,Medium,2025-08-23 23:53:34,148,Confirmed,Manual_Report,28.9,4.8,50.5,9.0,6536.0,Cloudy,No_Impact,Fair,41.66,5.25,60,0,Double_Yellow,46.7,95.9,42.3,Good,3.93,82.9,In_Progress,236,Healthy,Axle_Fault,Moderate,0,Sunday,8,Monsoon,True,False,Completed,2025-08-24 01:39:04,2025-08-24 01:37:34,0.0,27.2,Traffic,True,16.0
32345,Express 21,Express,Freight,WCR,13.494863,82.019891,ASN,BPL,CSTM,SEC-WCR-353,TRK-2,109.57,111.75,Down,2025-08-24 00:33:32,2025-08-24 00:50:32,17.09,45.0,1144.0,12,2025-08-24 03:02:32,1017.0,53.3,19.4,Stopped_at_Station,20,127.0,8.5,3.8,27.1,4.1,31.5,10.4,84.2,35.8,47197,0.6,62.7,26.76,5,24.23,17.8,1,0,38.0,NON00,No Delay Reported,No_Impact,,0,Not_Applicable,Not_Applicable,4.0,0.0,37.6,11.7,1639.0,Cloudy,Moderate,Good,6.98,7.79,0,0,Green,69.5,73.5,33.4,Excellent,6.34,66.6,In_Progress,292,Healthy,Axle_Fault,Critical,3,Sunday,8,Monsoon,True,False,Completed,2025-08-24 00:57:56,2025-08-24 01:02:50,0.0,5.0,No_Delay,False,0.0
62020,Freight 33,Freight,Regional,SR,32.113335,76.670723,GWL,BPL,AGC,SEC-SR-244,TRK-2,150.43,110.73,Down,2025-08-24 06:04:37,2025-08-24 06:21:37,34.94,128.3,1747.5,6,2025-08-24 06:53:37,552.09,85.1,9.1,Running,0,1195.41,29.4,-5.0,-2.7,36.5,8.2,0.7,50.2,133.7,74388,28.2,52.5,12.6,0,24.3,25.7,0,1,8.4,TRK02,Track Maintenance,Medium,2025-08-24 06:20:37,59,Auto-Detected,Manual_Report,27.7,12.5,45.8,18.0,3448.0,Cloudy,No_Impact,Fair,51.2,5.92,0,0,Auto,96.1,28.7,45.5,Critical,3.82,37.5,In_Progress,133,Healthy,Electrical_Fault,Critical,6,Sunday,8,Monsoon,True,False,Completed,2025-08-24 06:11:25,2025-08-24 06:12:37,0.0,-2.3,Infrastructure,False,0.0
30303,Rajdhani 23,Rajdhani,Premium,NCR,13.361178,80.24128,CSTM,CNB,HWH,SEC-NCR-951,TRK-1,175.55,13.89,Down,2025-08-24 04:31:39,2025-08-24 04:40:39,21.95,145.1,1194.9,11,2025-08-24 07:27:39,783.09,65.6,-0.5,Running,0,411.81,3.8,-0.6,6.5,17.3,12.1,9.7,60.2,150.0,11038,31.0,96.7,9.74,1,21.28,29.1,1,1,39.6,WTH03,Adverse Weather,High,2025-08-24 05:56:39,5,Unconfirmed,Station_Master,18.9,1.4,21.0,9.4,6930.0,Cloudy,No_Impact,Fair,43.94,3.0,60,0,Green,42.5,66.2,68.6,Fair,5.0,37.7,Up_to_Date,204,Healthy,No_Failure,No_Failure,7,Sunday,8,Monsoon,True,True,Completed,2025-08-24 04:21:51,2025-08-24 04:24:27,0.0,-9.3,Weather,False,0.0
96321,Duronto 6,Duronto,Long-Distance,NCR,32.351108,71.756496,PUNE,RTM,ASN,SEC-NCR-576,TRK-2,175.41,168.47,Down,2025-08-24 07:14:19,2025-08-24 07:31:19,9.5,145.0,986.3,10,2025-08-24 08:09:19,819.7,71.1,15.9,Running,0,166.6,5.2,5.7,22.6,14.9,10.1,5.7,76.3,143.7,61216,20.0,63.0,20.66,0,6.88,34.7,1,1,32.7,BLK08,Line Block / Engineering Work,High,2025-08-24 06:49:19,16,Confirmed,ML_Inference,18.1,2.5,65.5,7.2,8889.0,Fog,Low,Good,57.29,4.16,60,0,Auto,100.0,35.7,37.3,Good,4.39,72.4,Up_to_Date,169,Degraded,No_Failure,No_Failure,8,Sunday,8,Monsoon,True,True,Completed,2025-08-24 07:43:01,2025-08-24 07:41:25,0.0,12.8,Infrastructure,True,6.8
86805,Passenger 22,Passenger,Long-Distance,SECR,24.946603,75.773454,AGC,MAS,RTM,SEC-SECR-168,TRK-1,69.53,90.61,Up,2025-08-24 07:44:26,2025-08-24 07:52:26,32.37,144.7,2033.6,5,2025-08-24 09:00:26,726.2,20.3,7.5,Running,0,1307.4,11.8,8.0,1.9,22.0,7.0,14.9,65.1,144.2,42325,15.0,70.3,19.61,1,27.81,3.7,1,1,13.4,ANI09,Animal / Obstruction on Track,Medium,2025-08-24 07:26:26,85,Confirmed,Control_Office,32.6,4.1,44.3,16.7,6973.0,Clear,No_Impact,Good,49.37,4.16,75,0,Auto,100.0,65.4,55.0,Fair,5.21,42.5,Due_Soon,127,Degraded,Door_Malfunction,Critical,9,Sunday,8,Monsoon,True,True,Completed,2025-08-24 08:07:08,2025-08-24 08:04:56,0.0,15.2,Traffic,True,10.6
22522,Shatabdi 31,Shatabdi,Long-Distance,ECoR,24.914606,81.233696,BZA,LKO,BPL,SEC-ECoR-776,TRK-3,176.03,144.92,Down,2025-08-24 10:57:50,2025-08-24 11:02:50,20.63,81.5,446.3,0,2025-08-24 12:30:50,345.2,52.9,-2.8,Running,0,101.1,15.5,25.4,2.9,8.5,6.8,13.0,76.0,81.4,49390,5.2,92.5,27.63,5,2.2,41.9,1,1,41.9,NON00,No Delay Reported,No_Impact,,0,Not_Applicable,Not_Applicable,36.1,10.0,61.9,1.6,5515.0,Fog,Moderate,Excellent,51.8,4.05,0,0,Yellow,79.7,66.4,51.2,Needs_Inspection,4.66,97.2,In_Progress,231,Degraded,No_Failure,No_Failure,12,Sunday,8,Monsoon,True,False,Completed,2025-08-24 11:08:02,2025-08-24 11:06:50,0.0,13.0,No_Delay,True,7.5
80822,Duronto 14,Duronto,Long-Distance,NFR,25.914502,71.221277,SBC,ST,BRC,SEC-NFR-368,TRK-3,76.57,169.99,Down,2025-08-24 13:50:04,2025-08-24 13:53:04,27.55,120.7,1875.5,11,2025-08-24 16:46:04,204.09,68.4,0.3,Running,0,1671.41,7.8,22.0,15.7,5.0,18.4,12.5,64.8,114.1,69299,11.6,74.6,9.3,4,40.82,32.9,1,1,55.0,LCB05,Late Crew Boarding,Low,2025-08-24 15:18:04,119,Auto-Detected,Station_Master,23.6,5.3,62.1,10.3,6711.0,Rain,No_Impact,Good,42.08,3.44,0,0,Green,96.8,21.4,43.5,Needs_Inspection,4.38,72.6,Up_to_Date,298,Offline,No_Failure,No_Failure,16,Sunday,8,Monsoon,True,False,Completed,2025-08-24 13:52:22,2025-08-24 13:54:16,0.0,2.0,Operational,False,0.0
82181,Shatabdi 9,Shatabdi,Long-Distance,SCR,34.438399,96.374218,BZA,NDLS,GAYA,SEC-SCR-887,TRK-1,108.79,119.55,Up,2025-08-25 08:10:07,2025-08-25 08:12:07,19.98,73.5,2108.1,14,2025-08-25 11:02:07,1567.76,50.8,-1.7,Running,0,540.34,13.3,4.8,3.9,38.2,20.3,20.3,51.9,71.0,80478,5.4,33.6,5.58,4,27.3,37.6,1,1,35.8,ANI09,Animal / Obstruction on Track,Medium,2025-08-25 10:52:07,12,Auto-Detected,Station_Master,37.7,0.0,66.4,12.6,565.0,Clear,No_Impact,Excellent,35.79,4.96,30,1,Double_Yellow,46.0,39.3,50.8,Good,4.37,22.4,Overdue,75,Healthy,No_Failure,No_Failure,11,Monday,8,Monsoon,False,False,Completed,2025-08-25 08:13:55,2025-08-25 08:08:55,0.0,5.5,Traffic,False,0.0
67560,Duronto 33,Duronto,Freight,NWR,26.405119,76.673065,BCT,ASN,PNBE,SEC-NWR-405,TRK-3,152.52,79.62,Up,2025-08-25 12:26:31,2025-08-25 12:43:31,30.33,18.8,1190.2,0,2025-08-25 13:45:31,981.0,66.9,2.2,Running,0,209.2,19.2,29.2,15.6,11.7,3.9,11.2,47.2,17.9,25149,5.9,63.9,30.72,0,23.1,40.8,1,1,49.2,MEC06,Mechanical Failure,High,2025-08-25 11:46:31,142,Auto-Detected,ML_Inference,38.8,0.0,22.7,9.0,5669.0,Clear,Low,Good,33.19,3.54,0,0,Green,74.2,77.2,65.1,Good,4.79,7.3,Due_Soon,333,Healthy,No_Failure,No_Failure,13,Monday,8,Monsoon,False,False,Completed,2025-08-25 12:46:13,2025-08-25 12:39:13,0.0,17.5,Mechanical,True,10.8
69347,Superfast 1,Superfast,Suburban,NER,9.695272,86.160805,KOTA,GWL,VAPI,SEC-NER-797,TRK-1,57.76,33.06,Down,2025-08-25 15:43:13,2025-08-25 15:57:13,14.29,174.3,1020.5,15,2025-08-25 18:21:13,663.13,78.2,4.5,Running,0,357.37,23.3,11.6,-2.3,25.8,18.2,16.5,69.3,182.1,69846,3.9,55.9,6.31,2,0.68,34.8,1,1,17.0,WTH03,Adverse Weather,High,2025-08-25 18:09:13,94,Confirmed,Control_Office,34.5,3.9,47.2,5.9,4461.0,Clear,No_Impact,Good,26.04,4.68,0,0,Green,61.3,62.5,20.3,Excellent,4.9,53.5,Due_Soon,113,Healthy,Electrical_Fault,Minor,18,Monday,8,Monsoon,False,True,Completed,2025-08-25 15:59:49,2025-08-25 16:04:31,0.0,12.1,Weather,True,6.2
55454,Express 31,Express,Premium,ECR,25.032338,74.06158,NDLS,JP,ALD,SEC-ECR-825,TRK-3,52.16,24.04,Down,2025-08-26 00:07:09,2025-08-26 00:18:09,20.91,163.1,426.6,19,2025-08-26 01:16:09,162.85,86.7,-2.0,Stopped_at_Station,44,263.75,-1.4,-1.1,3.7,20.7,0.0,13.6,54.4,170.1,72443,14.1,70.6,4.77,3,17.63,25.6,1,1,17.9,TRK02,Track Maintenance,Medium,2025-08-25 23:32:09,30,Confirmed,Control_Office,20.1,0.0,76.0,0.0,6133.0,Clear,No_Impact,Good,52.63,2.28,0,0,Yellow,79.3,80.0,43.5,Excellent,5.0,60.5,Up_to_Date,209,Healthy,No_Failure,No_Failure,1,Tuesday,8,Monsoon,False,False,In_Transit,2025-08-26 00:18:57,,186.7,13.8,Infrastructure,True,12.2
54759,Vande Bharat 30,Vande Bharat,Regional,NFR,21.025099,88.433576,PUNE,PNBE,DHN,SEC-NFR-660,TRK-3,140.28,172.5,Up,2025-08-26 05:40:34,2025-08-26 05:56:34,2.71,12.8,2060.6,12,2025-08-26 08:26:34,733.37,105.4,38.6,Running,0,1327.23,10.7,8.9,4.3,17.7,13.7,5.8,56.3,20.9,25389,-5.0,96.1,10.81,3,30.96,32.4,1,0,24.2,NON00,No Delay Reported,No_Impact,,0,Not_Applicable,Not_Applicable,23.9,0.7,56.2,9.6,574.0,Clear,No_Impact,Good,25.63,0.0,0,0,Green,51.6,44.2,51.2,Good,5.72,96.1,Overdue,142,Faulty,HVAC_Failure,Minor,8,Tuesday,8,Monsoon,False,True,Completed,2025-08-26 06:24:16,2025-08-26 06:26:28,0.0,5.1,No_Delay,False,0.0
87272,Freight 7,Freight,Suburban,ECoR,28.522073,73.747968,PUNE,GWL,TDL,SEC-ECoR-269,TRK-1,51.73,113.35,Up,2025-08-26 11:17:08,2025-08-26 11:20:08,3.11,122.1,1493.6,8,2025-08-26 11:50:08,1185.8,73.4,2.5,Departed_Late,0,307.8,11.5,-0.3,16.6,16.8,6.0,5.1,86.6,117.1,23568,13.7,54.5,10.45,5,19.89,9.0,1,1,77.4,NON00,No Delay Reported,No_Impact,,0,Not_Applicable,Not_Applicable,37.4,1.8,50.1,17.4,10000.0,Clear,No_Impact,Under_Repair,41.75,0.97,60,0,Green,81.6,47.0,39.3,Good,5.54,5.6,In_Progress,318,Healthy,Brake_Wear,Minor,11,Tuesday,8,Monsoon,False,False,Completed,2025-08-26 11:32:02,2025-08-26 11:34:44,0.0,12.4,No_Delay,True,10.9
84218,Shatabdi 20,Shatabdi,Long-Distance,WCR,18.094919,92.741015,BCT,CNB,RTM,SEC-WCR-946,TRK-1,88.42,179.37,Down,2025-08-26 11:22:12,2025-08-26 11:32:12,5.38,73.3,1490.2,19,2025-08-26 14:00:12,1190.43,87.0,23.7,Running,0,299.77,13.0,17.7,15.9,22.4,10.7,4.3,56.0,84.8,59561,14.7,25.3,2.47,0,6.05,32.4,1,1,14.5,MEC06,Mechanical Failure,High,2025-08-26 13:24:12,11,Auto-Detected,Manual_Report,34.9,16.7,58.7,25.3,4419.0,Rain,No_Impact,Excellent,17.2,4.16,60,0,Green,60.5,55.8,56.1,Good,4.65,28.8,Up_to_Date,88,Healthy,No_Failure,No_Failure,14,Tuesday,8,Monsoon,False,False,In_Transit,2025-08-26 12:15:48,,215.7,29.9,Mechanical,True,20.1
33174,Mail 8,Mail,Suburban,SCR,21.519407,90.945533,ASN,CSTM,HWH,SEC-SCR-709,TRK-1,106.27,52.35,Down,2025-08-26 22:42:36,2025-08-26 22:50:36,13.51,146.5,2048.0,8,2025-08-26 23:09:36,367.12,51.4,8.4,Halted_Signal,39,1680.88,1.5,13.2,-4.0,16.9,15.3,6.8,74.6,142.4,26782,24.8,53.3,4.94,4,46.33,6.6,1,1,14.2,BLK08,Line Block / Engineering Work,High,2025-08-26 22:49:36,177,Confirmed,Station_Master,19.8,0.0,26.3,21.0,5115.0,Cloudy,Low,Poor,26.94,3.79,0,0,Yellow,75.9,82.0,50.0,Good,4.4,29.1,Up_to_Date,250,Healthy,Brake_Wear,Critical,23,Tuesday,8,Monsoon,False,False,Completed,2025-08-26 23:08:24,2025-08-26 23:02:48,0.0,17.4,Infrastructure,True,8.0
19552,DEMU 2,DEMU,Long-Distance,NER,34.144664,95.917409,MAS,GAYA,AGC,SEC-NER-966,TRK-2,13.92,51.64,Up,2025-08-27 03:57:05,2025-08-27 04:02:05,10.95,158.7,1038.9,0,2025-08-27 06:44:05,991.94,91.1,14.4,Stopped_at_Station,31,46.96,18.0,21.5,24.9,7.9,12.8,19.5,74.7,157.2,62201,-0.0,57.6,12.93,4,40.04,12.8,1,0,66.1,WTH03,Adverse Weather,High,2025-08-27 06:32:05,145,Confirmed,ML_Inference,23.2,0.0,84.6,25.4,3371.0,Heavy_Rain,No_Impact,Excellent,54.01,5.05,0,0,Green,71.5,39.4,52.0,Needs_Inspection,4.42,51.1,Up_to_Date,246,Degraded,Door_Malfunction,Moderate,6,Wednesday,8,Monsoon,False,False,Completed,2025-08-27 04:23:59,2025-08-27 04:23:41,0.0,12.5,Weather,True,8.0
50534,Shatabdi 23,Shatabdi,Long-Distance,NFR,14.218815,89.056199,SBC,RTM,GWL,SEC-NFR-624,TRK-2,20.81,26.47,Down,2025-08-27 07:20:30,2025-08-27 07:30:30,8.49,106.7,1381.7,6,2025-08-27 09:25:30,917.26,98.2,-1.4,Running,0,464.44,8.8,-5.0,-2.9,28.9,15.6,10.0,60.4,104.6,38063,20.8,78.1,25.54,4,25.41,32.3,0,1,4.2,CNG04,Traffic Congestion,Medium,2025-08-27 09:17:30,132,Confirmed,IoT_Sensor,29.9,1.6,22.5,18.2,5869.0,Fog,Severe,Fair,39.45,4.13,0,0,Green,55.5,57.6,50.6,Needs_Inspection,4.85,83.1,Due_Soon,185,Healthy,No_Failure,No_Failure,9,Wednesday,8,Monsoon,False,True,Completed,2025-08-27 07:25:36,2025-08-27 07:30:06,0.0,6.5,Traffic,False,0.0
59343,Vande Bharat 43,Vande Bharat,Premium,NFR,8.529468,79.543765,GAYA,AGC,JP,SEC-NFR-177,TRK-1,61.73,94.87,Up,2025-08-27 18:11:18,2025-08-27 18:28:18,28.86,163.7,809.6,5,2025-08-27 19:51:18,596.45,129.0,-1.2,Running,0,213.15,-5.0,1.7,7.2,13.9,11.8,12.5,59.9,163.4,32663,20.8,53.9,38.11,5,34.22,13.5,0,0,16.3,CNG04,Traffic Congestion,Medium,2025-08-27 18:40:18,138,Confirmed,ML_Inference,29.1,7.8,52.3,24.7,2740.0,Cloudy,No_Impact,Excellent,32.76,5.54,0,0,Yellow,19.8,42.4,37.0,Good,4.64,98.0,Up_to_Date,40,Degraded,HVAC_Failure,Minor,19,Wednesday,8,Monsoon,False,True,Completed,2025-08-27 18:14:30,2025-08-27 18:16:00,0.0,4.4,Traffic,False,0.0
20539,Garib Rath 31,Garib Rath,Long-Distance,SCR,29.182896,78.0933,MAS,LKO,JHS,SEC-SCR-214,TRK-2,148.99,130.94,Up,2025-08-27 20:05:51,2025-08-27 20:10:51,13.73,175.4,727.4,8,2025-08-27 22:43:51,208.61,53.6,7.4,Slow_Running,0,518.79,4.3,19.5,7.4,12.5,6.3,4.5,55.0,167.5,96221,18.6,51.1,13.0,3,20.24,41.6,0,0,62.5,CNG04,Traffic Congestion,Medium,2025-08-27 21:14:51,9,Auto-Detected,ML_Inference,32.8,1.4,65.1,18.4,8273.0,Clear,Low,Fair,48.16,4.5,0,0,Auto,87.5,77.5,36.3,Good,6.72,43.3,In_Progress,26,Degraded,No_Failure,No_Failure,22,Wednesday,8,Monsoon,False,False,In_Transit,2025-08-27 20:18:33,,582.3,5.3,Traffic,False,0.0
82741,Freight 27,Freight,Premium,WR,17.310767,70.503867,JHS,ST,SC,SEC-WR-430,TRK-3,16.53,3.55,Up,2025-08-27 21:20:09,2025-08-27 21:39:09,5.9,143.7,903.6,19,2025-08-27 23:42:09,438.68,30.0,-1.0,Running,0,464.92,4.2,9.8,5.0,9.4,14.1,11.9,91.5,139.3,66451,15.9,112.8,33.6,5,13.53,41.5,0,1,12.9,NON00,No Delay Reported,No_Impact,,0,Not_Applicable,Not_Applicable,39.2,6.5,43.4,21.9,4187.0,Clear,No_Impact,Good,30.08,3.14,60,0,Double_Yellow,84.9,55.4,76.7,Good,4.01,58.1,Due_Soon,89,Healthy,No_Failure,No_Failure,23,Wednesday,8,Monsoon,False,False,Completed,2025-08-27 21:22:33,2025-08-27 21:27:21,0.0,3.4,No_Delay,False,0.0
21795,MEMU 16,MEMU,Regional,NCR,14.569395,79.102107,ASN,MGS,HWH,SEC-NCR-585,TRK-3,173.15,38.48,Down,2025-08-28 07:25:50,2025-08-28 07:34:50,27.11,90.1,254.7,1,2025-08-28 09:21:50,135.08,99.3,13.4,Stopped_at_Station,26,119.62,12.6,7.2,7.6,14.6,9.5,10.5,84.4,92.4,83302,12.7,31.0,38.59,2,29.86,28.4,1,1,69.3,CNG04,Traffic Congestion,Medium,2025-08-28 08:07:50,69,Confirmed,Station_Master,23.2,6.3,54.4,5.3,3339.0,Heavy_Rain,Moderate,Good,30.25,2.79,60,0,Green,44.2,52.5,41.4,Needs_Inspection,4.29,76.6,Up_to_Date,271,Healthy,No_Failure,No_Failure,9,Thursday,8,Monsoon,False,True,Not_Started,,,81.0,29.2,Traffic,True,24.2
44872,Express 10,Express,Long-Distance,ECoR,33.561402,73.813976,LKO,BPL,NGP,SEC-ECoR-578,TRK-3,83.26,115.44,Down,2025-08-28 14:08:30,2025-08-28 14:20:30,14.12,29.5,2018.2,11,2025-08-28 15:26:30,452.72,59.2,6.7,Running,0,1565.48,20.3,5.6,7.8,14.5,26.5,5.1,55.9,23.4,14531,-3.4,36.8,8.56,2,48.85,8.4,1,1,8.6,NON00,No Delay Reported,No_Impact,,0,Not_Applicable,Not_Applicable,27.7,1.1,58.3,8.7,6310.0,Clear,No_Impact,Excellent,51.03,1.39,100,0,Auto,86.2,67.5,49.9,Excellent,4.05,47.9,Up_to_Date,290,Degraded,Electrical_Fault,Minor,15,Thursday,8,Monsoon,False,False,Completed,2025-08-28 14:14:54,2025-08-28 14:17:24,0.0,-0.3,No_Delay,False,0.0
82085,Vande Bharat 22,Vande Bharat,Long-Distance,NWR,10.158226,76.44324,CNB,JHS,TDL,SEC-NWR-722,TRK-2,14.44,128.28,Up,2025-08-28 20:00:02,2025-08-28 20:10:02,4.66,86.2,674.0,3,2025-08-28 19:54:02,592.9,112.4,26.8,Slow_Running,0,81.1,13.8,14.5,1.8,13.6,10.7,1.3,63.5,90.6,69476,21.3,75.3,3.45,2,42.06,14.3,1,1,28.5,ANI09,Animal / Obstruction on Track,Medium,2025-08-28 19:09:02,56,Unconfirmed,ML_Inference,31.9,3.3,66.3,27.3,1828.0,Clear,No_Impact,Fair,47.59,1.83,60,0,Green,66.9,82.7,37.6,Needs_Inspection,6.35,6.5,Due_Soon,163,Offline,Brake_Wear,Minor,19,Thursday,8,Monsoon,False,True,In_Transit,2025-08-28 20:45:26,,48.9,18.6,Traffic,True,13.0
51167,DEMU 23,DEMU,Long-Distance,NCR,32.598324,89.766167,NGP,MGS,HWH,SEC-NCR-131,TRK-2,87.07,56.65,Up,2025-08-28 21:41:57,2025-08-28 21:59:57,14.68,29.2,478.3,16,2025-08-28 21:44:57,177.33,34.8,4.2,Running,0,300.97,11.1,10.1,15.8,25.7,24.8,20.9,86.0,22.8,34869,35.5,96.8,7.32,4,38.65,14.9,0,1,44.3,CNG04,Traffic Congestion,Medium,2025-08-28 20:50:57,120,Unconfirmed,Manual_Report,30.6,0.0,98.8,21.0,6061.0,Clear,No_Impact,Good,37.26,6.4,100,0,Green,82.3,55.1,57.8,Excellent,3.72,75.9,Up_to_Date,21,Healthy,Electrical_Fault,Moderate,21,Thursday,8,Monsoon,False,False,Completed,2025-08-28 21:46:33,2025-08-28 21:49:51,0.0,0.4,Traffic,False,0.0
49032,Express 19,Express,Long-Distance,NWR,21.671321,94.69783,JHS,BCT,ALD,SEC-NWR-931,TRK-3,74.41,99.44,Up,2025-08-28 23:06:08,2025-08-28 23:16:08,27.9,78.8,1452.1,4,2025-08-29 00:45:08,637.4,83.4,17.5,Slow_Running,0,814.7,17.8,-4.2,-0.7,0.0,14.9,4.7,53.4,75.3,79710,8.1,77.7,25.1,2,2.29,8.3,1,1,14.2,NON00,No Delay Reported,No_Impact,,0,Not_Applicable,Not_Applicable,16.9,8.1,72.5,14.8,3374.0,Fog,No_Impact,Good,27.76,0.32,0,0,Red,71.7,51.3,45.7,Fair,5.83,9.7,Overdue,61,Healthy,Bearing_Overheat,Critical,0,Friday,8,Monsoon,False,False,Completed,2025-08-28 23:33:02,2025-08-28 23:28:44,0.0,9.4,No_Delay,False,0.0
99821,Mail 1,Mail,Suburban,SWR,9.823927,91.243224,BZA,HWH,SC,SEC-SWR-962,TRK-1,35.59,42.14,Up,2025-08-28 23:57:24,2025-08-29 00:09:24,9.86,65.4,1838.5,7,2025-08-29 01:15:24,245.23,55.4,23.9,Stopped_at_Station,11,1593.27,3.9,12.4,3.5,14.9,9.9,16.5,71.0,69.8,77003,9.7,59.2,34.27,0,21.89,21.1,1,1,16.3,CNG04,Traffic Congestion,Medium,2025-08-28 23:33:24,164,Confirmed,ML_Inference,21.0,0.0,65.9,16.5,5865.0,Cloudy,No_Impact,Good,32.45,2.54,45,0,Red,71.9,52.8,65.3,Fair,4.65,43.8,In_Progress,286,Healthy,No_Failure,No_Failure,1,Friday,8,Monsoon,False,False,Completed,2025-08-29 00:34:00,2025-08-29 00:33:12,0.0,12.7,Traffic,True,6.1
79325,Shatabdi 23,Shatabdi,Long-Distance,NER,9.372836,76.278785,NGP,ALD,BZA,SEC-NER-937,TRK-3,10.87,94.3,Up,2025-08-29 05:46:44,2025-08-29 05:48:44,15.43,105.8,826.7,9,2025-08-29 06:19:44,574.58,54.3,4.0,Stopped_at_Station,21,252.12,18.0,6.6,15.8,11.2,11.1,16.6,48.3,120.8,17366,5.9,114.6,15.37,5,1.54,7.7,0,0,46.9,SIG01,Signal Failure,High,2025-08-29 04:49:44,41,Unconfirmed,ML_Inference,21.3,3.2,52.4,14.5,6022.0,Storm,Low,Good,14.0,2.47,0,1,Green,55.7,56.9,66.9,Excellent,3.64,33.4,Overdue,284,Healthy,No_Failure,No_Failure,6,Friday,8,Monsoon,False,False,In_Transit,2025-08-29 06:04:20,,282.7,13.6,No_Delay,True,7.9
99223,Mail 17,Mail,Long-Distance,ECR,29.081418,90.331952,ASN,LKO,BPL,SEC-ECR-647,TRK-1,146.06,150.6,Up,2025-08-29 09:48:56,2025-08-29 09:54:56,16.24,139.0,500.6,5,2025-08-29 10:27:56,127.52,115.4,27.2,Running,0,373.08,4.9,10.8,-2.2,26.1,12.1,24.0,71.1,147.1,13080,9.6,53.6,38.09,0,2.87,28.0,1,1,25.9,WTH03,Adverse Weather,High,2025-08-29 08:31:56,133,Confirmed,IoT_Sensor,32.5,0.4,59.7,24.8,9080.0,Heavy_Rain,No_Impact,Fair,43.56,3.35,0,0,Green,61.5,65.6,58.0,Excellent,3.1,95.2,Up_to_Date,202,Healthy,Axle_Fault,Minor,10,Friday,8,Monsoon,False,False,Completed,2025-08-29 10:40:32,2025-08-29 10:38:32,0.0,24.4,Weather,True,21.1
63073,DEMU 36,DEMU,Suburban,NER,10.314505,94.453925,MGS,CSTM,PNBE,SEC-NER-266,TRK-2,173.98,175.4,Down,2025-08-29 19:22:43,2025-08-29 19:32:43,13.57,143.4,258.5,18,2025-08-29 20:35:43,103.91,28.8,7.8,Running,0,154.59,15.8,7.6,4.6,25.5,7.8,18.5,72.5,146.7,21292,3.9,58.5,9.7,4,36.65,15.8,1,1,29.6,TRK02,Track Maintenance,Medium,2025-08-29 19:03:43,149,Confirmed,Station_Master,18.2,5.7,58.3,16.8,5304.0,Fog,No_Impact,Fair,35.99,3.68,0,0,Green,56.0,56.2,58.2,Good,5.34,69.6,Up_to_Date,245,Faulty,Axle_Fault,Minor,20,Friday,8,Monsoon,False,True,Completed,2025-08-29 19:26:07,2025-08-29 19:24:19,0.0,-4.4,Infrastructure,False,0.0
26262,Vande Bharat 10,Vande Bharat,Long-Distance,SR,28.507019,83.308203,GAYA,JHS,ASN,SEC-SR-413,TRK-1,143.92,69.37,Up,2025-08-30 11:26:14,2025-08-30 11:31:14,2.95,158.8,580.7,4,2025-08-30 11:56:14,93.02,100.3,28.4,Slow_Running,0,487.68,22.4,15.7,3.9,17.5,7.5,0.0,59.5,163.4,10915,5.8,38.9,17.62,2,27.57,14.9,1,0,17.8,LCB05,Late Crew Boarding,Low,2025-08-30 10:10:14,168,Auto-Detected,Station_Master,27.8,4.5,49.2,10.6,4291.0,Clear,No_Impact,Good,45.41,1.1,60,0,Double_Yellow,46.3,61.5,63.2,Good,4.95,26.5,Up_to_Date,279,Healthy,No_Failure,No_Failure,11,Saturday,8,Monsoon,True,False,In_Transit,2025-08-30 12:06:20,,295.2,11.7,Operational,True,6.0
81541,DEMU 22,DEMU,Freight,NWR,27.116275,83.015059,KOTA,ADI,LKO,SEC-NWR-694,TRK-2,21.19,116.77,Down,2025-08-30 17:07:52,2025-08-30 17:21:52,4.86,137.3,399.5,16,2025-08-30 17:39:52,223.39,65.0,31.7,Stopped_at_Station,16,176.11,16.1,8.8,18.8,0.0,15.1,4.0,47.4,133.7,90188,5.2,38.9,26.92,3,2.8,5.7,1,1,17.4,WTH03,Adverse Weather,High,2025-08-30 17:27:52,75,Auto-Detected,Station_Master,23.0,0.3,19.6,11.7,5859.0,Clear,No_Impact,Fair,40.05,2.51,0,1,Auto,70.3,59.6,37.2,Good,5.58,5.1,Due_Soon,194,Healthy,No_Failure,No_Failure,17,Saturday,8,Monsoon,True,True,Completed,2025-08-30 17:51:52,2025-08-30 17:53:46,0.0,12.3,Weather,True,10.3
78779,MEMU 7,MEMU,Premium,NWR,8.09583,73.916735,GAYA,GWL,PUNE,SEC-NWR-475,TRK-1,24.9,136.42,Up,2025-08-30 23:30:11,2025-08-30 23:39:11,9.65,18.6,766.6,19,2025-08-30 23:21:11,258.38,103.0,6.3,Running,0,508.22,22.5,13.1,-5.0,10.5,0.0,20.4,61.9,21.2,92275,-0.2,70.0,3.43,3,20.97,3.3,1,1,26.3,ANI09,Animal / Obstruction on Track,Medium,2025-08-30 22:28:11,82,Unconfirmed,Control_Office,29.2,0.0,38.4,7.2,4771.0,Clear,Low,Excellent,25.33,3.32,0,0,Green,71.6,66.0,60.5,Needs_Inspection,5.58,3.2,Overdue,214,Healthy,No_Failure,No_Failure,23,Saturday,8,Monsoon,True,False,Completed,2025-08-30 23:49:05,2025-08-30 23:50:35,0.0,12.6,Traffic,True,10.5
60328,Garib Rath 20,Garib Rath,Regional,NR,9.138377,83.044289,CSTM,SBC,NGP,SEC-NR-132,TRK-1,115.4,59.26,Up,2025-08-31 10:56:36,2025-08-31 11:01:36,16.66,25.1,1801.8,14,2025-08-31 11:17:36,238.55,67.4,24.7,Running,0,1563.25,10.8,9.0,-5.0,9.3,0.0,22.6,69.0,21.8,89841,-4.6,101.2,24.61,1,19.07,11.3,1,0,27.0,WTH03,Adverse Weather,High,2025-08-31 10:30:36,7,Confirmed,Manual_Report,11.8,13.0,52.3,33.8,5808.0,Fog,No_Impact,Poor,8.5,1.91,45,0,Double_Yellow,70.9,74.6,70.3,Excellent,6.85,36.7,Up_to_Date,187,Healthy,Axle_Fault,Moderate,11,Sunday,8,Monsoon,True,False,Completed,2025-08-31 11:32:12,2025-08-31 11:32:54,0.0,10.9,Weather,True,5.6
82278,Superfast 33,Superfast,Freight,NER,30.887574,70.508951,PUNE,CNB,DHN,SEC-NER-890,TRK-2,17.88,2.23,Up,2025-08-31 13:38:54,2025-08-31 13:47:54,6.66,60.2,1873.8,5,2025-08-31 14:42:54,955.68,90.1,14.7,Running,0,918.12,17.6,-0.5,4.0,12.0,17.3,14.3,66.3,52.3,57097,-5.0,49.1,21.33,5,30.12,26.7,0,1,20.2,SIG01,Signal Failure,High,2025-08-31 13:57:54,97,Unconfirmed,ML_Inference,34.0,11.2,66.8,3.7,490.0,Fog,Severe,Poor,15.07,0.7,60,1,Red,83.2,34.9,32.6,Fair,5.04,62.3,In_Progress,206,Healthy,No_Failure,No_Failure,14,Sunday,8,Monsoon,True,False,Completed,2025-08-31 14:17:00,2025-08-31 14:24:48,0.0,23.4,No_Delay,True,17.8
94250,Express 32,Express,Suburban,SR,27.909772,82.252317,HWH,BPL,VAPI,SEC-SR-682,TRK-3,140.47,58.21,Up,2025-08-31 19:01:01,2025-08-31 19:04:01,10.03,10.6,567.2,17,2025-08-31 19:22:01,114.9,31.0,-2.2,Running,0,452.3,8.3,-2.6,29.2,12.9,18.5,23.7,54.3,17.1,56418,16.2,74.6,34.1,0,6.92,14.8,1,1,36.0,SIG01,Signal Failure,High,2025-08-31 18:44:01,101,Auto-Detected,IoT_Sensor,27.8,12.3,59.6,10.0,7175.0,Rain,Moderate,Excellent,54.9,6.97,0,0,Green,58.0,34.0,55.8,Excellent,5.45,80.5,In_Progress,112,Healthy,No_Failure,No_Failure,19,Sunday,8,Monsoon,True,True,Completed,2025-08-31 19:15:01,2025-08-31 19:17:13,0.0,16.2,No_Delay,True,12.0
80566,Passenger 47,Passenger,Suburban,ER,22.438526,87.53583,SBC,RTM,GWL,SEC-ER-194,TRK-2,133.15,16.87,Up,2025-08-31 18:22:55,2025-08-31 18:38:55,15.2,135.5,1832.4,5,2025-08-31 21:00:55,1431.53,67.9,13.4,Running,0,400.87,27.6,6.1,14.8,14.9,1.6,19.0,86.1,137.5,58653,20.2,63.2,18.19,0,24.59,6.3,0,0,48.6,ANI09,Animal / Obstruction on Track,Medium,2025-08-31 19:26:55,121,Unconfirmed,Manual_Report,7.8,6.5,29.8,16.9,2398.0,Rain,No_Impact,Good,28.55,2.92,0,0,Green,87.6,41.2,34.4,Good,5.85,78.3,Due_Soon,190,Faulty,No_Failure,No_Failure,21,Sunday,8,Monsoon,True,False,Completed,2025-08-31 18:49:43,2025-08-31 18:43:25,0.0,13.4,Traffic,True,5.8
62568,Garib Rath 33,Garib Rath,Long-Distance,WCR,22.918597,92.101499,AGC,ST,BZA,SEC-WCR-387,TRK-2,119.49,70.31,Up,2025-09-01 18:53:05,2025-09-01 19:02:05,7.39,110.9,1140.6,17,2025-09-01 19:39:05,736.92,102.2,2.0,Running,0,403.68,11.2,3.5,0.3,12.3,3.8,13.2,51.5,107.3,31846,6.5,62.2,11.97,2,12.28,24.8,0,1,18.6,WTH03,Adverse Weather,High,2025-09-01 18:34:05,47,Auto-Detected,Station_Master,25.4,4.4,84.2,11.5,5888.0,Cloudy,No_Impact,Fair,33.14,2.43,0,0,Green,65.5,49.6,44.7,Good,4.98,76.7,Up_to_Date,211,Healthy,No_Failure,No_Failure,19,Monday,9,Monsoon,False,True,Completed,2025-09-01 18:59:17,2025-09-01 18:51:17,0.0,4.2,Weather,False,0.0
35310,Mail 3,Mail,Long-Distance,SER,24.340932,91.862548,BZA,ST,MAS,SEC-SER-813,TRK-3,173.34,11.88,Down,2025-09-02 08:01:51,2025-09-02 08:18:51,10.66,123.1,76.0,4,2025-09-02 08:39:51,43.16,37.5,0.6,Running,0,32.84,2.7,10.9,13.3,9.2,10.4,17.5,72.0,122.6,90021,25.7,87.4,17.11,3,38.6,44.8,0,0,20.3,SIG01,Signal Failure,High,2025-09-02 07:36:51,173,Confirmed,ML_Inference,14.7,0.0,20.8,8.1,5924.0,Rain,Low,Good,34.5,4.89,0,0,Green,66.8,24.7,50.2,Excellent,5.09,64.3,Up_to_Date,199,Healthy,No_Failure,No_Failure,8,Tuesday,9,Monsoon,False,True,Completed,2025-09-02 08:16:21,2025-09-02 08:16:51,0.0,13.9,No_Delay,True,11.4
16521,Mail 33,Mail,Long-Distance,NCR,31.305872,84.867473,NDLS,GWL,HWH,SEC-NCR-618,TRK-3,42.97,58.58,Down,2025-09-02 15:01:36,2025-09-02 15:16:36,32.1,135.2,1402.3,16,2025-09-02 15:10:36,1359.72,82.2,16.2,Slow_Running,0,42.58,14.3,4.9,8.1,18.1,13.1,16.6,52.5,132.7,64066,0.3,49.8,9.21,0,1.93,5.7,0,1,7.2,BLK08,Line Block / Engineering Work,High,2025-09-02 14:32:36,164,Auto-Detected,ML_Inference,29.9,0.0,50.3,27.1,791.0,Clear,No_Impact,Excellent,40.67,0.86,0,0,Green,66.7,51.6,53.1,Excellent,5.6,50.4,Up_to_Date,112,Healthy,HVAC_Failure,Minor,15,Tuesday,9,Monsoon,False,False,In_Transit,2025-09-02 15:36:42,,36.8,18.9,Infrastructure,True,13.9
53406,Vande Bharat 21,Vande Bharat,Suburban,ER,29.724994,69.698894,AGC,RTM,PUNE,SEC-ER-953,TRK-1,33.97,21.16,Down,2025-09-02 17:02:09,2025-09-02 17:17:09,3.3,71.5,234.5,4,2025-09-02 17:32:09,210.06,92.0,11.4,Running,0,24.44,7.2,2.8,-0.6,13.7,18.4,14.7,99.0,62.6,39835,20.4,78.5,32.06,2,11.69,42.7,0,1,42.2,LCB05,Late Crew Boarding,Low,2025-09-02 17:31:09,42,Confirmed,Station_Master,20.7,0.3,34.3,20.9,5841.0,Rain,Low,Fair,41.71,3.44,0,1,Green,57.8,52.7,39.9,Excellent,4.34,71.7,In_Progress,73,Healthy,No_Failure,No_Failure,17,Tuesday,9,Monsoon,False,True,Completed,2025-09-02 17:23:27,2025-09-02 17:16:03,0.0,9.9,Operational,False,0.0
27052,Duronto 32,Duronto,Suburban,NER,33.546363,86.942885,GWL,NDLS,PNBE,SEC-NER-964,TRK-3,169.98,118.49,Up,2025-09-03 05:48:15,2025-09-03 06:05:15,33.03,18.8,744.4,2,2025-09-03 08:20:15,536.92,124.9,36.1,Halted_Signal,29,207.48,22.5,16.2,5.3,13.3,11.6,20.8,64.3,15.7,45505,24.3,75.3,7.62,0,43.28,7.7,1,1,63.6,MEC06,Mechanical Failure,High,2025-09-03 08:00:15,73,Confirmed,Manual_Report,35.6,1.2,50.3,3.9,3780.0,Cloudy,Severe,Good,35.55,1.43,0,0,Auto,53.3,44.4,55.4,Fair,4.65,13.0,Up_to_Date,323,Healthy,No_Failure,No_Failure,8,Wednesday,9,Monsoon,False,True,Completed,2025-09-03 07:12:57,2025-09-03 07:17:03,0.0,48.6,Mechanical,True,25.7
75031,Express 36,Express,Suburban,SER,8.617213,76.31555,GWL,DHN,BCT,SEC-SER-517,TRK-2,127.21,152.59,Up,2025-09-03 08:39:04,2025-09-03 08:41:04,24.1,110.9,1608.9,2,2025-09-03 09:22:04,1599.66,72.4,-1.8,Departed_Late,0,9.24,4.0,10.3,28.9,11.5,12.4,20.1,81.2,105.3,23254,11.7,74.1,27.53,0,15.31,13.9,1,0,30.2,NON00,No Delay Reported,No_Impact,,0,Not_Applicable,Not_Applicable,29.5,1.4,60.6,20.4,5350.0,Clear,No_Impact,Fair,21.08,1.8,0,0,Double_Yellow,72.7,59.4,51.1,Fair,4.57,7.1,In_Progress,55,Healthy,No_Failure,No_Failure,9,Wednesday,9,Monsoon,False,True,Completed,2025-09-03 08:50:40,2025-09-03 08:49:10,0.0,13.4,No_Delay,True,7.1
79105,DEMU 15,DEMU,Long-Distance,CR,22.490557,70.587511,CNB,BZA,HWH,SEC-CR-529,TRK-2,88.54,139.66,Down,2025-09-03 15:22:04,2025-09-03 15:35:04,18.9,121.2,1435.6,17,2025-09-03 15:51:04,1144.34,99.1,17.2,Terminated,0,291.26,19.7,25.0,17.2,14.9,24.0,11.9,46.6,120.1,45221,21.4,20.6,21.16,5,43.24,15.3,1,0,10.1,NON00,No Delay Reported,No_Impact,,0,Not_Applicable,Not_Applicable,23.5,7.4,35.1,15.3,3881.0,Cloudy,Low,Under_Repair,30.45,3.02,0,0,Green,52.3,49.7,49.9,Good,4.14,23.0,Up_to_Date,268,Healthy,Axle_Fault,Minor,15,Wednesday,9,Monsoon,False,False,Completed,2025-09-03 15:52:16,2025-09-03 15:58:34,0.0,13.0,No_Delay,True,9.4
33716,Superfast 12,Superfast,Regional,ECR,10.901414,81.290982,JP,NGP,DHN,SEC-ECR-489,TRK-1,8.31,142.58,Down,2025-09-03 15:17:07,2025-09-03 15:22:07,13.41,170.3,1190.2,11,2025-09-03 16:36:07,765.95,79.5,45.7,Stopped_at_Station,21,424.25,9.8,0.7,16.5,16.8,0.0,1.9,54.5,173.0,43660,0.5,35.9,39.5,3,9.2,9.4,1,1,33.6,CNG04,Traffic Congestion,Medium,2025-09-03 15:27:07,101,Confirmed,Manual_Report,20.8,8.4,60.6,5.2,4072.0,Clear,Low,Poor,38.06,2.19,0,0,Green,58.5,54.0,20.1,Needs_Inspection,4.95,28.4,Up_to_Date,347,Healthy,Electrical_Fault,Minor,16,Wednesday,9,Monsoon,False,False,Completed,2025-09-03 16:24:43,2025-09-03 16:30:01,0.0,21.9,Traffic,True,16.1
48886,Passenger 21,Passenger,Regional,SECR,22.636818,86.965148,NDLS,JHS,BCT,SEC-SECR-597,TRK-3,149.28,177.23,Up,2025-09-04 00:09:57,2025-09-04 00:17:57,30.1,12.2,979.3,15,2025-09-04 01:03:57,873.76,91.4,26.0,Running,0,105.54,27.6,-1.2,0.9,19.0,19.2,24.0,55.3,16.9,47641,15.8,76.4,26.9,3,44.16,30.5,1,1,13.7,ANI09,Animal / Obstruction on Track,Medium,2025-09-04 00:46:57,79,Confirmed,ML_Inference,23.7,0.0,24.6,0.0,8558.0,Clear,Low,Fair,45.65,5.18,75,1,Green,86.0,64.2,55.8,Good,5.27,16.8,Overdue,70,Healthy,No_Failure,No_Failure,1,Thursday,9,Monsoon,False,False,Completed,2025-09-04 00:59:21,2025-09-04 00:52:57,0.0,23.4,Traffic,True,17.1
93322,MEMU 14,MEMU,Freight,NER,29.732776,91.909163,SC,ALD,JHS,SEC-NER-712,TRK-1,147.7,101.15,Up,2025-09-04 01:58:30,2025-09-04 02:01:30,18.46,54.6,1261.3,14,2025-09-04 02:49:30,86.48,59.7,9.0,Running,0,1174.82,8.9,5.3,7.4,16.8,12.1,16.7,68.8,60.5,69051,11.7,40.9,23.95,5,44.71,29.7,1,1,71.7,LCB05,Late Crew Boarding,Low,2025-09-04 01:17:30,43,Confirmed,IoT_Sensor,34.2,4.5,56.9,13.2,10000.0,Cloudy,No_Impact,Good,27.76,5.02,45,0,Green,59.7,50.5,47.2,Needs_Inspection,4.36,63.3,In_Progress,84,Healthy,No_Failure,No_Failure,2,Thursday,9,Monsoon,False,False,Completed,2025-09-04 02:35:48,2025-09-04 02:36:36,0.0,28.3,Operational,True,24.8
78862,Shatabdi 26,Shatabdi,Freight,SWR,13.529101,76.719021,AGC,NGP,BPL,SEC-SWR-299,TRK-1,7.68,62.43,Down,2025-09-04 20:01:34,2025-09-04 20:07:34,23.15,152.2,1069.5,11,2025-09-04 21:19:34,606.75,126.9,2.5,Running,0,462.75,20.3,3.9,12.3,0.8,5.3,7.6,74.3,149.7,35022,16.3,76.0,21.02,2,14.08,39.9,0,1,43.6,SIG01,Signal Failure,High,2025-09-04 20:04:34,12,Auto-Detected,IoT_Sensor,38.1,2.8,68.3,16.3,4803.0,Fog,No_Impact,Poor,28.36,3.51,0,0,Yellow,46.1,69.4,47.7,Good,6.47,13.9,Up_to_Date,173,Healthy,Axle_Fault,Minor,21,Thursday,9,Monsoon,False,False,Completed,2025-09-04 20:05:46,2025-09-04 20:09:22,0.0,1.7,No_Delay,False,0.0
34940,DEMU 14,DEMU,Long-Distance,NCR,15.997524,77.666237,JHS,AGC,TDL,SEC-NCR-887,TRK-1,29.5,169.86,Down,2025-09-05 15:21:49,2025-09-05 15:36:49,25.09,166.2,75.0,8,2025-09-05 18:08:49,27.57,92.2,10.2,Running,0,47.43,20.2,14.0,7.8,12.4,17.9,7.3,57.0,157.8,66483,8.1,62.9,4.21,2,49.38,9.3,1,1,35.7,NON00,No Delay Reported,No_Impact,,0,Not_Applicable,Not_Applicable,25.5,2.1,38.8,17.4,4655.0,Haze,No_Impact,Good,54.83,2.16,30,0,Green,90.9,73.6,64.4,Good,3.78,80.6,Overdue,242,Healthy,No_Failure,No_Failure,18,Friday,9,Monsoon,False,True,Completed,2025-09-05 15:39:49,2025-09-05 15:36:13,0.0,7.8,No_Delay,False,0.0
40504,Garib Rath 28,Garib Rath,Freight,NER,12.089049,73.487641,LKO,ADI,AGC,SEC-NER-462,TRK-1,31.42,29.26,Up,2025-09-05 18:24:04,2025-09-05 18:34:04,28.15,49.8,1042.8,11,2025-09-05 19:15:04,819.13,56.0,-2.9,Slow_Running,0,223.67,21.2,8.1,17.7,7.9,18.6,12.6,56.0,56.7,61313,14.6,122.5,18.65,2,39.67,29.1,1,1,25.9,SIG01,Signal Failure,High,2025-09-05 17:42:04,163,Unconfirmed,Control_Office,39.9,2.2,51.0,15.3,5536.0,Clear,No_Impact,Poor,53.82,4.85,0,0,Green,63.0,47.8,39.3,Excellent,4.97,79.7,Due_Soon,146,Healthy,Bearing_Overheat,Moderate,19,Friday,9,Monsoon,False,True,Completed,2025-09-05 18:30:16,2025-09-05 18:33:34,0.0,9.1,No_Delay,False,0.0
91496,Duronto 29,Duronto,Long-Distance,SR,21.329374,89.311091,JHS,DHN,BZA,SEC-SR-818,TRK-1,140.62,39.39,Down,2025-09-06 02:58:02,2025-09-06 03:01:02,7.69,136.3,131.5,17,2025-09-06 04:36:02,107.07,74.9,11.8,Running,0,24.43,7.6,14.1,0.6,17.0,9.4,24.2,74.5,136.4,77602,16.2,86.3,37.36,2,2.6,24.4,0,0,35.5,PSG07,Passenger Emergency,Medium,2025-09-06 03:48:02,125,Auto-Detected,ML_Inference,17.5,0.0,23.9,9.0,8219.0,Cloudy,Low,Excellent,46.28,2.02,45,0,Auto,60.6,43.4,55.4,Good,5.57,46.2,Up_to_Date,337,Healthy,No_Failure,No_Failure,4,Saturday,9,Monsoon,True,False,Completed,2025-09-06 03:12:02,2025-09-06 03:03:44,0.0,2.2,Operational,False,0.0
90250,Shatabdi 11,Shatabdi,Long-Distance,NWR,20.736142,77.44577,SC,ST,PNBE,SEC-NWR-919,TRK-2,172.3,111.05,Up,2025-09-06 12:10:08,2025-09-06 12:17:08,4.17,62.5,507.6,14,2025-09-06 12:54:08,387.77,75.4,14.5,Slow_Running,0,119.83,22.6,1.1,23.5,8.6,25.9,10.2,64.5,59.1,93028,12.5,67.9,28.31,5,14.7,7.4,1,1,9.7,WTH03,Adverse Weather,High,2025-09-06 11:25:08,14,Auto-Detected,Control_Office,26.1,10.2,74.1,18.1,7519.0,Clear,Low,Good,41.91,6.72,100,0,Yellow,76.2,58.3,51.2,Good,4.76,46.0,Overdue,308,Healthy,Brake_Wear,Moderate,12,Saturday,9,Monsoon,True,False,Completed,2025-09-06 12:25:20,2025-09-06 12:27:44,0.0,0.7,Weather,False,0.0
93381,Passenger 2,Passenger,Regional,ECoR,18.389125,92.901559,HWH,SC,ADI,SEC-ECoR-611,TRK-1,175.19,68.47,Up,2025-09-06 14:57:16,2025-09-06 15:10:16,30.47,50.7,703.1,7,2025-09-06 14:53:16,141.4,37.1,13.8,Running,0,561.7,13.0,18.1,8.1,7.0,15.8,7.9,63.1,47.5,54510,-5.0,90.1,27.85,3,19.99,37.8,1,1,20.3,TRK02,Track Maintenance,Medium,2025-09-06 14:15:16,20,Confirmed,ML_Inference,34.2,0.2,44.6,22.3,10000.0,Clear,No_Impact,Fair,24.95,5.7,0,0,Green,66.8,66.7,72.4,Good,5.16,72.1,In_Progress,159,Healthy,No_Failure,No_Failure,14,Saturday,9,Monsoon,True,False,Not_Started,,,915.2,22.5,Infrastructure,True,17.7
25904,DEMU 22,DEMU,Long-Distance,CR,13.63588,88.054685,MGS,ALD,DHN,SEC-CR-242,TRK-1,59.92,28.07,Up,2025-09-07 01:04:25,2025-09-07 01:17:25,2.29,93.7,304.2,11,2025-09-07 01:07:25,242.2,62.8,25.2,Slow_Running,0,62.0,14.4,10.0,-0.0,14.5,9.7,10.7,74.5,99.1,42918,25.1,8.4,32.43,1,37.04,24.9,1,1,22.6,NON00,No Delay Reported,No_Impact,,0,Not_Applicable,Not_Applicable,32.5,2.3,36.7,20.6,5204.0,Clear,No_Impact,Fair,27.84,1.54,0,0,Auto,33.0,45.4,43.0,Fair,4.45,14.6,In_Progress,352,Healthy,No_Failure,No_Failure,1,Sunday,9,Monsoon,True,False,Completed,2025-09-07 01:35:31,2025-09-07 01:38:07,0.0,5.9,No_Delay,False,0.0
47674,Mail 26,Mail,Regional,WR,32.032914,94.609753,TDL,GAYA,VAPI,SEC-WR-517,TRK-3,143.09,137.75,Up,2025-09-07 13:54:53,2025-09-07 14:12:53,20.52,45.6,1951.6,1,2025-09-07 13:51:53,1723.43,97.6,1.8,Running,0,228.17,1.1,13.4,8.9,18.2,15.1,11.3,57.9,58.1,88006,13.5,72.2,13.55,5,31.89,8.2,1,1,11.2,CNG04,Traffic Congestion,Medium,2025-09-07 12:35:53,168,Auto-Detected,Manual_Report,24.1,2.7,72.1,14.5,8978.0,Storm,Severe,Excellent,47.22,1.79,30,0,Green,56.5,54.7,54.5,Fair,5.4,78.0,Up_to_Date,276,Healthy,No_Failure,No_Failure,13,Sunday,9,Monsoon,True,False,Completed,2025-09-07 14:04:29,2025-09-07 14:08:05,0.0,7.8,Traffic,False,0.0
81931,Mail 23,Mail,Premium,SER,30.057708,74.023089,GWL,KOTA,ALD,SEC-SER-317,TRK-1,134.42,102.06,Down,2025-09-07 13:05:52,2025-09-07 13:11:52,7.97,63.2,1021.4,1,2025-09-07 13:59:52,515.77,28.9,-0.8,Running,0,505.63,1.4,4.0,14.9,15.5,7.6,9.5,69.0,74.2,47582,0.6,58.2,33.58,1,12.86,43.5,1,1,55.8,CNG04,Traffic Congestion,Medium,2025-09-07 13:21:52,129,Auto-Detected,Manual_Report,35.7,2.8,39.8,8.0,719.0,Clear,Low,Under_Repair,44.32,5.02,0,0,Auto,46.6,36.3,31.9,Excellent,2.93,58.6,In_Progress,329,Healthy,Bearing_Overheat,Minor,13,Sunday,9,Monsoon,True,False,In_Transit,2025-09-07 13:27:28,,1056.5,22.4,Traffic,True,15.8
71532,Express 18,Express,Regional,NWR,13.168281,70.801995,AGC,MAS,BCT,SEC-NWR-950,TRK-1,92.07,81.73,Up,2025-09-07 21:38:08,2025-09-07 21:43:08,11.89,8.7,2020.6,15,2025-09-07 23:19:08,320.3,43.8,1.3,Stopped_at_Station,36,1700.3,6.2,12.8,-3.3,11.5,14.4,15.2,63.1,17.5,72639,15.2,30.1,28.09,1,47.65,6.5,1,1,39.3,SIG01,Signal Failure,High,2025-09-07 21:39:08,35,Auto-Detected,ML_Inference,23.3,0.5,52.4,5.8,6276.0,Clear,No_Impact,Good,43.78,3.16,45,0,Green,71.4,20.0,41.5,Good,4.83,43.3,Overdue,330,Healthy,No_Failure,No_Failure,23,Sunday,9,Monsoon,True,False,Completed,2025-09-07 21:47:20,2025-09-07 21:45:44,0.0,7.9,No_Delay,False,0.0
24069,Express 43,Express,Regional,WR,27.406457,72.430138,ASN,DHN,ST,SEC-WR-947,TRK-2,73.13,98.96,Up,2025-09-08 22:50:24,2025-09-08 22:54:24,30.07,9.9,962.1,5,2025-09-09 00:45:24,631.18,59.1,17.9,Running,0,330.92,9.7,6.6,-1.2,8.5,12.9,15.3,82.2,18.8,89236,12.9,117.8,26.31,4,34.24,18.4,1,1,73.0,NON00,No Delay Reported,No_Impact,,0,Not_Applicable,Not_Applicable,25.8,0.0,68.3,12.1,5265.0,Storm,No_Impact,Poor,51.89,1.05,60,0,Green,69.9,96.8,47.3,Good,5.46,47.1,Due_Soon,351,Healthy,No_Failure,No_Failure,0,Tuesday,9,Monsoon,False,False,In_Transit,2025-09-08 23:26:00,,341.3,17.7,No_Delay,True,10.0
13163,Duronto 8,Duronto,Long-Distance,SWR,31.585389,81.460925,MAS,ST,CNB,SEC-SWR-502,TRK-1,122.8,68.77,Up,2025-09-08 22:37:37,2025-09-08 22:44:37,30.05,153.8,1643.7,1,2025-09-09 00:59:37,702.52,87.7,11.3,Slow_Running,0,941.18,5.2,5.5,17.0,21.2,12.0,15.7,84.4,158.0,74492,14.0,101.0,16.68,2,26.91,21.0,0,1,45.9,TRK02,Track Maintenance,Medium,2025-09-09 00:04:37,175,Auto-Detected,Manual_Report,17.0,1.2,48.0,28.6,9499.0,Clear,No_Impact,Fair,32.56,3.95,0,1,Green,86.1,30.7,63.1,Excellent,5.05,43.7,Up_to_Date,200,Healthy,No_Failure,No_Failure,0,Tuesday,9,Monsoon,False,False,Not_Started,,,651.9,26.6,Infrastructure,True,11.2
91848,Garib Rath 38,Garib Rath,Regional,NCR,25.294643,76.335553,GWL,CNB,BCT,SEC-NCR-706,TRK-1,150.83,5.24,Down,2025-09-08 23:40:19,2025-09-08 23:49:19,3.63,82.4,1224.8,8,2025-09-09 01:49:19,280.54,96.7,20.8,Halted_Signal,1,944.26,10.6,16.8,5.7,8.7,10.6,9.1,70.9,84.9,56664,11.8,35.2,0.54,5,22.0,31.5,1,1,27.8,MEC06,Mechanical Failure,High,2025-09-09 00:11:19,51,Auto-Detected,IoT_Sensor,27.5,1.3,87.0,12.5,7880.0,Fog,Low,Fair,45.62,3.61,0,0,Green,40.0,71.0,50.1,Good,4.2,24.8,Up_to_Date,112,Healthy,No_Failure,No_Failure,1,Tuesday,9,Monsoon,False,False,Completed,2025-09-09 00:18:43,2025-09-09 00:16:37,0.0,17.6,Mechanical,True,14.6
64140,Express 12,Express,Regional,NWR,21.19614,79.057813,BZA,VAPI,CNB,SEC-NWR-458,TRK-3,37.83,70.33,Down,2025-09-09 01:06:52,2025-09-09 01:21:52,8.7,30.5,1944.1,6,2025-09-09 03:41:52,278.21,56.9,9.9,Running,0,1665.89,17.8,15.7,-0.3,19.2,18.9,23.8,71.7,32.2,92636,12.3,73.8,8.18,1,31.02,25.0,1,1,50.2,PSG07,Passenger Emergency,Medium,2025-09-09 02:35:52,132,Confirmed,Station_Master,32.9,0.9,51.5,9.6,7541.0,Clear,No_Impact,Excellent,40.21,3.89,0,0,Green,39.2,59.2,30.1,Good,5.62,79.3,In_Progress,248,Healthy,Bearing_Overheat,Minor,3,Tuesday,9,Monsoon,False,False,Not_Started,,,1759.0,7.7,Operational,False,0.0
43624,Superfast 17,Superfast,Suburban,NCR,18.255954,73.933319,ST,JHS,JP,SEC-NCR-861,TRK-3,24.52,134.71,Up,2025-09-09 07:44:14,2025-09-09 07:59:14,31.41,75.9,1394.9,6,2025-09-09 09:11:14,764.11,72.1,2.1,Running,0,630.79,36.2,12.0,8.3,23.2,2.5,20.5,51.5,73.1,63679,-4.7,56.2,5.58,4,44.92,35.0,0,1,2.8,ANI09,Animal / Obstruction on Track,Medium,2025-09-09 07:20:14,66,Confirmed,Station_Master,29.6,0.9,62.9,0.2,7856.0,Rain,No_Impact,Under_Repair,58.8,2.42,30,0,Green,100.0,55.3,48.2,Excellent,4.58,21.3,Overdue,211,Healthy,No_Failure,No_Failure,9,Tuesday,9,Monsoon,False,True,Completed,2025-09-09 07:47:56,2025-09-09 07:50:08,0.0,1.6,Traffic,False,0.0
13367,Shatabdi 9,Shatabdi,Long-Distance,ER,30.49246,89.631234,CNB,LKO,PUNE,SEC-ER-940,TRK-1,172.33,90.32,Down,2025-09-09 09:18:26,2025-09-09 09:32:26,7.02,121.3,261.3,12,2025-09-09 09:34:26,3.59,85.0,8.2,Slow_Running,0,257.71,-5.0,15.6,1.6,20.4,14.1,15.1,99.0,123.3,63568,29.3,25.7,5.42,5,29.57,19.4,1,1,17.2,ANI09,Animal / Obstruction on Track,Medium,2025-09-09 08:30:26,102,Confirmed,IoT_Sensor,41.4,5.3,53.6,14.9,4977.0,Cloudy,Moderate,Excellent,31.14,3.32,60,0,Green,66.4,57.6,54.0,Fair,4.92,83.2,Overdue,245,Healthy,Bearing_Overheat,Minor,9,Tuesday,9,Monsoon,False,True,Completed,2025-09-09 09:31:02,2025-09-09 09:32:02,0.0,4.4,Traffic,False,0.0
13975,Duronto 26,Duronto,Freight,NFR,23.045537,83.248899,PUNE,JP,PNBE,SEC-NFR-418,TRK-3,42.37,6.73,Up,2025-09-09 11:00:26,2025-09-09 11:17:26,21.29,14.0,1335.5,9,2025-09-09 10:58:26,943.3,86.5,25.1,Running,0,392.2,11.5,7.5,18.8,26.5,16.1,17.8,64.9,12.6,20442,-0.6,62.1,15.41,0,21.02,34.7,1,1,7.3,SIG01,Signal Failure,High,2025-09-09 10:25:26,92,Auto-Detected,IoT_Sensor,35.2,0.0,43.9,6.0,2367.0,Clear,Severe,Fair,39.28,1.82,100,0,Yellow,18.9,42.1,39.2,Fair,5.12,23.3,Up_to_Date,247,Healthy,No_Failure,No_Failure,10,Tuesday,9,Monsoon,False,False,Completed,2025-09-09 11:48:02,2025-09-09 11:47:44,0.0,22.5,No_Delay,True,17.0
35901,Shatabdi 36,Shatabdi,Long-Distance,SER,24.002411,70.972254,ASN,MGS,NGP,SEC-SER-750,TRK-2,124.12,85.95,Down,2025-09-09 10:59:33,2025-09-09 11:05:33,29.24,168.5,256.8,18,2025-09-09 11:57:33,157.6,43.5,7.2,Departed_Late,0,99.2,25.6,-2.8,-3.2,14.3,0.0,28.2,62.5,171.4,15735,4.3,98.7,21.65,4,11.72,38.3,1,0,37.0,SIG01,Signal Failure,High,2025-09-09 11:45:33,46,Confirmed,Control_Office,22.7,0.4,100.0,24.6,9147.0,Cloudy,Moderate,Good,13.82,5.79,0,1,Red,70.5,42.5,56.0,Excellent,5.03,82.3,Due_Soon,38,Degraded,No_Failure,No_Failure,11,Tuesday,9,Monsoon,False,False,Completed,2025-09-09 11:06:39,2025-09-09 11:09:39,0.0,-0.1,No_Delay,False,0.0
12052,Shatabdi 16,Shatabdi,Regional,SER,23.761206,82.137605,ASN,KOTA,JP,SEC-SER-102,TRK-2,174.39,134.5,Up,2025-09-09 12:15:44,2025-09-09 12:26:44,10.8,76.0,1573.3,18,2025-09-09 14:20:44,1468.25,64.8,9.0,Departed_Late,0,105.05,11.5,10.7,5.9,15.8,16.7,0.0,99.0,74.7,11445,13.4,69.5,19.06,1,28.7,31.0,1,1,6.8,CNG04,Traffic Congestion,Medium,2025-09-09 13:19:44,149,Confirmed,Station_Master,23.6,2.6,43.0,18.1,7327.0,Fog,Low,Good,36.54,2.94,0,1,Yellow,77.4,72.9,54.5,Excellent,4.09,46.0,Due_Soon,357,Healthy,HVAC_Failure,Moderate,14,Tuesday,9,Monsoon,False,False,Completed,2025-09-09 12:31:02,2025-09-09 12:36:20,0.0,6.3,Traffic,False,0.0
41906,Express 37,Express,Long-Distance,NER,19.855678,94.852531,ASN,JP,PNBE,SEC-NER-416,TRK-1,175.4,95.26,Down,2025-09-10 01:19:08,2025-09-10 01:29:08,20.33,53.8,1942.0,12,2025-09-10 03:29:08,1735.41,49.0,30.8,Running,0,206.59,5.9,-1.9,17.2,11.3,14.3,12.0,83.7,49.3,60245,9.7,64.9,6.07,4,10.26,39.2,1,0,29.0,CNG04,Traffic Congestion,Medium,2025-09-10 03:05:08,145,Confirmed,Control_Office,41.0,0.0,27.6,29.1,5924.0,Clear,No_Impact,Good,40.13,3.66,0,0,Green,97.5,67.0,33.6,Good,5.88,11.4,Up_to_Date,200,Healthy,Bearing_Overheat,Critical,3,Wednesday,9,Monsoon,False,False,Completed,2025-09-10 01:58:56,2025-09-10 02:01:44,0.0,9.0,Traffic,False,0.0
71473,Superfast 20,Superfast,Regional,NFR,15.152333,91.302225,BZA,ASN,BRC,SEC-NFR-254,TRK-2,157.67,122.07,Down,2025-09-10 14:27:19,2025-09-10 14:38:19,10.33,131.0,700.7,5,2025-09-10 15:51:19,10.07,107.4,3.6,Running,0,690.63,5.6,3.0,-4.7,10.8,16.6,0.0,72.7,127.5,71436,-2.1,65.6,1.32,4,30.35,33.9,0,1,13.8,SIG01,Signal Failure,High,2025-09-10 14:44:19,177,Confirmed,IoT_Sensor,18.8,2.2,51.0,7.8,3809.0,Clear,No_Impact,Poor,13.76,6.25,0,1,Auto,89.3,59.1,53.0,Good,4.33,85.2,Up_to_Date,340,Offline,No_Failure,No_Failure,15,Wednesday,9,Monsoon,False,False,Completed,2025-09-10 14:29:13,2025-09-10 14:33:19,0.0,-1.7,No_Delay,False,0.0
22581,DEMU 27,DEMU,Suburban,ECR,25.8432,93.157728,BPL,VAPI,ALD,SEC-ECR-867,TRK-3,124.11,14.64,Down,2025-09-10 17:16:17,2025-09-10 17:24:17,17.95,178.9,1580.1,1,2025-09-10 19:31:17,1390.35,116.2,-2.3,Stopped_at_Station,31,189.75,13.1,12.2,9.7,18.5,11.6,17.9,79.5,174.0,80877,20.2,75.3,16.23,2,2.34,29.4,1,0,50.6,NON00,No Delay Reported,No_Impact,,0,Not_Applicable,Not_Applicable,24.7,0.0,69.9,13.9,3359.0,Cloudy,No_Impact,Excellent,25.05,4.25,0,0,Double_Yellow,26.0,70.6,65.1,Good,4.29,51.3,Due_Soon,239,Healthy,No_Failure,No_Failure,19,Wednesday,9,Monsoon,False,True,Completed,2025-09-10 17:23:23,2025-09-10 17:23:05,0.0,9.4,No_Delay,False,0.0
76324,MEMU 46,MEMU,Long-Distance,ECR,10.8193,76.278611,PUNE,CSTM,GAYA,SEC-ECR-590,TRK-2,18.67,158.56,Down,2025-09-10 22:30:40,2025-09-10 22:46:40,24.06,156.8,1740.2,8,2025-09-10 23:53:40,1629.16,50.6,13.6,Halted_Signal,33,111.04,7.8,14.5,12.7,11.5,3.0,22.0,60.4,159.8,63856,-4.4,80.8,31.1,0,18.03,21.9,1,1,41.8,ANI09,Animal / Obstruction on Track,Medium,2025-09-10 22:47:40,45,Auto-Detected,Station_Master,27.1,0.1,94.9,7.4,188.0,Clear,No_Impact,Excellent,24.82,4.53,0,0,Yellow,57.4,37.9,42.7,Excellent,5.78,90.7,Up_to_Date,161,Healthy,No_Failure,No_Failure,23,Wednesday,9,Monsoon,False,False,Completed,2025-09-10 23:03:40,2025-09-10 23:08:34,0.0,19.4,Traffic,True,13.2
77801,Rajdhani 46,Rajdhani,Long-Distance,CR,30.683006,96.889627,GWL,NGP,BRC,SEC-CR-103,TRK-2,27.16,67.77,Up,2025-09-10 23:48:06,2025-09-10 23:55:06,14.95,103.9,440.3,7,2025-09-11 00:55:06,293.1,101.1,4.6,Departed_Late,0,147.2,10.6,11.4,18.0,12.5,12.3,0.0,56.3,96.4,47228,19.4,32.9,3.76,0,39.04,24.7,0,0,8.7,TRK02,Track Maintenance,Medium,2025-09-10 23:17:06,138,Confirmed,Control_Office,22.2,0.0,46.0,21.3,4276.0,Rain,No_Impact,Excellent,12.26,5.48,0,0,Green,97.8,34.8,30.2,Excellent,4.59,91.1,Up_to_Date,45,Degraded,Door_Malfunction,Critical,0,Thursday,9,Monsoon,False,False,Completed,2025-09-10 23:46:18,2025-09-10 23:40:12,0.0,-6.4,Infrastructure,False,0.0
43628,Passenger 20,Passenger,Freight,ER,12.324221,73.220543,ADI,DHN,JP,SEC-ER-547,TRK-2,139.77,46.45,Down,2025-09-11 04:46:34,2025-09-11 04:48:34,28.24,162.2,1289.3,18,2025-09-11 06:29:34,1238.86,57.4,18.7,Running,0,50.44,33.5,12.5,13.9,37.3,8.6,9.7,75.8,156.2,26739,17.9,71.7,30.32,1,21.81,3.3,1,0,24.9,CNG04,Traffic Congestion,Medium,2025-09-11 04:38:34,170,Auto-Detected,ML_Inference,18.2,1.1,69.7,19.6,6372.0,Clear,Severe,Poor,33.67,1.19,30,1,Yellow,55.6,85.2,51.8,Fair,4.5,84.1,In_Progress,25,Healthy,Axle_Fault,Critical,6,Thursday,9,Monsoon,False,False,Completed,2025-09-11 05:11:22,2025-09-11 05:07:52,0.0,6.1,Traffic,False,0.0
81412,Superfast 2,Superfast,Long-Distance,ECoR,10.101898,95.83636,MAS,AGC,ST,SEC-ECoR-545,TRK-3,108.01,159.09,Down,2025-09-11 14:20:47,2025-09-11 14:22:47,29.7,86.5,861.9,11,2025-09-11 15:35:47,770.83,72.8,6.7,Stopped_at_Station,9,91.07,14.7,1.7,15.1,6.3,15.1,25.5,66.2,83.6,26492,11.9,58.9,39.7,3,34.1,20.9,1,1,27.3,SIG01,Signal Failure,High,2025-09-11 13:53:47,57,Auto-Detected,Station_Master,17.0,6.1,76.8,20.7,7683.0,Fog,Low,Fair,52.31,3.11,0,0,Green,65.4,64.6,53.8,Good,4.66,78.2,Due_Soon,281,Healthy,No_Failure,No_Failure,15,Thursday,9,Monsoon,False,False,Completed,2025-09-11 14:38:47,2025-09-11 14:42:59,0.0,11.3,No_Delay,True,7.8
17594,Passenger 7,Passenger,Suburban,ECoR,22.906995,77.281618,TDL,MAS,PNBE,SEC-ECoR-783,TRK-1,110.67,15.39,Down,2025-09-11 20:26:40,2025-09-11 20:30:40,20.52,153.9,692.5,14,2025-09-11 22:45:40,620.21,43.4,-0.9,Slow_Running,0,72.29,-2.8,7.2,3.4,19.5,13.2,15.9,52.7,150.5,30136,12.4,58.2,39.36,5,46.2,43.2,1,1,76.8,ANI09,Animal / Obstruction on Track,Medium,2025-09-11 21:09:40,30,Confirmed,IoT_Sensor,24.9,0.4,71.1,17.5,9830.0,Cloudy,Low,Excellent,41.28,4.22,100,0,Green,52.5,63.3,56.3,Good,5.28,48.1,Up_to_Date,170,Degraded,No_Failure,No_Failure,22,Thursday,9,Monsoon,False,False,Completed,2025-09-11 20:20:10,2025-09-11 20:19:58,0.0,-5.6,Traffic,False,0.0
45182,Shatabdi 39,Shatabdi,Suburban,ECR,32.795616,80.933026,GWL,SC,PNBE,SEC-ECR-549,TRK-3,62.97,127.17,Down,2025-09-11 23:45:05,2025-09-11 23:59:05,6.72,80.8,1422.3,13,2025-09-12 00:03:05,1230.2,100.7,13.7,Running,0,192.1,0.6,18.0,-5.0,18.8,12.4,9.7,59.4,69.7,28104,-3.0,69.7,10.94,0,3.84,8.3,1,1,24.3,CNG04,Traffic Congestion,Medium,2025-09-11 22:12:05,166,Auto-Detected,ML_Inference,19.7,1.1,45.8,8.5,8007.0,Cloudy,Low,Good,38.66,3.42,0,0,Green,71.2,54.9,41.1,Needs_Inspection,5.53,83.7,Due_Soon,297,Healthy,No_Failure,No_Failure,0,Friday,9,Monsoon,False,False,Completed,2025-09-12 00:13:29,2025-09-12 00:08:47,0.0,14.7,Traffic,True,10.2
91956,MEMU 48,MEMU,Premium,NWR,15.498958,72.946238,LKO,HWH,ADI,SEC-NWR-484,TRK-1,57.54,129.55,Up,2025-09-12 10:35:51,2025-09-12 10:40:51,2.93,81.5,1282.8,17,2025-09-12 10:51:51,191.16,79.6,5.5,Running,0,1091.64,14.5,2.5,7.2,23.8,16.9,9.8,57.2,74.5,79666,14.5,88.7,8.71,1,19.38,34.1,1,1,3.8,WTH03,Adverse Weather,High,2025-09-12 09:19:51,170,Auto-Detected,ML_Inference,14.2,0.8,80.7,13.5,6675.0,Rain,No_Impact,Good,45.88,3.21,0,0,Double_Yellow,70.4,74.8,50.5,Good,6.57,1.1,Up_to_Date,57,Healthy,No_Failure,No_Failure,10,Friday,9,Monsoon,False,False,Completed,2025-09-12 10:37:03,2025-09-12 10:33:03,0.0,-4.3,Weather,False,0.0
54605,Passenger 32,Passenger,Premium,SECR,9.528856,94.685743,GAYA,MGS,DHN,SEC-SECR-929,TRK-1,45.83,27.08,Up,2025-09-13 07:40:12,2025-09-13 07:52:12,5.62,64.0,897.1,14,2025-09-13 07:36:12,367.53,103.8,-0.9,Halted_Signal,16,529.57,18.8,5.6,2.6,17.1,3.1,17.4,96.3,60.1,73296,21.3,72.6,6.06,4,3.67,34.1,1,1,14.2,MEC06,Mechanical Failure,High,2025-09-13 06:48:12,160,Unconfirmed,IoT_Sensor,33.4,0.0,43.3,7.5,6943.0,Clear,Moderate,Good,63.42,3.28,0,0,Green,67.2,47.4,50.8,Critical,4.71,30.8,Up_to_Date,239,Healthy,Electrical_Fault,Moderate,7,Saturday,9,Monsoon,True,True,Not_Started,,,308.6,8.4,Mechanical,False,0.0
12609,Freight 7,Freight,Long-Distance,ECR,24.545599,94.405731,BPL,PNBE,JP,SEC-ECR-909,TRK-1,109.01,160.17,Down,2025-09-13 23:39:00,2025-09-13 23:52:00,19.09,41.5,621.2,19,2025-09-14 01:09:00,79.01,13.7,-2.0,Departed_Late,0,542.19,10.0,14.1,20.3,4.8,8.6,17.4,75.5,41.7,26530,-1.3,64.9,27.52,3,18.09,32.3,0,0,3.7,CNG04,Traffic Congestion,Medium,2025-09-13 23:18:00,168,Auto-Detected,ML_Inference,21.0,26.8,50.8,13.2,5387.0,Clear,Severe,Under_Repair,16.14,4.84,0,0,Green,86.5,42.8,22.9,Good,5.45,89.9,In_Progress,214,Healthy,No_Failure,No_Failure,1,Sunday,9,Monsoon,True,False,Completed,2025-09-13 23:57:42,2025-09-14 00:02:12,0.0,20.7,Traffic,True,16.6
64375,MEMU 46,MEMU,Long-Distance,ER,25.713755,71.614228,MAS,SC,BZA,SEC-ER-718,TRK-1,155.06,31.11,Down,2025-09-14 21:13:25,2025-09-14 21:20:25,33.72,118.2,1106.1,14,2025-09-14 22:54:25,320.95,44.9,1.6,Running,0,785.15,16.5,-3.7,-5.0,3.6,16.9,18.8,73.5,114.5,89766,0.8,31.3,11.73,0,7.85,40.5,0,1,6.5,WTH03,Adverse Weather,High,2025-09-14 22:19:25,24,Auto-Detected,Control_Office,30.5,0.7,54.1,2.0,7463.0,Fog,Low,Good,42.56,3.84,60,1,Yellow,79.4,46.3,41.0,Excellent,4.94,5.3,Up_to_Date,362,Healthy,Electrical_Fault,Minor,22,Sunday,9,Monsoon,True,False,In_Transit,2025-09-14 21:32:43,,1054.5,17.7,Weather,True,8.4
52671,Express 49,Express,Suburban,NR,13.219965,93.374958,ALD,GAYA,SBC,SEC-NR-949,TRK-3,16.67,150.62,Up,2025-09-15 02:35:57,2025-09-15 02:40:57,5.87,13.5,1969.1,14,2025-09-15 04:22:57,1218.61,69.2,-0.7,Running,0,750.49,26.5,14.4,3.4,17.9,4.1,9.8,63.0,6.5,80238,13.4,94.6,38.45,5,11.25,3.1,0,1,18.1,NON00,No Delay Reported,No_Impact,,0,Not_Applicable,Not_Applicable,27.0,0.0,40.2,7.5,6860.0,Clear,Moderate,Good,29.2,2.58,0,1,Red,74.4,70.7,54.3,Fair,5.52,28.6,In_Progress,300,Healthy,No_Failure,No_Failure,4,Monday,9,Monsoon,False,False,Completed,2025-09-15 02:38:33,2025-09-15 02:36:39,0.0,3.3,No_Delay,False,0.0
54348,DEMU 29,DEMU,Regional,SER,12.352715,70.414139,NGP,CSTM,AGC,SEC-SER-557,TRK-3,137.85,15.7,Up,2025-09-15 07:49:01,2025-09-15 07:56:01,28.43,151.4,1498.7,15,2025-09-15 07:52:01,584.89,77.3,4.6,Running,0,913.81,-4.0,-1.1,-2.3,0.0,20.9,24.9,57.4,158.2,11324,22.7,85.0,30.9,1,20.1,21.1,0,0,18.1,NON00,No Delay Reported,No_Impact,,0,Not_Applicable,Not_Applicable,28.5,0.0,35.9,19.0,3679.0,Clear,No_Impact,Poor,29.36,8.3,0,0,Green,69.4,67.9,65.4,Needs_Inspection,6.25,51.1,Overdue,50,Healthy,No_Failure,No_Failure,7,Monday,9,Monsoon,False,True,Completed,2025-09-15 08:02:01,2025-09-15 07:58:01,0.0,8.4,No_Delay,False,0.0
13745,Freight 21,Freight,Long-Distance,NER,20.523198,91.305698,DHN,SBC,GAYA,SEC-NER-475,TRK-3,99.08,25.72,Up,2025-09-15 19:44:02,2025-09-15 20:03:02,13.23,107.2,1974.7,0,2025-09-15 21:31:02,1097.23,66.5,1.5,Halted_Signal,23,877.47,5.6,-1.5,10.1,18.8,6.5,13.7,51.3,99.1,85817,7.3,84.4,22.47,4,8.23,29.9,1,1,23.2,CNG04,Traffic Congestion,Medium,2025-09-15 21:29:02,11,Unconfirmed,Control_Office,35.1,7.9,47.4,20.9,9237.0,Clear,No_Impact,Good,61.1,4.47,0,0,Green,89.3,55.3,42.3,Good,5.83,43.7,Due_Soon,353,Healthy,Bearing_Overheat,Critical,21,Monday,9,Monsoon,False,False,Completed,2025-09-15 20:12:14,2025-09-15 20:06:08,0.0,26.7,Traffic,True,19.1
28216,MEMU 25,MEMU,Long-Distance,ECR,26.005447,70.867859,RTM,PNBE,BRC,SEC-ECR-716,TRK-2,104.94,97.98,Up,2025-09-16 05:03:08,2025-09-16 05:16:08,6.79,128.7,838.2,6,2025-09-16 06:48:08,48.04,77.6,5.3,Running,0,790.16,5.0,18.1,11.8,3.7,8.5,16.1,53.7,132.2,92068,17.8,7.9,17.11,5,29.51,9.4,0,1,38.8,LCB05,Late Crew Boarding,Low,2025-09-16 06:42:08,91,Unconfirmed,IoT_Sensor,27.5,0.0,40.6,23.0,5910.0,Clear,No_Impact,Poor,47.36,4.03,0,0,Green,66.8,67.0,74.8,Needs_Inspection,4.55,37.2,Up_to_Date,214,Healthy,Door_Malfunction,Minor,6,Tuesday,9,Monsoon,False,False,Completed,2025-09-16 05:12:50,2025-09-16 05:14:32,0.0,4.4,Operational,False,0.0
14804,DEMU 20,DEMU,Premium,WCR,20.480232,76.333997,NGP,SC,MAS,SEC-WCR-179,TRK-3,13.66,85.89,Up,2025-09-16 08:11:53,2025-09-16 08:18:53,28.37,55.5,1965.4,13,2025-09-16 08:15:53,1955.01,97.8,4.4,Terminated,0,10.39,9.5,10.8,16.9,9.9,10.3,10.4,31.4,54.9,54120,31.8,40.9,2.52,2,28.74,32.6,0,1,26.2,TRK02,Track Maintenance,Medium,2025-09-16 07:28:53,60,Auto-Detected,Station_Master,24.8,0.0,46.7,3.5,10000.0,Clear,Low,Good,35.04,4.15,100,0,Double_Yellow,77.5,46.7,52.8,Critical,4.59,88.2,Up_to_Date,99,Healthy,No_Failure,No_Failure,8,Tuesday,9,Monsoon,False,True,Completed,2025-09-16 08:21:41,2025-09-16 08:25:23,0.0,5.4,Infrastructure,False,0.0
49044,Superfast 23,Superfast,Regional,NCR,10.012632,84.911258,MGS,PNBE,RTM,SEC-NCR-300,TRK-1,146.1,158.23,Down,2025-09-16 11:10:01,2025-09-16 11:20:01,35.73,139.2,1989.6,2,2025-09-16 13:28:01,1220.52,60.4,-2.3,Running,0,769.08,14.0,27.2,14.6,11.8,19.3,15.1,70.9,133.4,40288,6.0,67.2,14.0,4,43.13,9.1,1,0,7.4,SIG01,Signal Failure,High,2025-09-16 11:42:01,28,Confirmed,Control_Office,12.0,2.2,88.5,8.4,4211.0,Storm,Moderate,Fair,44.1,3.72,100,0,Green,89.9,71.1,61.1,Needs_Inspection,5.05,88.5,In_Progress,114,Healthy,HVAC_Failure,Minor,13,Tuesday,9,Monsoon,False,False,Completed,2025-09-16 11:17:13,2025-09-16 11:17:01,0.0,9.5,No_Delay,False,0.0
11088,Rajdhani 39,Rajdhani,Freight,WR,8.412889,80.950282,TDL,BPL,HWH,SEC-WR-421,TRK-2,142.27,45.61,Down,2025-09-16 12:15:19,2025-09-16 12:28:19,24.12,172.7,314.1,0,2025-09-16 14:02:19,83.1,78.5,41.6,Slow_Running,0,231.0,21.9,9.1,19.8,24.5,14.3,24.5,78.4,178.9,26912,10.3,82.6,6.77,3,1.57,17.6,1,0,15.2,WTH03,Adverse Weather,High,2025-09-16 12:38:19,5,Confirmed,ML_Inference,19.8,0.0,60.3,7.3,4841.0,Clear,No_Impact,Fair,54.53,3.76,0,0,Green,84.3,74.5,33.4,Excellent,5.09,89.4,Up_to_Date,322,Healthy,No_Failure,No_Failure,14,Tuesday,9,Monsoon,False,False,Completed,2025-09-16 13:18:49,2025-09-16 13:22:19,0.0,21.9,Weather,True,13.4
58245,Mail 38,Mail,Regional,NR,8.106084,77.672131,KOTA,GWL,PUNE,SEC-NR-418,TRK-1,131.77,52.65,Down,2025-09-16 16:51:54,2025-09-16 17:08:54,27.21,63.2,1451.2,8,2025-09-16 18:03:54,730.86,48.9,17.4,Stopped_at_Station,1,720.34,-5.0,4.7,5.3,8.1,9.5,11.5,93.8,53.9,67399,1.0,64.4,17.89,2,21.07,18.8,0,1,64.1,NON00,No Delay Reported,No_Impact,,0,Not_Applicable,Not_Applicable,22.6,3.5,39.5,2.4,9818.0,Heavy_Rain,No_Impact,Fair,21.77,3.93,0,0,Green,59.9,54.0,60.1,Fair,6.61,43.7,Due_Soon,140,Healthy,No_Failure,No_Failure,18,Tuesday,9,Monsoon,False,True,Completed,2025-09-16 17:30:30,2025-09-16 17:29:42,0.0,21.2,No_Delay,True,16.5
94242,Vande Bharat 37,Vande Bharat,Suburban,ECR,23.625059,93.499498,JHS,MAS,ALD,SEC-ECR-461,TRK-2,107.28,71.39,Down,2025-09-16 18:38:23,2025-09-16 18:49:23,29.0,43.8,997.1,10,2025-09-16 18:40:23,103.81,84.8,-2.1,Running,0,893.29,20.1,0.9,3.6,17.1,12.2,7.7,71.3,38.0,53385,14.6,71.6,12.32,4,20.05,32.5,1,1,12.3,MEC06,Mechanical Failure,High,2025-09-16 18:39:23,64,Confirmed,ML_Inference,35.3,0.0,57.6,0.6,20.0,Clear,Low,Fair,32.13,1.42,45,0,Double_Yellow,49.3,59.3,67.2,Excellent,5.51,7.7,Overdue,146,Faulty,No_Failure,No_Failure,18,Tuesday,9,Monsoon,False,True,Completed,2025-09-16 18:45:59,2025-09-16 18:44:41,0.0,9.7,Mechanical,False,0.0
15247,Mail 42,Mail,Regional,NCR,12.87049,80.346829,DHN,JHS,NDLS,SEC-NCR-107,TRK-3,116.79,83.47,Down,2025-09-16 19:20:42,2025-09-16 19:32:42,16.24,86.8,1450.1,10,2025-09-16 21:17:42,1398.44,98.5,-1.6,Running,0,51.66,14.8,18.5,25.9,13.6,18.1,20.3,84.6,85.9,30918,4.0,21.1,1.68,3,11.37,43.5,1,1,6.8,ANI09,Animal / Obstruction on Track,Medium,2025-09-16 19:52:42,77,Confirmed,Station_Master,20.1,4.7,17.6,13.8,8604.0,Rain,No_Impact,Good,38.02,4.83,100,0,Yellow,67.5,46.7,45.8,Excellent,5.17,45.2,Due_Soon,112,Offline,No_Failure,No_Failure,21,Tuesday,9,Monsoon,False,False,Completed,2025-09-16 19:24:06,2025-09-16 19:21:30,0.0,5.0,Traffic,False,0.0
38299,Express 40,Express,Suburban,ER,31.224461,86.088164,BZA,BCT,MGS,SEC-ER-175,TRK-2,66.88,71.23,Up,2025-09-17 00:04:50,2025-09-17 00:06:50,9.4,78.6,682.8,13,2025-09-17 01:57:50,95.39,107.9,68.9,Running,0,587.41,20.1,7.0,0.0,27.4,7.8,21.3,67.6,76.5,96429,-4.4,55.8,5.77,4,35.6,16.5,1,1,38.6,NON00,No Delay Reported,No_Impact,,0,Not_Applicable,Not_Applicable,28.6,2.1,49.4,17.8,4696.0,Fog,No_Impact,Fair,48.89,3.49,100,0,Red,83.4,61.1,56.2,Fair,5.7,47.4,Up_to_Date,364,Healthy,No_Failure,No_Failure,1,Wednesday,9,Monsoon,False,False,Completed,2025-09-17 01:42:50,2025-09-17 01:44:02,0.0,29.1,No_Delay,True,12.1
35933,Superfast 8,Superfast,Premium,NWR,9.518205,72.936743,JHS,AGC,NDLS,SEC-NWR-266,TRK-2,74.54,134.52,Up,2025-09-17 02:09:23,2025-09-17 02:21:23,2.69,170.9,366.3,2,2025-09-17 02:17:23,213.79,73.5,22.7,Slow_Running,0,152.51,30.3,15.8,11.5,11.7,11.5,13.9,79.3,171.5,51700,21.5,74.7,38.45,4,33.56,35.6,1,1,51.7,SIG01,Signal Failure,High,2025-09-17 01:28:23,17,Unconfirmed,Station_Master,28.4,3.8,88.4,9.0,7378.0,Clear,No_Impact,Good,41.45,3.27,100,0,Yellow,83.3,43.1,71.1,Fair,6.01,47.0,Due_Soon,138,Healthy,No_Failure,No_Failure,2,Wednesday,9,Monsoon,False,False,In_Transit,2025-09-17 02:52:17,,130.6,20.2,No_Delay,True,13.4
54800,Rajdhani 36,Rajdhani,Long-Distance,NR,24.287065,92.103542,PNBE,SC,AGC,SEC-NR-720,TRK-3,142.94,28.01,Down,2025-09-17 05:31:44,2025-09-17 05:36:44,33.81,167.5,1369.7,0,2025-09-17 06:07:44,1154.07,75.1,-2.8,Halted_Signal,3,215.63,7.6,22.1,6.4,11.5,18.8,8.0,80.5,179.0,85755,30.1,69.2,13.11,3,48.15,7.4,0,1,29.1,PSG07,Passenger Emergency,Medium,2025-09-17 05:27:44,25,Confirmed,Station_Master,20.7,5.4,67.2,19.1,9125.0,Rain,No_Impact,Under_Repair,28.2,3.12,0,0,Double_Yellow,37.1,100.7,20.0,Needs_Inspection,5.41,56.4,Up_to_Date,273,Healthy,No_Failure,No_Failure,6,Wednesday,9,Monsoon,False,False,Completed,2025-09-17 05:29:44,2025-09-17 05:27:44,0.0,0.8,Operational,False,0.0
89572,Duronto 31,Duronto,Regional,SECR,22.054143,93.533912,ST,TDL,BRC,SEC-SECR-651,TRK-1,84.58,106.08,Down,2025-09-17 10:38:09,2025-09-17 10:55:09,24.84,135.0,1527.1,3,2025-09-17 12:46:09,374.47,32.0,-2.3,Departed_Late,0,1152.63,-1.8,0.5,12.5,21.9,5.7,12.8,82.2,127.7,93579,17.4,87.5,14.46,5,36.19,32.2,1,1,4.1,MEC06,Mechanical Failure,High,2025-09-17 12:36:09,8,Confirmed,ML_Inference,32.0,1.6,45.8,3.8,4750.0,Clear,No_Impact,Excellent,20.4,4.64,45,0,Yellow,52.3,53.3,48.8,Good,4.81,0.4,Up_to_Date,67,Degraded,No_Failure,No_Failure,12,Wednesday,9,Monsoon,False,False,Completed,2025-09-17 10:54:57,2025-09-17 10:53:03,0.0,19.1,Mechanical,True,16.6
14432,Garib Rath 20,Garib Rath,Regional,NFR,19.811916,78.879549,AGC,MAS,DHN,SEC-NFR-723,TRK-2,122.48,144.43,Down,2025-09-17 15:09:52,2025-09-17 15:20:52,9.89,105.5,1393.5,19,2025-09-17 16:26:52,388.15,58.3,33.0,Stopped_at_Station,37,1005.35,2.5,5.2,24.8,25.8,0.0,15.1,67.5,93.2,18623,3.7,66.8,18.89,4,39.37,24.8,1,1,42.8,ANI09,Animal / Obstruction on Track,Medium,2025-09-17 14:43:52,92,Confirmed,ML_Inference,31.8,5.8,44.4,12.1,5131.0,Cloudy,Severe,Good,28.48,1.62,45,0,Double_Yellow,60.2,29.2,47.3,Good,5.77,99.5,Due_Soon,120,Healthy,No_Failure,No_Failure,16,Wednesday,9,Monsoon,False,False,Completed,2025-09-17 16:22:04,2025-09-17 16:19:46,0.0,39.2,Traffic,True,23.9
24959,Shatabdi 15,Shatabdi,Suburban,SWR,27.265789,71.467839,JP,RTM,SBC,SEC-SWR-119,TRK-3,141.03,154.53,Down,2025-09-17 18:27:54,2025-09-17 18:33:54,27.19,96.1,534.5,6,2025-09-17 21:09:54,510.08,65.0,-2.2,Halted_Signal,41,24.42,24.9,-0.9,7.9,8.4,13.5,10.7,72.9,92.2,33350,23.5,23.2,1.74,3,33.04,16.1,1,1,24.0,SIG01,Signal Failure,High,2025-09-17 19:56:54,33,Confirmed,ML_Inference,24.7,5.2,68.6,17.2,3002.0,Cloudy,Severe,Under_Repair,20.72,3.08,0,0,Green,62.0,93.3,67.4,Good,3.85,41.0,Due_Soon,49,Healthy,Bearing_Overheat,Minor,21,Wednesday,9,Monsoon,False,False,Completed,2025-09-17 18:30:30,2025-09-17 18:31:42,0.0,4.8,No_Delay,False,0.0
55296,Garib Rath 12,Garib Rath,Regional,ER,13.597356,91.610614,GWL,ALD,RTM,SEC-ER-470,TRK-3,110.97,163.31,Up,2025-09-18 02:07:40,2025-09-18 02:11:40,7.86,103.0,467.3,19,2025-09-18 04:21:40,54.53,124.4,4.0,Slow_Running,0,412.77,-2.2,12.8,15.0,15.3,14.2,35.6,79.1,96.6,10110,11.8,33.4,30.42,2,32.03,21.5,1,1,30.5,MEC06,Mechanical Failure,High,2025-09-18 04:20:40,116,Confirmed,Control_Office,26.1,2.4,80.2,29.3,10000.0,Fog,No_Impact,Poor,47.78,0.0,30,0,Green,51.8,44.3,27.8,Fair,4.7,59.2,Due_Soon,156,Healthy,HVAC_Failure,Minor,4,Thursday,9,Monsoon,False,False,Completed,2025-09-18 02:20:28,2025-09-18 02:21:40,0.0,8.8,Mechanical,False,0.0
37779,Superfast 24,Superfast,Suburban,WCR,17.412915,83.804498,CSTM,GAYA,ALD,SEC-WCR-952,TRK-2,141.72,112.75,Up,2025-09-18 14:13:02,2025-09-18 14:25:02,13.36,170.6,799.5,17,2025-09-18 14:37:02,676.56,70.7,22.2,Stopped_at_Station,31,122.94,2.4,-5.0,0.1,14.3,24.3,18.7,76.7,165.2,77287,11.0,56.9,12.77,2,10.08,14.6,1,0,41.5,MEC06,Mechanical Failure,High,2025-09-18 13:37:02,175,Confirmed,Manual_Report,22.9,10.4,43.5,7.3,6705.0,Rain,No_Impact,Fair,29.02,2.87,0,0,Green,75.9,65.9,63.6,Good,5.71,60.1,Up_to_Date,327,Healthy,Door_Malfunction,Minor,14,Thursday,9,Monsoon,False,False,Completed,2025-09-18 14:50:14,2025-09-18 14:54:02,0.0,15.0,Mechanical,True,7.3
29312,Express 43,Express,Premium,NR,12.585134,83.575737,GWL,GAYA,MGS,SEC-NR-684,TRK-2,178.15,27.99,Down,2025-09-18 19:58:49,2025-09-18 20:12:49,19.32,135.1,1598.5,5,2025-09-18 19:55:49,578.84,62.2,27.0,Halted_Signal,31,1019.66,6.3,11.2,13.7,30.4,5.1,22.3,66.7,135.1,91775,12.6,64.5,20.79,1,48.14,12.1,1,1,4.9,WTH03,Adverse Weather,High,2025-09-18 17:58:49,65,Confirmed,Manual_Report,31.5,1.4,29.2,18.4,5572.0,Clear,No_Impact,Good,24.98,3.18,0,0,Green,54.1,47.2,55.9,Good,5.83,36.7,Up_to_Date,339,Healthy,No_Failure,No_Failure,19,Thursday,9,Monsoon,False,True,Not_Started,,,985.3,5.6,Weather,False,0.0
49343,Freight 5,Freight,Long-Distance,NCR,11.018542,76.314768,SBC,BZA,JP,SEC-NCR-950,TRK-1,66.36,13.31,Down,2025-09-18 20:12:41,2025-09-18 20:15:41,7.66,55.4,745.1,7,2025-09-18 23:04:41,645.13,99.2,7.6,Slow_Running,0,99.97,13.8,-0.5,6.4,17.5,7.2,20.4,74.6,58.5,17496,20.3,51.6,2.24,2,49.16,12.2,1,1,12.2,CNG04,Traffic Congestion,Medium,2025-09-18 22:09:41,165,Auto-Detected,Station_Master,26.0,0.6,35.7,21.1,2716.0,Clear,Low,Excellent,47.57,4.9,0,0,Green,62.0,57.6,60.5,Fair,5.44,44.6,In_Progress,192,Healthy,No_Failure,No_Failure,23,Thursday,9,Monsoon,False,False,Completed,2025-09-18 20:20:53,2025-09-18 20:18:23,0.0,0.6,Traffic,False,0.0
97361,Shatabdi 49,Shatabdi,Long-Distance,SCR,33.848215,75.90425,GWL,LKO,TDL,SEC-SCR-515,TRK-3,91.77,50.96,Up,2025-09-18 20:39:43,2025-09-18 20:46:43,27.65,146.2,1241.2,8,2025-09-18 23:29:43,616.63,66.1,16.6,Running,0,624.57,6.9,0.8,10.8,23.2,12.6,14.4,71.5,148.6,96154,24.0,42.3,15.38,5,34.88,3.6,0,1,43.8,CNG04,Traffic Congestion,Medium,2025-09-18 21:55:43,43,Confirmed,Manual_Report,18.1,0.0,48.5,24.2,8016.0,Cloudy,Moderate,Poor,32.75,3.4,45,0,Green,84.5,74.2,44.0,Needs_Inspection,5.51,68.9,Up_to_Date,138,Healthy,No_Failure,No_Failure,23,Thursday,9,Monsoon,False,False,In_Transit,2025-09-18 20:51:01,,565.3,-5.3,Traffic,False,0.0
18554,Freight 6,Freight,Regional,SER,19.395704,90.608186,KOTA,BZA,SC,SEC-SER-732,TRK-1,90.83,146.01,Down,2025-09-19 01:23:46,2025-09-19 01:29:46,15.62,110.9,1318.2,18,2025-09-19 02:23:46,1195.19,76.2,-2.9,Stopped_at_Station,18,123.01,23.1,18.7,6.5,10.6,16.0,22.3,64.3,113.3,21398,17.4,80.9,5.68,1,48.83,33.5,1,1,26.9,MEC06,Mechanical Failure,High,2025-09-19 01:33:46,75,Unconfirmed,IoT_Sensor,36.7,0.9,63.6,13.7,4630.0,Cloudy,Severe,Fair,36.43,3.05,0,0,Auto,53.6,48.1,57.7,Needs_Inspection,4.42,92.3,Overdue,328,Offline,No_Failure,No_Failure,2,Friday,9,Monsoon,False,False,Completed,2025-09-19 01:28:28,2025-09-19 01:19:10,0.0,7.6,Mechanical,False,0.0
25766,MEMU 1,MEMU,Freight,NFR,22.980888,95.751341,JHS,RTM,CSTM,SEC-NFR-442,TRK-3,71.87,15.62,Down,2025-09-19 08:53:52,2025-09-19 09:06:52,14.66,41.1,120.7,9,2025-09-19 10:59:52,55.73,107.7,14.5,Slow_Running,0,64.97,13.3,19.5,14.0,22.3,21.8,9.7,27.8,44.4,49697,4.9,50.5,25.49,3,38.69,39.4,1,1,29.7,NON00,No Delay Reported,No_Impact,,0,Not_Applicable,Not_Applicable,26.5,9.2,46.4,15.5,7141.0,Clear,Severe,Excellent,22.07,2.88,0,0,Green,74.1,39.4,41.9,Excellent,5.74,6.0,Due_Soon,156,Healthy,Brake_Wear,Critical,10,Friday,9,Monsoon,False,False,Not_Started,,,40.1,13.1,No_Delay,True,6.9
72762,MEMU 8,MEMU,Long-Distance,SWR,10.934883,72.845296,BZA,SC,GAYA,SEC-SWR-498,TRK-1,44.77,35.14,Down,2025-09-19 14:42:38,2025-09-19 15:01:38,18.98,142.5,194.3,19,2025-09-19 14:47:38,41.42,33.4,17.7,Slow_Running,0,152.88,-4.7,-5.0,-3.1,21.0,11.9,10.8,69.2,146.1,94219,12.3,29.6,25.4,5,15.16,13.9,1,1,59.0,ANI09,Animal / Obstruction on Track,Medium,2025-09-19 14:45:38,3,Unconfirmed,ML_Inference,28.5,2.2,38.5,6.6,6908.0,Fog,Moderate,Good,11.41,5.99,45,0,Green,83.9,51.4,40.5,Good,5.31,31.2,In_Progress,297,Degraded,No_Failure,No_Failure,14,Friday,9,Monsoon,False,False,Completed,2025-09-19 15:23:56,2025-09-19 15:18:38,0.0,23.6,Traffic,True,11.8
89909,Rajdhani 49,Rajdhani,Premium,NR,34.112161,72.034565,BPL,HWH,PNBE,SEC-NR-519,TRK-1,133.58,165.28,Up,2025-09-19 14:13:51,2025-09-19 14:15:51,12.16,106.4,2012.8,2,2025-09-19 16:47:51,588.56,57.3,5.3,Running,0,1424.24,6.8,4.7,9.1,0.0,6.2,12.2,51.2,101.7,30746,11.6,54.2,33.66,5,1.44,41.2,1,1,25.6,NON00,No Delay Reported,No_Impact,,0,Not_Applicable,Not_Applicable,34.6,3.8,65.0,9.0,9120.0,Heavy_Rain,Severe,Poor,43.88,2.12,45,1,Green,54.8,59.3,41.6,Fair,5.65,41.3,Due_Soon,66,Healthy,Electrical_Fault,Critical,16,Friday,9,Monsoon,False,False,Completed,2025-09-19 14:32:33,2025-09-19 14:36:39,0.0,13.4,No_Delay,True,9.1
49025,Superfast 42,Superfast,Long-Distance,NR,24.478002,74.637679,CNB,ST,JP,SEC-NR-810,TRK-3,110.44,15.16,Down,2025-09-20 12:55:45,2025-09-20 13:03:45,7.86,89.9,636.8,19,2025-09-20 15:25:45,221.49,80.9,7.6,Slow_Running,0,415.31,5.7,-1.0,4.0,14.8,12.3,9.4,68.9,90.2,17869,-2.5,90.6,33.24,0,9.94,37.0,1,1,15.5,NON00,No Delay Reported,No_Impact,,0,Not_Applicable,Not_Applicable,46.7,0.0,32.8,18.4,10000.0,Clear,No_Impact,Poor,29.81,5.17,75,0,Green,74.0,24.7,47.6,Excellent,4.23,63.8,Up_to_Date,8,Healthy,Door_Malfunction,Critical,15,Saturday,9,Monsoon,True,False,Not_Started,,,310.9,9.7,No_Delay,False,0.0
36687,Mail 15,Mail,Suburban,NCR,9.518528,68.563703,VAPI,BZA,BPL,SEC-NCR-404,TRK-1,156.42,21.22,Up,2025-09-20 18:43:40,2025-09-20 18:51:40,11.28,65.0,1808.1,4,2025-09-20 19:54:40,2.48,82.5,47.4,Running,0,1805.62,4.9,14.7,11.6,23.8,3.2,8.3,86.1,63.9,62417,19.6,69.8,25.22,4,1.22,19.9,1,1,5.0,NON00,No Delay Reported,No_Impact,,0,Not_Applicable,Not_Applicable,25.8,5.1,67.3,16.9,5598.0,Clear,Moderate,Good,46.02,0.73,30,1,Double_Yellow,62.8,56.3,61.3,Needs_Inspection,5.06,89.9,Due_Soon,221,Healthy,Brake_Wear,Minor,19,Saturday,9,Monsoon,True,True,Not_Started,,,1320.3,23.7,No_Delay,True,15.4
80701,Freight 14,Freight,Suburban,NFR,9.826882,74.991935,NGP,CSTM,KOTA,SEC-NFR-559,TRK-2,96.81,68.23,Down,2025-09-20 23:32:38,2025-09-20 23:38:38,8.54,136.8,501.2,0,2025-09-21 01:53:38,135.76,42.9,22.7,Stopped_at_Station,36,365.44,20.6,3.6,0.6,17.1,20.7,12.9,69.1,139.5,37243,7.6,54.5,15.47,1,8.81,21.5,0,1,35.5,WTH03,Adverse Weather,High,2025-09-21 00:30:38,12,Confirmed,Manual_Report,28.7,4.1,89.0,17.7,20.0,Clear,No_Impact,Good,37.99,3.59,0,0,Green,83.1,48.2,30.4,Needs_Inspection,6.07,98.6,Overdue,209,Degraded,No_Failure,No_Failure,1,Sunday,9,Monsoon,True,False,In_Transit,2025-09-21 00:13:14,,516.5,17.9,Weather,True,15.1
41217,Express 36,Express,Premium,NFR,28.230399,91.741829,CNB,VAPI,MGS,SEC-NFR-618,TRK-3,177.24,118.05,Down,2025-09-21 03:23:41,2025-09-21 03:39:41,12.75,72.9,1110.6,17,2025-09-21 03:50:41,761.45,66.6,28.9,Stopped_at_Station,42,349.15,4.1,13.3,-5.0,27.3,17.6,11.5,55.7,71.4,19354,5.8,77.1,11.48,5,13.62,42.8,0,1,12.7,LCB05,Late Crew Boarding,Low,2025-09-21 03:39:41,130,Auto-Detected,Station_Master,29.7,0.0,72.8,13.8,5062.0,Clear,Low,Fair,37.21,3.99,0,0,Green,59.2,59.2,43.9,Critical,5.66,22.0,Up_to_Date,241,Offline,No_Failure,No_Failure,3,Sunday,9,Monsoon,True,False,Completed,2025-09-21 04:05:41,2025-09-21 04:04:29,0.0,13.1,Operational,True,5.3
49906,Express 17,Express,Long-Distance,ER,18.0167,94.29781,PNBE,NGP,AGC,SEC-ER-743,TRK-1,49.12,48.69,Down,2025-09-21 06:22:21,2025-09-21 06:31:21,7.13,110.7,380.1,3,2025-09-21 07:52:21,14.15,46.8,8.7,Stopped_at_Station,17,365.95,22.6,7.3,11.0,9.3,3.3,24.6,68.4,108.7,22083,-4.8,65.5,35.76,1,35.44,19.9,1,0,61.3,TRK02,Track Maintenance,Medium,2025-09-21 07:16:21,6,Auto-Detected,ML_Inference,36.1,0.0,76.0,12.1,10000.0,Cloudy,No_Impact,Fair,25.09,1.37,60,0,Green,94.1,25.1,29.9,Critical,5.19,44.0,Overdue,244,Healthy,Electrical_Fault,Minor,7,Sunday,9,Monsoon,True,True,Completed,2025-09-21 06:36:51,2025-09-21 06:33:51,0.0,5.8,Infrastructure,False,0.0
24937,DEMU 15,DEMU,Regional,NR,24.422437,73.217648,MGS,RTM,GAYA,SEC-NR-657,TRK-1,91.98,68.47,Down,2025-09-21 13:34:12,2025-09-21 13:48:12,21.63,80.6,1711.9,10,2025-09-21 15:15:12,659.84,128.6,-0.4,Running,0,1052.06,-4.0,6.8,8.6,5.9,9.7,21.4,32.3,83.2,83597,12.7,67.3,21.96,2,18.41,22.7,1,1,70.2,CNG04,Traffic Congestion,Medium,2025-09-21 15:01:12,101,Confirmed,Control_Office,17.4,0.8,82.1,9.5,4943.0,Cloudy,No_Impact,Fair,9.86,2.56,75,0,Green,69.3,65.5,43.8,Good,4.24,49.5,Up_to_Date,273,Healthy,No_Failure,No_Failure,15,Sunday,9,Monsoon,True,False,In_Transit,2025-09-21 13:42:36,,493.5,8.8,Traffic,False,0.0
65497,Garib Rath 37,Garib Rath,Regional,WCR,13.833474,86.543514,ALD,NDLS,LKO,SEC-WCR-399,TRK-1,116.47,24.9,Down,2025-09-21 16:01:53,2025-09-21 16:19:53,13.47,37.0,304.3,7,2025-09-21 18:14:53,165.55,80.0,-0.6,Running,0,138.75,-4.8,6.0,3.9,0.0,16.9,12.6,72.6,29.9,41383,-5.0,41.6,19.37,4,38.52,14.1,0,1,52.5,TRK02,Track Maintenance,Medium,2025-09-21 17:26:53,31,Auto-Detected,ML_Inference,17.6,0.9,30.4,19.2,6588.0,Storm,No_Impact,Excellent,35.36,1.76,45,1,Yellow,55.9,48.8,39.6,Fair,5.89,64.8,Up_to_Date,133,Healthy,No_Failure,No_Failure,18,Sunday,9,Monsoon,True,True,Completed,2025-09-21 16:08:53,2025-09-21 16:09:29,0.0,7.6,Infrastructure,False,0.0
86053,DEMU 6,DEMU,Long-Distance,NFR,30.55248,76.118982,ADI,JHS,KOTA,SEC-NFR-883,TRK-3,61.38,120.02,Up,2025-09-21 23:33:45,2025-09-21 23:40:45,24.1,154.5,1512.8,5,2025-09-22 02:21:45,363.79,81.6,2.5,Slow_Running,0,1149.01,19.8,13.0,10.0,0.0,5.2,20.2,76.9,151.5,96744,9.6,72.8,4.27,5,30.08,11.6,1,1,5.5,TRK02,Track Maintenance,Medium,2025-09-22 00:42:45,120,Auto-Detected,Control_Office,21.4,0.1,47.7,18.9,1694.0,Clear,No_Impact,Fair,34.76,5.21,100,0,Green,83.6,20.0,33.5,Good,4.65,46.7,Up_to_Date,360,Healthy,No_Failure,No_Failure,2,Monday,9,Monsoon,False,False,Completed,2025-09-21 23:44:51,2025-09-21 23:46:33,0.0,8.6,Infrastructure,False,0.0
27727,Superfast 10,Superfast,Premium,SWR,10.13803,88.55744,SC,GWL,ADI,SEC-SWR-408,TRK-1,159.5,171.12,Down,2025-09-22 13:15:44,2025-09-22 13:18:44,29.91,160.0,1975.3,12,2025-09-22 13:43:44,1538.61,65.0,30.9,Halted_Signal,41,436.69,31.3,20.8,15.2,20.1,18.3,20.2,59.7,160.0,52273,23.5,74.8,36.82,4,31.79,44.0,1,1,18.5,TRK02,Track Maintenance,Medium,2025-09-22 11:49:44,12,Unconfirmed,ML_Inference,32.0,2.1,47.4,16.3,5127.0,Clear,Low,Excellent,65.1,0.0,0,0,Double_Yellow,37.7,48.3,63.5,Good,5.1,61.0,Up_to_Date,290,Healthy,No_Failure,No_Failure,13,Monday,9,Monsoon,False,False,Completed,2025-09-22 14:00:32,2025-09-22 14:03:20,0.0,13.9,Infrastructure,True,7.5
11616,DEMU 19,DEMU,Long-Distance,SR,15.937081,75.82507,CNB,ST,BZA,SEC-SR-696,TRK-3,78.77,60.18,Down,2025-09-22 14:23:20,2025-09-22 14:25:20,6.78,180.0,116.4,1,2025-09-22 15:24:20,87.81,42.4,12.1,Running,0,28.59,19.9,14.3,-3.2,12.3,14.3,19.4,65.6,178.7,26637,17.2,72.6,35.88,1,41.79,20.0,1,1,28.0,WTH03,Adverse Weather,High,2025-09-22 15:24:20,37,Confirmed,ML_Inference,35.1,0.0,58.3,18.9,10000.0,Clear,No_Impact,Good,26.76,1.56,0,1,Green,83.6,55.9,33.9,Fair,7.71,41.6,Up_to_Date,336,Healthy,Electrical_Fault,Minor,15,Monday,9,Monsoon,False,False,Completed,2025-09-22 14:51:38,2025-09-22 14:52:08,0.0,16.2,Weather,True,10.7
62142,DEMU 25,DEMU,Premium,NCR,31.040614,80.886395,CNB,MGS,ADI,SEC-NCR-141,TRK-3,84.17,8.44,Up,2025-09-22 16:23:24,2025-09-22 16:32:24,3.49,144.5,1580.3,1,2025-09-22 16:59:24,494.83,24.7,8.9,Running,0,1085.47,21.3,18.3,12.1,15.4,19.3,13.4,64.7,135.1,16551,-0.4,85.9,9.25,4,3.82,30.9,0,1,50.7,NON00,No Delay Reported,No_Impact,,0,Not_Applicable,Not_Applicable,27.0,0.6,71.2,0.3,1898.0,Rain,No_Impact,Good,27.69,1.77,60,0,Green,100.0,41.5,53.8,Good,4.54,15.4,In_Progress,157,Healthy,No_Failure,No_Failure,16,Monday,9,Monsoon,False,False,Completed,2025-09-22 16:49:30,2025-09-22 16:54:18,0.0,17.2,No_Delay,True,12.5
49807,MEMU 20,MEMU,Regional,SER,15.247504,90.10305,JHS,CNB,ST,SEC-SER-374,TRK-3,18.88,177.75,Up,2025-09-22 22:50:41,2025-09-22 23:02:41,24.2,104.5,2157.3,9,2025-09-23 00:27:41,55.73,82.0,-1.0,Running,0,2101.57,22.7,-5.0,26.3,16.4,26.5,10.6,56.3,97.3,24195,1.1,43.4,33.39,2,10.41,43.3,0,1,30.5,NON00,No Delay Reported,No_Impact,,0,Not_Applicable,Not_Applicable,27.9,10.2,64.1,33.8,6317.0,Cloudy,Moderate,Good,35.67,1.12,60,0,Green,91.3,78.3,27.4,Needs_Inspection,4.28,36.1,In_Progress,305,Healthy,No_Failure,No_Failure,0,Tuesday,9,Monsoon,False,False,Completed,2025-09-22 23:06:59,2025-09-22 23:05:11,0.0,17.3,No_Delay,True,13.0
85340,Mail 48,Mail,Regional,SECR,28.652975,86.847114,BCT,KOTA,BPL,SEC-SECR-873,TRK-2,95.74,30.92,Up,2025-09-23 01:21:11,2025-09-23 01:25:11,31.25,93.5,444.5,18,2025-09-23 02:56:11,229.11,100.5,-1.5,Slow_Running,0,215.39,19.7,8.4,-3.5,18.5,10.5,8.2,68.8,95.1,20817,10.8,31.9,31.36,4,3.93,39.9,0,0,34.3,WTH03,Adverse Weather,High,2025-09-23 02:34:11,16,Confirmed,Station_Master,18.1,0.0,50.4,17.2,3307.0,Clear,No_Impact,Good,17.21,4.47,0,0,Green,61.2,20.0,43.7,Needs_Inspection,4.39,43.0,Up_to_Date,266,Degraded,No_Failure,No_Failure,2,Tuesday,9,Monsoon,False,False,Completed,2025-09-23 01:21:41,2025-09-23 01:23:11,0.0,2.0,Weather,False,0.0
71754,Rajdhani 6,Rajdhani,Premium,NER,23.967754,77.709154,SBC,BZA,SC,SEC-NER-721,TRK-2,79.19,3.87,Up,2025-09-23 02:28:19,2025-09-23 02:30:19,5.11,77.4,123.0,1,2025-09-23 04:07:19,34.83,54.1,23.0,Halted_Signal,15,88.17,19.1,11.6,15.0,8.9,16.0,24.9,65.7,76.5,33518,32.6,64.4,39.43,1,5.95,6.9,1,1,23.6,BLK08,Line Block / Engineering Work,High,2025-09-23 02:21:19,138,Confirmed,ML_Inference,23.1,0.0,40.9,25.3,7177.0,Clear,No_Impact,Excellent,43.76,1.97,0,0,Green,89.2,62.5,69.9,Needs_Inspection,5.03,14.0,Due_Soon,111,Healthy,No_Failure,No_Failure,4,Tuesday,9,Monsoon,False,False,In_Transit,2025-09-23 03:14:07,,104.6,22.8,Infrastructure,True,19.3
22109,Superfast 28,Superfast,Freight,ECR,13.83128,87.073415,MGS,BCT,DHN,SEC-ECR-822,TRK-2,129.56,145.58,Up,2025-09-24 09:49:32,2025-09-24 09:59:32,26.27,178.5,102.6,11,2025-09-24 11:52:32,101.39,79.2,28.9,Stopped_at_Station,9,1.21,25.3,17.2,5.6,20.6,19.4,21.4,79.4,184.8,25545,12.5,82.6,15.94,4,11.37,27.0,0,1,49.6,SIG01,Signal Failure,High,2025-09-24 10:25:32,94,Confirmed,ML_Inference,32.8,4.9,41.3,12.3,10000.0,Rain,No_Impact,Fair,49.5,2.0,75,0,Double_Yellow,76.6,58.1,45.5,Fair,5.37,33.3,Up_to_Date,203,Degraded,No_Failure,No_Failure,11,Wednesday,9,Monsoon,False,False,Completed,2025-09-24 10:46:20,2025-09-24 10:51:02,0.0,27.9,No_Delay,True,17.4
66340,Rajdhani 31,Rajdhani,Suburban,ER,8.374354,74.871007,SBC,BZA,NDLS,SEC-ER-530,TRK-3,30.62,156.65,Down,2025-09-24 09:42:59,2025-09-24 09:51:59,16.42,118.3,1496.5,6,2025-09-24 12:02:59,391.75,68.9,1.6,Departed_Late,0,1104.75,0.0,0.9,15.9,4.3,5.4,28.3,71.7,124.9,85478,-5.0,35.6,36.17,2,30.35,20.2,0,1,35.9,WTH03,Adverse Weather,High,2025-09-24 10:38:59,64,Confirmed,IoT_Sensor,25.3,4.1,42.1,6.6,2511.0,Clear,Low,Good,50.15,8.41,60,0,Green,62.9,34.1,51.1,Fair,4.62,46.3,Overdue,147,Faulty,No_Failure,No_Failure,12,Wednesday,9,Monsoon,False,False,Completed,2025-09-24 10:01:11,2025-09-24 10:11:59,0.0,16.6,Weather,True,12.9
36001,Passenger 22,Passenger,Long-Distance,SECR,26.087835,93.549477,LKO,VAPI,RTM,SEC-SECR-614,TRK-1,11.58,139.42,Up,2025-09-24 15:40:30,2025-09-24 15:58:30,5.49,111.2,499.7,6,2025-09-24 16:49:30,283.99,102.4,75.3,Terminated,0,215.71,1.4,9.7,18.9,18.1,17.5,0.0,68.1,109.3,28420,-1.1,74.5,24.05,0,38.0,27.8,1,0,9.0,CNG04,Traffic Congestion,Medium,2025-09-24 15:54:30,34,Unconfirmed,Manual_Report,28.8,2.0,58.8,16.4,5459.0,Clear,No_Impact,Poor,24.23,5.71,75,0,Green,65.3,52.5,35.4,Good,5.05,97.0,Due_Soon,331,Healthy,Bearing_Overheat,Minor,16,Wednesday,9,Monsoon,False,False,Completed,2025-09-24 17:30:06,2025-09-24 17:33:30,0.0,34.3,Traffic,True,17.9
31588,Express 27,Express,Suburban,NCR,29.35875,89.299839,HWH,MGS,TDL,SEC-NCR-150,TRK-3,25.41,28.69,Down,2025-09-25 08:14:11,2025-09-25 08:24:11,18.49,168.6,507.4,9,2025-09-25 10:36:11,364.76,71.9,20.5,Halted_Signal,18,142.64,8.8,9.8,11.7,27.2,11.5,6.5,72.2,179.8,14669,8.4,43.7,32.74,1,0.76,5.3,0,0,36.0,NON00,No Delay Reported,No_Impact,,0,Not_Applicable,Not_Applicable,29.2,4.4,82.2,8.6,10000.0,Rain,No_Impact,Fair,35.4,4.41,30,0,Green,64.3,55.1,35.5,Needs_Inspection,4.61,38.3,In_Progress,268,Healthy,No_Failure,No_Failure,10,Thursday,9,Monsoon,False,False,Completed,2025-09-25 08:50:47,2025-09-25 08:49:47,0.0,16.1,No_Delay,True,10.7
23313,MEMU 1,MEMU,Long-Distance,ECoR,10.023588,85.091761,JHS,NGP,BPL,SEC-ECoR-694,TRK-3,66.95,72.79,Up,2025-09-25 12:04:38,2025-09-25 12:17:38,16.89,77.3,1177.7,4,2025-09-25 13:30:38,554.44,82.9,20.9,Running,0,623.26,-5.0,26.5,11.0,21.7,24.7,10.6,85.1,77.0,91854,6.8,53.3,12.03,2,48.59,28.7,1,1,53.1,TRK02,Track Maintenance,Medium,2025-09-25 12:12:38,51,Auto-Detected,Control_Office,20.2,0.3,58.8,10.5,4604.0,Clear,Low,Fair,32.02,3.46,0,0,Green,51.1,42.5,60.8,Good,6.61,75.4,Up_to_Date,11,Faulty,No_Failure,No_Failure,13,Thursday,9,Monsoon,False,False,Not_Started,,,451.7,2.1,Infrastructure,False,0.0
56399,Passenger 49,Passenger,Long-Distance,SER,16.278277,69.81285,ALD,BZA,ST,SEC-SER-731,TRK-2,45.59,110.75,Down,2025-09-25 16:50:01,2025-09-25 16:52:01,34.84,115.7,1790.8,12,2025-09-25 19:40:01,931.81,107.3,32.4,Running,0,858.99,-2.0,16.3,9.1,11.5,16.9,18.0,60.7,108.3,56188,36.3,113.5,20.89,1,8.42,42.0,1,1,25.7,ANI09,Animal / Obstruction on Track,Medium,2025-09-25 18:19:01,150,Confirmed,IoT_Sensor,35.6,0.7,57.7,0.4,4760.0,Rain,Low,Fair,40.84,6.17,0,0,Green,54.2,29.0,45.4,Fair,4.6,3.3,Due_Soon,84,Healthy,No_Failure,No_Failure,19,Thursday,9,Monsoon,False,True,Completed,2025-09-25 17:47:49,2025-09-25 17:50:25,0.0,25.4,Traffic,True,11.3
46826,Mail 20,Mail,Regional,SR,11.778139,93.010185,CNB,PNBE,TDL,SEC-SR-714,TRK-3,178.6,48.99,Down,2025-09-25 23:08:28,2025-09-25 23:14:28,20.75,168.3,1749.4,3,2025-09-25 23:11:28,428.01,75.5,45.9,Running,0,1321.39,23.7,6.8,17.8,12.6,15.9,13.5,63.0,166.6,99281,1.9,60.4,11.08,5,43.44,38.9,1,0,35.8,MEC06,Mechanical Failure,High,2025-09-25 23:11:28,43,Confirmed,Manual_Report,39.3,1.2,36.1,10.5,9466.0,Rain,No_Impact,Excellent,52.74,3.8,30,1,Green,59.6,42.2,73.0,Good,5.05,60.9,Up_to_Date,99,Healthy,No_Failure,No_Failure,23,Thursday,9,Monsoon,False,False,Completed,2025-09-26 00:20:04,2025-09-26 00:23:16,0.0,25.7,Mechanical,True,20.0
39323,Express 25,Express,Long-Distance,NWR,19.819841,90.990548,NGP,MAS,ST,SEC-NWR-451,TRK-2,67.49,101.09,Up,2025-09-26 01:25:40,2025-09-26 01:40:40,8.24,135.1,1184.5,1,2025-09-26 01:35:40,803.73,93.2,29.6,Halted_Signal,22,380.77,12.6,10.3,10.8,13.0,11.6,12.5,63.4,133.7,26312,13.7,57.3,29.89,5,41.12,13.3,1,0,27.4,SIG01,Signal Failure,High,2025-09-26 01:29:40,66,Unconfirmed,Manual_Report,21.2,2.0,42.1,20.0,6013.0,Storm,No_Impact,Excellent,44.21,3.73,60,0,Yellow,90.7,51.8,45.8,Excellent,4.98,82.4,Overdue,230,Offline,No_Failure,No_Failure,1,Friday,9,Monsoon,False,False,Completed,2025-09-26 01:49:46,2025-09-26 01:50:04,0.0,-5.5,No_Delay,False,0.0
47719,Rajdhani 29,Rajdhani,Long-Distance,SR,15.637281,96.126586,ADI,NDLS,BCT,SEC-SR-493,TRK-1,101.21,175.81,Up,2025-09-26 09:03:06,2025-09-26 09:21:06,28.0,91.2,2149.9,10,2025-09-26 11:35:06,1904.29,62.4,19.2,Stopped_at_Station,32,245.61,11.8,16.2,16.1,23.4,5.5,7.8,52.5,86.2,55454,15.4,78.6,19.35,0,22.14,39.9,1,0,26.8,WTH03,Adverse Weather,High,2025-09-26 10:31:06,83,Unconfirmed,ML_Inference,21.7,3.6,63.8,18.7,4940.0,Cloudy,Moderate,Poor,57.88,2.35,100,0,Red,69.0,79.5,62.6,Good,5.39,71.8,Up_to_Date,278,Degraded,No_Failure,No_Failure,11,Friday,9,Monsoon,False,False,In_Transit,2025-09-26 09:41:24,,241.9,19.1,Weather,True,11.5
57089,Freight 29,Freight,Long-Distance,NER,15.371301,70.710223,NDLS,TDL,JP,SEC-NER-379,TRK-2,139.66,49.73,Down,2025-09-26 18:33:31,2025-09-26 18:36:31,9.59,87.3,1259.2,2,2025-09-26 19:27:31,1085.12,83.3,40.4,Stopped_at_Station,29,174.08,9.6,29.3,19.7,0.0,6.8,9.6,64.3,87.5,43150,-3.5,67.3,0.96,2,25.72,31.8,1,1,38.4,TRK02,Track Maintenance,Medium,2025-09-26 17:46:31,40,Auto-Detected,Station_Master,30.1,0.0,30.0,1.3,6751.0,Cloudy,No_Impact,Good,49.94,1.61,30,0,Green,49.9,57.3,52.2,Fair,5.82,8.0,Due_Soon,127,Healthy,No_Failure,No_Failure,19,Friday,9,Monsoon,False,True,Completed,2025-09-26 19:39:13,2025-09-26 19:40:31,0.0,25.3,Infrastructure,True,13.1
18104,DEMU 37,DEMU,Suburban,ECR,25.80759,88.644916,GAYA,AGC,KOTA,SEC-ECR-439,TRK-3,64.23,174.06,Down,2025-09-27 23:19:58,2025-09-27 23:34:58,33.36,167.2,469.6,12,2025-09-28 00:50:58,427.76,63.5,11.0,Stopped_at_Station,9,41.84,17.5,24.4,2.7,18.0,7.3,0.1,54.6,173.9,31711,5.9,50.3,38.64,5,30.69,12.7,1,1,36.8,CNG04,Traffic Congestion,Medium,2025-09-27 23:43:58,54,Confirmed,Manual_Report,29.6,1.6,81.2,16.7,9864.0,Storm,Severe,Good,32.05,0.0,45,0,Green,56.5,83.0,51.6,Good,5.02,47.5,Up_to_Date,24,Healthy,No_Failure,No_Failure,0,Sunday,9,Monsoon,True,False,Completed,2025-09-27 23:40:28,2025-09-27 23:38:22,0.0,9.5,Traffic,False,0.0
